day,feed_accumulated,premium_accumulated,indemnity,stocking_compounded
0.0,0.0,0.0,9000.0,5000.0
0.9018036072144289,0.0030471827917592773,51.45999789843726,9052.080756937852,5000.617711857222
1.8036072144288577,0.008189802351260173,102.9341827599629,9104.177872539758,5001.235500028034
2.7054108216432864,0.016209105573752092,154.42255885370102,9156.29213251383,5001.8533645218595
3.6072144288577155,0.02800372329494606,205.92513057622924,9208.424439647486,5002.471305348132
4.509018036072145,0.04458732150370549,257.4419024690609,9260.575812053226,5003.089322516277
5.410821643286573,0.06708638793097116,308.9728792358644,9312.74738151287,5003.707416035731
6.312625250501002,0.09673816165624761,360.5180657593386,9364.940389995578,5004.325585915923
7.214428857715431,0.13488871264419688,412.07746711762576,9417.156188063344,5004.943832166287
8.11623246492986,0.1829911774535972,463.6510886006478,9469.396234415493,5005.56215479626
9.01803607214429,0.24260415674765506,515.2389357261864,9521.662093262526,5006.180553815277
9.919839679358718,0.3153902796768469,566.841014255725,9573.955433569025,5006.799029232776
10.821643286573146,0.40311493970133744,618.4573302099907,9626.278026377095,5007.417581058194
11.723446893787575,0.5076452059678445,670.0878898843391,9678.631744546647,5008.036209300971
12.625250501002004,0.6309489139536506,721.7326998640623,9731.018562740875,5008.6549139705485
13.527054108216433,0.7750939387364927,773.3917670396287,9783.44055609894,5009.273695076367
14.428857715430862,0.942247653941254,825.0650986217224,9835.899898922076,5009.892552627873
15.330661322645291,1.1346765791509,876.7527021563,9888.398865173365,5010.511486634507
16.23246492985972,1.3547462183480146,928.4545855394498,9940.93982836447,5011.130497105716
17.13426853707415,1.6049210917726513,980.1707570324647,9993.52526155563,5011.749584050947
18.03607214428858,1.8877649634401834,1031.901225276961,10046.157737355674,5012.368747479647
18.937875751503007,2.205941266457793,1083.6459993097376,10098.839927924031,5012.987987401265
19.839679358717436,2.5622137282080457,1135.4050885781055,10151.574610039297,5013.6073038252525
20.741482965931862,2.959447197431448,1187.1785029552925,10204.364655830293,5014.226696761059
21.64328657314629,3.4006086752348836,1238.966252754846,10257.21303718621,5014.846166218138
22.54509018036072,3.88876855207838,1290.7683487462973,10310.122834478054,5015.4657122059425
23.44689378757515,4.42710205284673,1342.5848021717961,10363.09723655866,5016.085334733927
24.34869739478958,5.018890892194144,1394.415624761832,10416.139540762677,5016.705033811548
25.250501002004007,5.667525142457947,1446.2608287536352,10469.253152906575,5017.324809448263
26.152304609218437,6.37650531656996,1498.1204269041418,10522.441587288647,5017.944661653531
27.054108216432866,7.1494446685509105,1549.9944325085169,10575.70846668901,5018.564590436809
27.955911823647295,7.990071714352267,1601.882859418269,10629.057529308206,5019.18459580756
28.857715430861724,8.902232976011746,1653.7857220572373,10682.492641274668,5019.804677775245
29.759519038076153,9.889895952310097,1705.7030354387894,10736.017776951574,5020.424836349325
30.661322645290582,10.957152319360352,1757.6348151875602,10789.637042557699,5021.045071539267
31.56312625250501,12.108221364821993,1809.5810775542793,10843.354677801346,5021.665383354535
32.46492985971944,13.34745365971415,1861.541839444622,10897.175055880349,5022.285771804596
33.366733466933866,14.679334972101342,1913.5171184299097,10951.102683482075,5022.906236898917
34.2685370741483,16.10849042724326,1965.5069327686242,11005.142200783415,5023.5267786469685
35.170340681362724,17.63968891913516,2017.5113014320252,11059.298393652485,5024.147397058217
36.07214428857716,19.277847778718932,2069.5302441289296,11113.576206876865,5024.768092142138
36.97394789579158,21.02803770441446,2121.5637813177336,11167.980711998758,5025.3888639082
37.875751503006015,22.89548796100926,2173.6119342355637,11222.517153992801,5026.009712365879
38.77755511022044,24.88559185334768,2225.674724926117,11277.19095397022,5026.630637524648
39.67935871743487,27.00391248168429,2277.752176259328,11332.007709178837,5027.251639393984
40.5811623246493,29.25618878600318,2329.844311972531,11386.97319300307,5027.872717983362
41.482965931863724,31.6483418870639,2381.951156680352,11442.093354963927,5028.493873302265
42.38476953907816,34.18648173240589,2434.072735902432,11497.374320719015,5029.115105360167
43.28657314629258,36.87691405603831,2486.209076098651,11552.822412276551,5029.73641416655
44.188376753507015,39.72614766105134,2538.3602047039026,11608.444181464376,5030.357799730898
45.09018036072144,42.740902034913915,2590.526150163052,11664.246350466623,5030.979262062691
45.99198396793587,45.92811530777348,2642.7069419320214,11720.235880404605,5031.600801171416
46.8937875751503,49.29495256463931,2694.9026105554785,11776.419975989522,5032.222417066555
47.79559118236473,52.848814522922886,2747.1131876688105,11832.806085522445,5032.844109757596
48.69739478957916,56.5973465874161,2799.3387060454734,11889.401900894327,5033.465879254027
49.59919839679359,60.54844829542324,2851.5791996449334,11946.215357586003,5034.087725565335
50.501002004008015,64.7102831654138,2903.8347036664445,12003.25463466819,5034.709648701011
51.40280561122245,69.09128896324614,2956.1052545302723,12060.528214995033,5035.331648670547
52.30460921843687,73.70018840071045,3008.3908899594053,12118.044857195595,5035.953725483434
53.206412825651306,78.54600028187002,3060.6916490275144,12175.813584306112,5036.575879149165
54.10821643286573,83.63805111343527,3113.0075721769613,12233.843760501868,5037.198109677237
55.01002004008016,88.98598719618424,3165.3387013276547,12292.145091127935,5037.820417077142
55.91182364729459,94.59978721525823,3217.6850798781497,12350.727622699163,5038.442801358379
56.813627254509015,100.48977534799818,3270.046752738371,12409.601742900188,5039.065262530447
57.71543086172345,106.6666349088624,3322.4237664184507,12468.778180585428,5039.687800602845
58.61723446893787,113.14142255187026,3374.8161690917814,12528.268006340775,5040.310415585072
59.519038076152306,119.92558305195224,3427.224010644279,12588.082735657415,5040.93310748663
60.42084168336673,127.0309646875652,3479.647342684285,12648.23425405836,5041.555876317022
61.322645290581164,134.46983524793814,3532.0862186714694,12708.734842489035,5042.178722085753
62.22444889779559,142.254898689366,3584.540693950581,12769.59726194449,5042.801644802327
63.12625250501002,150.39931246605423,3637.010825799166,12830.834753469395,5043.424644476251
64.02805611222445,158.91670556215482,3689.496673575581,12892.46103815805,5044.047721117031
64.92985971943888,167.82119725280054,3741.9982987445337,12954.490317154372,5044.670874734178
65.83166332665331,177.12741662317043,3794.5157649099433,13016.937271651908,5045.294105337201
66.73346693386773,186.8505228758857,3847.049137925461,13079.817081059766,5045.917412935609
67.63527054108216,197.00622645835088,3899.598485993216,13143.14557436308,5046.540797538916
68.5370741482966,207.6108110430236,3952.163879781094,13206.939046480398,5047.164259156637
69.43887775551102,218.68115639502076,4004.7453924384154,13271.214417528341,5047.7877977982835
70.34068136272545,230.2347621629438,4057.3430996862726,13335.989279921181,5048.411413473373
71.24248496993988,242.28977263034415,4109.957079939148,13401.28189837084,5049.035106191421
72.14428857715431,254.86500246684372,4162.587414482594,13467.1112098869,5049.658875961946
73.04609218436873,267.979963519594,4215.234187498311,13533.496823776584,5050.282722794469
73.94789579158316,281.6548926874676,4267.897486097709,13600.459021644772,5050.90664669851
74.8496993987976,295.9107809221892,4320.57740056645,13668.018867953358,5051.530647683588
75.75150300601203,310.7694034024589,4373.274024407826,13736.19825734513,5052.154725759228
76.65330661322645,326.25335092907926,4425.987454446671,13805.019792937821,5052.778880934953
77.55511022044088,342.38606259110117,4478.717791128907,13874.507009144598,5053.403113220288
78.45691382765531,359.1918597551001,4531.465138390695,13944.684375665785,5054.027422624762
79.35871743486975,376.6959814318881,4584.229603944392,14015.577297488879,5054.651809157898
80.26052104208416,394.92462107721457,4637.011299473531,14087.212114888533,5055.276272829229
81.1623246492986,413.9049648853827,4689.810340731768,14159.616103426566,5055.900813648282
82.06412825651303,433.66523163714805,4742.626847568814,14232.817534271086,5056.525431624589
82.96593186372745,454.23471416581657,4795.4609441926505,14306.845894100403,5057.150126767681
83.86773547094188,475.6438225081099,4848.3127592715655,14381.731612968548,5057.774899087094
84.76953907815631,497.9241288091191,4901.1824263606695,14457.506369779749,5058.39974859236
85.67134268537075,521.1084140535203,4954.070083689331,14534.203132593648,5059.024675293016
86.57314629258516,545.2307166982248,5006.975874596608,14611.856158625293,5059.649679198598
87.4749498997996,570.3263832846949,5059.899947579141,14690.500994245149,5060.274760318646
88.37675350701403,596.4321211124015,5112.8424567447355,14770.174474979074,5060.899918662697
89.27855711422846,623.5860530582219,5165.80356189371,14850.91479518095,5061.525154240292
90.18036072144288,651.8277746300472,5218.78342868755,14932.76179626853,5062.150467060973
91.08216432865731,681.1984133464879,5271.782228903077,15015.75664600048,5062.775857134283
91.98396793587175,711.7406905382952,5324.800140700348,15099.942216922824,5063.401324469766
92.88577154308618,743.498985671013,5377.837348788669,15185.363140634998,5064.026869076967
93.7875751503006,776.519403292431,5430.894044572762,15272.065807789839,5064.652490965433
94.68937875751503,810.849842712581,5483.970426803006,15360.098368093597,5065.278190144709
95.59118236472946,846.5400705283978,5537.066701459312,15449.510730305921,5065.903966624345
96.49298597194388,883.6417961096878,5590.183082202293,15540.354763331086,5066.5298204138935
97.39478957915831,922.2087501677388,5643.319790623771,15632.68445421675,5067.1557515229015
98.29659318637275,962.2967665327816,5696.477056700217,15726.555719026092,5067.781759960924
99.19839679358718,1003.9638672715823,5749.655119166993,15822.02683827951,5068.4078457375135
100.1002004008016,1047.2703512816852,5802.854225736818,15919.158466515948,5069.034008862224
101.00200400801603,1092.2788865042803,5856.074633354845,16018.013632292881,5069.660249344613
101.90380761523046,1139.0546059032956,5909.316608574794,16118.657738186328,5070.286567194235
102.8056112224449,1187.6652073642088,5962.580427939984,16221.158618017776,5070.91296242065
103.70741482965931,1238.1810576721066,6015.866378660199,16325.587021190508,5071.539435033416
104.60921843687375,1290.675300734844,6069.174758501177,16432.016216240158,5072.165985042096
105.51102204408818,1345.2239702236436,6122.505876340135,16540.52250843338,5072.792612456248
106.41282565130261,1401.9061068102737,6175.860053320241,16651.185371099567,5073.419317285438
107.31462925851703,1460.8038801868997,6229.237622726439,16764.087445630867,5074.046099539228
108.21643286573146,1522.0027160619834,6282.638930542623,16879.31454148218,5074.672959227184
109.1182364729459,1585.5914283330599,6336.064335905883,16996.955671119613,5075.2998963588725
110.02004008016031,1651.6623566450567,6389.514211415521,17117.10363321375,5075.926910943862
110.92184368737475,1720.3115095507562,6442.988944308335,17239.85464233536,5076.554002991719
111.82364729458918,1791.6387134983875,6496.488936136628,17365.308870196925,5077.181172512015
112.72545090180361,1865.7477678798616,6550.0146039549445,17493.570668232365,5077.808419514321
113.62725450901803,1942.7466063820832,6603.566381130895,17624.748567597027,5078.435744008209
114.52905811623246,2022.7474648928794,6657.144717621473,17758.955279167698,5079.063146003253
115.4308617234469,2105.867056222609,6710.75008085024,17896.307798887177,5079.690625509028
116.33266533066133,2192.2267519122497,6764.382956189175,18036.92807982028,5080.318182535108
117.23446893787575,2281.95277140885,6818.04384770909,18180.942605939505,5080.945817091071
118.13627254509018,2375.176378899629,6871.7332788437925,18328.483173498153,5081.573529186496
119.03807615230461,2472.0340881067236,6925.451793370377,18479.68703130093,5082.201318830962
119.93987975951904,2572.6678753556134,6979.199955828435,18634.69688070393,5082.829186034049
120.84168336673346,2677.2254012416474,7032.978352880147,18793.66087561463,5083.45713080534
121.7434869739479,2785.860241230788,7086.787594476781,18956.7331156431,5084.085153154416
122.64529058116233,2898.732125542668,7140.628314194095,19124.07390960232,5084.713253090863
123.54709418837675,3016.0071886765586,7194.501169832868,19295.849866381817,5085.341430624266
124.44889779559118,3137.858228953395,7248.406844986863,19472.234626882517,5085.969685764211
125.35070140280561,3264.464978460206,7302.346049684188,19653.408866950896,5086.598018520285
126.25250501002004,3396.014383796526,7356.319521887485,19839.560297378994,5087.2264289020795
127.15430861723446,3532.7008980362384,7410.328028488923,20030.88392339211,5087.854916919181
128.0561122244489,3674.726784332216,7464.372366730403,20227.582860633698,5088.483482581184
128.9579158316633,3822.302431605572,7518.4533648237175,20429.86804205853,5089.112125897678
129.85971943887776,3975.6466827760464,7572.57188317995,20637.959299097893,5089.740846878259
130.76152304609218,4134.987176004931,7626.728816610675,20852.085443471646,5090.369645532521
131.66332665330663,4300.560699437503,7680.925094261543,21072.484267188258,5090.99852187006
132.56513026052104,4472.61355994715,7735.161681815558,21299.40279598786,5091.627475900473
133.46693386773546,4651.40196639973,7789.439584020377,21533.098295304175,5092.2565076333585
134.3687374749499,4837.192427972364,7843.7598448416165,21773.838002467233,5092.885617078316
135.27054108216433,5030.262168077607,7898.1235490868385,22021.900384398657,5093.5148042449455
136.17234468937875,5230.899554460318,7952.531824277986,22277.57525477656,5094.14406914285
137.0741482965932,5439.404546051518,8006.985842891993,22541.163774035544,5094.773411781633
137.9759519038076,5656.089157180258,8061.486822879129,22812.9789410481,5095.4028321708965
138.87775551102203,5881.2779397618815,8116.036030775621,23093.346543010408,5096.032330320249
139.77955911823648,6115.308484098038,8170.634783464033,23382.60521618637,5096.661906239295
140.6813627254509,6358.531938941201,8225.284449960618,23681.107753755085,5097.291559937642
141.58316633266534,6611.313551493602,8279.986453165333,23989.221146011456,5097.921291424902
142.48496993987976,6874.033228027771,8334.7422729988,24307.326600525004,5098.5511007106825
143.38677354709418,7147.086115833161,8389.553447746548,24635.820776092714,5099.180987804596
144.28857715430863,7430.883207209922,8444.421576781786,24975.11592871094,5099.810952716255
145.19038076152304,7725.851966248136,8499.34832261944,25325.641189235477,5100.440995455272
146.09218436873746,8032.4369791470535,8554.335413927472,25687.843286701955,5101.071116031264
146.9939879759519,8351.100628844855,8609.38464797366,26062.186548325775,5101.701314453846
147.89579158316633,8682.323794745493,8664.497892156416,26449.15341222209,5102.331590732636
148.79759519038078,9026.606578343995,8719.67708933292,26849.245872492866,5102.961944877251
149.6993987975952,9384.469055565834,8774.924259881036,27262.985703818587,5103.592376897313
150.6012024048096,9756.452056650383,8830.24150493971,27690.916218242503,5104.222886802442
151.50300601202406,10143.11797442034,8885.631008579121,28133.602347761946,5104.853474602259
152.40480961923848,10545.051601791298,8941.095041252082,28591.630845476993,5105.484140306389
153.3066132264529,10962.86099938629,8996.635963154073,29065.612126711436,5106.114883924455
154.20841683366734,11397.178394128794,9052.256228810524,29556.18041326935,5106.745705466084
155.11022044088176,11848.661109696113,9107.95839006036,30063.995885911634,5107.376604940902
156.01202404809618,12317.992529720863,9163.745101757548,30589.745059602734,5108.007582358537
156.91382765531063,12805.883094632101,9219.61912393109,31134.14088575737,5108.638637728619
157.81563126252505,13313.071333030603,9275.583324765734,31697.92471868579,5109.269771060777
158.7174348697395,13840.324928491922,9331.640686894154,32281.86671685106,5109.900982364644
159.6192384769539,14388.441822688415,9387.794311391823,32886.76818672479,5110.532271649852
160.52104208416833,14958.251355716098,9444.047422708036,33513.46224704014,5111.163638926037
161.42284569138278,15550.61544450334,9500.403373914094,34162.813931520424,5111.79508420283
162.3246492985972,16166.429800166794,9556.86565079033,34835.72236506022,5112.4266074898715
163.2264529058116,16806.62518516435,9613.437876317023,35533.1213824148,5113.058208796798
164.12825651302606,17472.168711075297,9670.123817959739,36255.982175802834,5113.689888133247
165.03006012024048,18164.06517781408,9726.927392922797,37005.31405917242,5114.32164550886
165.9318637274549,18883.35845505591,9783.852671767669,37782.16466947898,5114.953480933275
166.83366733466934,19631.132906618215,9840.903887282346,38587.62251800418,5115.585394416139
167.73547094188376,20408.514858503484,9898.085440123541,39422.81774486057,5116.217385967092
168.6372745490982,21216.674111264238,9955.401903686252,40288.92519186656,5116.849455595781
169.53907815631263,22056.825497298778,10012.858032043705,41187.16502249682,5117.4816033118495
170.44088176352705,22930.230483629864,10070.458766642108,42118.80322064713,5118.113829124947
171.3426853707415,23838.1988206513,10128.209243769314,43085.15453444525,5118.746133044721
172.2444889779559,24782.090237256223,10186.11480153938,44087.58351503529,5119.37851508082
173.14629258517033,25763.316182678398,10244.180988291162,45127.50784321838,5120.010975242896
174.04809619238478,26783.341615287816,10302.413570442108,46206.39865540276,5120.6435135406
174.9498997995992,27843.686838482714,10360.818537395446,47325.7817647397,5121.276129983585
175.85170340681364,28945.929383710805,10419.402115090259,48487.240615828945,5121.9088245815055
176.75350701402806,30091.70594053131,10478.17077271986,49692.41813831641,5122.541597344018
177.65531062124248,31282.71433350013,10537.131233267482,50943.01974091534,5123.174448280777
178.55711422845692,32520.715545515613,10596.290481913025,52240.81339816229,5123.807377401443
179.45891783567134,33807.53578710866,10655.655772267857,53587.632318476346,5124.440384715672
180.36072144288576,35145.068610992115,10715.234639008635,54985.37689200754,5125.073470233126
181.2625250501002,36535.27707100264,10775.034911383786,56436.01831469931,5125.706633963466
182.16432865731463,37980.195924372114,10835.064719619799,57941.60034204993,5126.339875916356
183.06613226452905,39481.933876056064,10895.332508375102,59504.23970557859,5126.973196101458
183.9679358717435,41042.675863619195,10955.847047700867,61126.12992353783,5127.606594528436
184.8697394789579,42664.68538093627,11016.61744381131,62809.54288219983,5128.24007120696
185.77154308617236,44350.30683871104,11077.653151821109,64556.83325848113,5128.873626146694
186.67334669338678,46101.967959535614,11138.96398989345,66370.4391588717,5129.507259357308
187.5751503006012,47922.18220492554,11200.560146396898,68252.88364109161,5130.140970848472
188.47695390781564,49813.55123145228,11262.452198371559,70206.77854187237,5130.774760629854
189.37875751503006,51778.76737276709,11324.65112427331,72234.82691460659,5131.408628711131
190.28056112224448,53820.61614396604,11387.168317958227,74339.82672284544,5132.042575101974
191.18236472945893,55941.978764377454,11450.01560309198,76524.67096932526,5132.676599812056
192.08416833667334,58145.83469447335,11513.205242976477,78792.35109550784,5133.310702851055
192.98597194388776,60435.26418220331,11576.749962005908,81145.9592244726,5133.944884228647
193.8877755511022,62813.450813629715,11640.662957388411,83588.69256380173,5134.579143954511
194.78957915831663,65283.68406230557,11704.957920517909,86123.85526723358,5135.213482038324
195.69138276553107,67849.36183138481,11769.64904928581,88754.85892415585,5135.84789848977
196.5931863727455,70513.9929819782,11834.751056630423,91485.22692428347,5136.482393318529
197.4949899799599,73281.19984078883,11900.279201851143,94318.59604159479,5137.116966534282
198.39679358717436,76154.72067955347,11966.249301532604,97258.72119935542,5137.751618146716
199.29859719438878,79138.41215830811,12032.67774688977,100309.47616068,5138.386348165515
200.2004008016032,82236.25172396755,12099.581520647587,103474.85467476644,5139.021156600366
201.10220440881764,85452.33995517499,12166.978219170815,106758.97468278081,5139.656043460957
202.00400801603206,88790.90284383616,12234.886068506406,110166.07985875069,5140.291008756975
202.9058116232465,92256.29400320885,12303.323945278496,113700.54361642843,5140.926052498113
203.80761523046093,95852.996791863,12372.311395386734,117366.8693107925,5141.56117469406
204.70941883767534,99585.62634228982,12441.868652085137,121169.69165424943,5142.196375354509
205.6112224448898,103458.93148238704,12512.01666008016,125113.78021679325,5142.831654489154
206.5130260521042,107477.79653752006,12582.777091125481,129204.04061057717,5143.46701210769
207.41482965931863,111647.24300033775,12654.17237088761,133445.51749426773,5144.102448219813
208.31663326653307,115972.43105496676,12726.225696526444,137843.3946448459,5144.73796283522
209.2184368737475,120458.6609421276,12798.961054435991,142402.99566699684,5145.37355596361
210.1202404809619,125111.37414987966,12872.403247457427,147129.7868934776,5146.009227614682
211.02204408817636,129936.15441705224,12946.577911951696,152029.37743569497,5146.644977798137
211.92384769539078,134938.72853257915,13021.511542062108,157107.52081474545,5147.280806523678
212.82565130260522,140124.96691640053,13097.231513492015,162370.11506831401,5147.916713801007
213.72745490981964,145500.8839659204,13173.766099040793,167823.20269990174,5148.552699639829
214.62925851703406,151072.63815220253,13251.144495005175,173472.96947489548,5149.18876404985
215.5310621242485,156846.53184987753,13329.396842065078,179325.75032224314,5149.824907040777
216.43286573146293,162829.0108846636,13408.554250126395,185388.0240912434,5150.461128622318
217.33466933867734,169026.6637824177,13488.648815264269,191666.41082341812,5151.097428804181
218.2364729458918,175446.2207037234,13569.71364366962,198167.6717525119,5151.733807596077
219.1382765531062,182094.55204822766,13651.782873655386,204898.70930449167,5152.370265007719
220.04008016032063,188978.66671323936,13734.891691541274,211866.56709754735,5153.0068010488185
220.94188376753507,196105.7099915148,13819.076360988782,219078.42985110413,5153.64341572909
221.8436873747495,203482.9610936948,13904.374239265053,226541.61457664106,5154.280109058249
222.74549098196394,211117.8302815195,13990.823797803438,234263.5704053397,5154.916881046012
223.64729458917836,219017.85559873548,14078.46465065923,242251.87471492958,5155.553731702097
224.54909819639278,227190.69918754947,14167.337550287246,250514.22830579052,5156.19066103622
225.45090180360722,235644.14317954515,14257.48442091758,259058.455378889,5156.827669058106
226.35270541082164,244386.08515120894,14348.948396194795,267892.4956582054,5157.464755777472
227.25450901803606,253424.53313556607,14441.773796390402,277024.4056087783,5158.101921204044
228.1563126252505,262767.6001829493,14536.00617579076,286462.3455898888,5158.739165347542
229.05811623246493,272423.4984655823,14631.6923281085,296214.57037887286,5159.376488217693
229.95991983967937,282400.532922474,14728.880295771716,306289.4291711242,5160.013889824223
230.8617234468938,292707.0944430599,14827.61940141199,316695.36522956827,5160.651370176859
231.7635270541082,303351.652590142,14927.960240349687,327440.8993522855,5161.288929285329
232.66533066132266,314342.7478648741,15029.954695052493,338534.6275212942,5161.926567159364
233.56713426853707,325688.9835188961,15133.655955321537,349985.2052981445,5162.564283808694
234.4689378757515,337399.01692119497,15239.118520098764,361801.33962785674,5163.202079243051
235.37074148296594,349481.5504897812,15346.398215942596,373991.7888389204,5163.8399534721675
236.27254509018036,361945.3222009578,15455.552198384867,386565.3494219619,5164.477906505781
237.17434869739478,374799.0956916306,15566.638941086123,399530.8474964338,5165.115938353624
238.07615230460922,388051.64997287357,15679.718256288794,412897.1233021908,5165.754049025434
238.97795591182364,401711.76877574786,15794.851297857243,426673.0155248503,5166.392238530951
239.8797595190381,415788.2295531566,15912.100548334456,440867.3612957767,5167.030506879912
240.7815631262525,430289.7921642818,16031.529841124513,455488.9891052285,5167.668854082058
241.68336673346693,445225.1872708825,16153.204330785913,470546.6955012491,5168.307280147132
242.58517034068137,460603.1044773822,16277.190495736577,486049.2408094018,5168.945785084875
243.4869739478958,476432.1802492311,16403.556142934183,502005.323755673,5169.584368905033
244.3887775551102,492720.98564647365,16532.370382789442,518423.5801076914,5170.223031617352
245.29058116232466,509478.0139117114,16663.703629942098,535312.5779509282,5170.861773231574
246.19238476953907,526711.6679537764,16797.62759330924,552680.7923195139,5171.500593757452
247.0941883767535,544430.2477703235,16934.215256634663,570536.6017761027,5172.1394932047315
247.99599198396794,562641.9378541919,17073.540856795185,588888.2601632703,5172.778471583165
248.89779559118236,581354.794629831,17215.67988678721,607743.893745873,5173.4175289025015
249.7995991983968,600576.7339671934,17360.709045999545,627111.4990881602,5174.056665172495
250.70140280561122,620315.5188213246,17508.706235486687,646998.9173113168,5174.6958804029
251.60320641282564,640578.7470464278,17659.750524476767,667413.8311311417,5175.33517460347
252.5050100200401,661373.839433316,17813.922136358855,688363.7384726495,5175.974547783961
253.4068136272545,682708.0280190593,17971.30244618449,709855.9466909756,5176.61399995413
254.30861723446893,704588.3447170941,18131.973910608176,731897.5722130267,5177.253531123738
255.21042084168337,727021.6103151947,18296.02001925953,754495.5204394078,5177.893141302543
256.1122244488978,750014.4238875333,18463.525324823604,777656.4794856579,5178.532830500307
257.01402805611224,773573.152665434,18634.575359335107,801386.9017520766,5179.17259872679
257.9158316633266,797703.9224095487,18809.25662107746,825692.9940559625,5179.812445991757
258.8176352705411,822412.6083239589,18987.656541449607,850580.7176316226,5180.452372304973
259.7194388777555,847704.8265500626,19169.86344718044,876055.7809331594,5181.092377676204
260.6212424849699,873585.926275591,19355.96650818602,902123.6224384977,5181.732462115217
261.52304609218436,900060.9824900614,19546.05569506468,928789.4099907674,5182.372625631777
262.4248496993988,927134.7894163154,19740.221734977873,956058.0256771012,5183.012868235657
263.32665330661325,954811.8546421699,19938.556096775188,983934.0653636698,5183.653189936626
264.22845691382764,983096.3939740364,20141.15092632181,1.0124218386160372e6,5184.293590744458
265.1302605210421,1.0119923270297329e6,20348.0990093312,1.0415253592929345e6,5184.934070668924
266.03206412825654,1.0415032735838278e6,20559.493719383237,1.07124834072994e6,5185.574629719798
266.9338677354709,1.071632550674844e6,20775.428971925445,1.1015941942804637e6,5186.215267906856
267.8356713426854,1.1023831704794837e6,20995.99918406167,1.132566025715137e6,5186.855985239877
268.7374749498998,1.1337578389548687e6,21221.29923558099,1.1641666352218038e6,5187.496781728634
269.6392785571142,1.1657589552458446e6,21451.424432043077,1.1963985174055218e6,5188.137657382909
270.54108216432866,1.1983886118502563e6,21686.470416016145,1.2292638689016912e6,5188.778612212484
271.4428857715431,1.2316485955312904e6,21926.533151312015,1.262764570905286e6,5189.419646227138
272.3446893787575,1.2655403889622418e6,22171.708865209064,1.296902186259086e6,5190.060759436655
273.24649298597194,1.300065173085447e6,22422.094043179626,1.3316779877521074e6,5190.701951850817
274.1482965931864,1.335223830163786e6,22677.78531738041,1.3670929584351103e6,5191.34322347941
275.0501002004008,1.3710169475000307e6,22938.879486697642,1.403147791620604e6,5191.984574332222
275.9519038076152,1.4074448217964151e6,23205.47343121289,1.4398428908828562e6,5192.6260044190385
276.85370741482967,1.4445074641241515e6,23477.664079120143,1.477178370057874e6,5193.26751374965
277.75551102204406,1.4822046054703458e6,23755.54836182631,1.5151540532434164e6,5193.909102333844
278.6573146292585,1.520535702827697e6,24039.22316983091,1.5537694756908698e6,5194.550770181414
279.55911823647295,1.5594999457905558e6,24328.7853432922,1.5930239245282908e6,5195.192517302152
280.4609218436874,1.59909626361961e6,24624.33159558796,1.6329164295961682e6,5195.834343705851
281.3627254509018,1.639323332736225e6,24925.958467089087,1.6734457649711324e6,5196.476249402305
282.26452905811624,1.6801795846066966e6,25233.76233421799,1.714610462594505e6,5197.118234401312
283.1663326653307,1.7216632139760968e6,25547.839329691058,1.7564088126419464e6,5197.760298712668
284.0681362725451,1.7637721874112308e6,25868.28532290567,1.7988388829789145e6,5198.4024423461715
284.9699398797595,1.8065042521121707e6,26195.195914534645,1.8418985048200944e6,5199.044665311623
285.87174348697397,1.849856944952146e6,26528.666369758823,1.8855853036545687e6,5199.686967618822
286.77354709418836,1.8938276017061821e6,26868.791551122897,1.9298967166689e6,5200.32934927757
287.6753507014028,1.9384133664295713e6,27215.66595510138,1.9748299927471383e6,5200.971810297673
288.57715430861725,1.9836112009482677e6,27569.38366589606,2.0203821924708043e6,5201.614350688935
289.47895791583164,2.0294178944244876e6,27930.038332689357,2.066550188643029e6,5202.256970461159
290.3807615230461,2.0758300729651926e6,28297.723138803638,2.1133306999603948e6,5202.899669624154
291.28256513026054,2.122844209218335e6,28672.530773361606,2.1607202875959235e6,5203.542448187728
292.1843687374749,2.1704566319881766e6,29054.553407819567,2.2087153702734895e6,5204.185306161689
293.0861723446894,2.2186635357332956e6,29443.882664821274,2.257312240766315e6,5204.828243555849
293.9879759519038,2.267460990024379e6,29840.609589616248,2.306507065896949e6,5205.47126038002
294.8897795591182,2.3168449488715515e6,30244.824652109743,2.3562958865566524e6,5206.114356644015
295.79158316633266,2.366811259917492e6,30656.617771401656,2.406674640475401e6,5206.757532357647
296.6933867735471,2.4173556734703616e6,31076.078262359715,2.4576391620559576e6,5207.400787530731
297.59519038076155,2.4684738513557063e6,31503.29481675525,2.509185194958312e6,5208.044122173084
298.49699398797594,2.520161375568305e6,31938.35547888205,2.561308414283707e6,5208.687536294527
299.3987975951904,2.5724137567070294e6,32381.34764617366,2.6140044265746507e6,5209.3310299048735
300.30060120240483,2.6252264421775793e6,32832.35805692301,2.6672687698148917e6,5209.974603013949
301.2024048096192,2.678594824150027e6,33291.472754634495,2.721096914184242e6,5210.618255631571
302.10420841683367,2.7325142472597663e6,33758.77713711508,2.7754842914197287e6,5211.261987767563
303.0060120240481,2.786980016042308e6,34234.35597317021,2.830426285226729e6,5211.905799431752
303.9078156312625,2.8419874020941015e6,34718.29320599441,2.8859182476969375e6,5212.5496906339595
304.80961923847696,2.8975316509531434e6,35210.67229866734,2.9419555125482143e6,5213.1936613840135
305.7114228456914,2.953607988694648e6,35711.575873517184,2.998533395124565e6,5213.837711691741
306.6132264529058,3.010211628238613e6,36221.08588823772,3.0556471923961495e6,5214.481841566971
307.51503006012024,3.0673377753674216e6,36739.283604820565,3.113292184486748e6,5215.126051019532
308.4168336673347,3.1249816344528217e6,37266.249569741805,3.171463659745829e6,5215.770340059258
309.3186372745491,3.1831384138930207e6,37802.06365318729,3.2301569001697465e6,5216.414708695979
310.2204408817635,3.241803331261516e6,38346.80503897628,3.289367199483039e6,5217.05915693953
311.12224448897797,3.300971618170371e6,38900.55218766933,3.3490898712923634e6,5217.703684799745
312.02404809619236,3.3606385248515937e6,39463.38286589153,3.4093202490865057e6,5218.348292286461
312.9258517034068,3.4207993244610494e6,40035.37413629624,3.470053686236391e6,5218.992979409513
313.82765531062125,3.4814493171100453e6,40616.60241130906,3.5312855559950634e6,5219.637746178742
314.72945891783564,3.542583833630469e6,41207.143412360645,3.5930112612680607e6,5220.282592603988
315.6312625250501,3.60419823907989e6,41807.072195522094,3.6552262446021247e6,5220.927518695089
316.53306613226454,3.6662879359934363e6,42416.46313071401,3.7179259775434234e6,5221.572524461888
317.434869739479,3.7288483673899136e6,43035.38990646988,3.7811059768622303e6,5222.217609914231
318.3366733466934,3.791875019539694e6,43663.92553792995,3.8447618048753133e6,5222.86277506196
319.2384769539078,3.855363424502502e6,44302.14241743978,3.9088890694459514e6,5223.50801991492
320.14028056112227,3.9193091624431056e6,44950.1122570463,3.9734834239839073e6,5224.15334448296
321.04208416833666,3.9837078637334877e6,45607.90612550758,4.038540567445442e6,5224.798748775927
321.9438877755511,4.048555210849844e6,46275.59447905388,4.1040562500453815e6,5225.444232803672
322.84569138276555,4.1138469400730026e6,46953.24717278453,4.170026280325678e6,5226.089796576044
323.74749498997994,4.1795788430009107e6,47640.93342467611,4.236446516113393e6,5226.735440102895
324.6492985971944,4.2457467678817175e6,48338.72184802758,4.3033128737439765e6,5227.38116339408
325.55110220440883,4.31234662077598e6,49046.680448880084,4.370621328318222e6,5228.026966459451
326.4529058116232,4.379374366556477e6,49764.87662353539,4.438367913702275e6,5228.672849308863
327.3547094188377,4.446826029753981e6,50493.37717620243,4.506548722527651e6,5229.318811952175
328.2565130260521,4.514697695257114e6,51232.24836385493,4.575159906191204e6,5229.9648543992425
329.1583166332665,4.582985508874429e6,51981.55587869898,4.644197674855144e6,5230.6109766599275
330.06012024048096,4.651685677766568e6,52741.36484973873,4.713658298518276e6,5231.257178744088
330.9619238476954,4.720794470756089e6,53511.739845633194,4.783538111582536e6,5231.903460661587
331.8637274549098,4.79030821852253e6,54292.74491768447,4.853833510041081e6,5232.5498224222865
332.76553106212424,4.8602233136899285e6,55084.4435843721,4.924540950668124e6,5233.196264036051
333.6673346693387,4.930536210813739e6,55886.89883781792,4.995656951048194e6,5233.842785512745
334.56913827655313,5.001243426274029e6,56700.17315548826,5.067178089576159e6,5234.489386862235
335.4709418837675,5.072341538081405e6,57524.328519625604,5.139101005457214e6,5235.136068094389
336.37274549098197,5.143827185602021e6,58359.42641364667,5.211422398706894e6,5235.782829219077
337.2745490981964,5.21569706920761e6,59205.5278472804,5.284139030151068e6,5236.429670246168
338.1763527054108,5.287947949856425e6,60062.6933563456,5.357247721425917e6,5237.076591185533
339.07815631262525,5.360576648610581e6,60930.98299080604,5.430745354977978e6,5237.723592047045
339.9799599198397,5.433580046095028e6,61810.456351220564,5.504628870593012e6,5238.370672840578
340.8817635270541,5.506955081903296e6,62701.17257903322,5.578895263518593e6,5239.0178335760065
341.78356713426854,5.580698753954754e6,63603.19039966776,5.653541595792565e6,5239.665074263206
342.685370741483,5.654808117807896e6,64516.56810952965,5.728564984081384e6,5240.312394912056
343.5871743486974,5.729280285934061e6,65441.36357232386,5.803962599015874e6,5240.959795532435
344.4889779559118,5.8041124269556645e6,66377.63425825491,5.879731665191242e6,5241.60727613422
345.39078156312627,5.879301764852719e6,67325.43722494468,5.955869461167045e6,5242.254836727296
346.29258517034066,5.954845578141439e6,68284.82910767486,6.032373319467211e6,5242.9024773215415
347.1943887775551,6.030741199028288e6,69255.86613319896,6.109240626580048e6,5243.550197926843
348.09619238476955,6.106986012542702e6,70238.60417289732,6.186468822958215e6,5244.197998553084
348.99799599198394,6.183577455651599e6,71233.0987484143,6.264055403018749e6,5244.84587921015
349.8997995991984,6.260513016358491e6,72239.40499720079,6.341997914981044e6,5245.493839907928
350.80160320641284,6.337790232789839e6,73257.57769319112,6.420293947000917e6,5246.14188065631
351.7034068136273,6.415406692271245e6,74287.67124776213,6.498941141143209e6,5246.7900014651805
352.6052104208417,6.493360030395718e6,75329.73977697242,6.577937192347858e6,5247.438202344433
353.5070140280561,6.571647930086272e6,76383.83702034343,6.657279839094275e6,5248.0864833039595
354.40881763527057,6.650268120654765e6,77450.01639050481,6.736966863401316e6,5248.734844353654
355.31062124248496,6.729218376859009e6,78528.33096379526,6.816996090827297e6,5249.38328550341
356.2124248496994,6.808496517959749e6,79618.8335133904,6.897365390470007e6,5250.0318067631215
357.11422845691385,6.888100406779162e6,80721.5765015397,6.978072674966683e6,5250.68040814269
358.01603206412824,6.96802794876238e6,81836.61210536346,7.059115900494017e6,5251.329089652008
358.9178356713427,7.048277091043408e6,82963.99218422826,7.140493066768179e6,5251.977851300981
359.81963927855713,7.128845821516557e6,84103.76831480603,7.222202217044782e6,5252.626693099504
360.7214428857715,7.20973216791472e6,85255.99178649431,7.304241432842045e6,5253.275615057483
361.62324649298597,7.290934196895408e6,86420.71359713515,7.386608824287786e6,5253.92461718482
362.5250501002004,7.372450013135493e6,87597.98447841198,7.469302553100526e6,5254.573699491419
363.4268537074148,7.454277758435551e6,88787.85489778924,7.552320815481734e6,5255.222861987183
364.32865731462925,7.536415610834609e6,89990.37506485933,7.63566184057329e6,5255.872104682024
365.2304609218437,7.61886178373586e6,91205.59491668403,7.719323890457454e6,5256.521427585845
366.1322645290581,7.701614525044095e6,92433.56415241973,7.803305260156879e6,5257.170830708558
367.03406813627254,7.784672116315354e6,93674.33221773714,7.887604277634626e6,5257.8203140600735
367.935871743487,7.8680328719192315e6,94927.94829604872,7.972219303794142e6,5258.469877650303
368.8376753507014,7.951695138214311e6,96194.46138569489,8.057148732479265e6,5259.119521489158
369.7394789579158,8.035657292737115e6,97473.92021386765,8.142390990474234e6,5259.769245586553
370.64128256513027,8.119917743404766e6,98766.37326643206,8.2279445375036895e6,5260.419049952404
371.5430861723447,8.204474927731759e6,100071.86884933212,8.313807864630494e6,5261.068934596627
372.4448897795591,8.289327312060965e6,101390.45501536707,8.399979478132535e6,5261.718899529141
373.34669338677355,8.374473390809092e6,102722.17959657201,8.486457923352335e6,5262.368944759864
374.248496993988,8.45991168572667e6,104067.09023529867,8.573241774315862e6,5263.019070298716
375.1503006012024,8.545640745172737e6,105425.23435246576,8.66032962861794e6,5263.669276155618
376.05210420841684,8.631659143404242e6,106796.65918469487,8.747720107422262e6,5264.3195623404945
376.9539078156313,8.717965479880163e6,108181.41177066871,8.835411855461368e6,5264.969928863269
377.8557114228457,8.804558378580432e6,109579.5389245377,8.923403541036641e6,5265.620375733865
378.7575150300601,8.891436487339562e6,110991.08728699364,9.011693856018353e6,5266.27090296221
379.65931863727457,8.978598477194933e6,112416.10330263281,9.100281515845604e6,5266.921510558232
380.56112224448896,9.066043041749733e6,113854.63322877625,9.189165259526353e6,5267.572198531859
381.4629258517034,9.153768896550398e6,115306.72314559863,9.278343849637443e6,5268.222966893021
382.36472945891785,9.241774778478427e6,116772.41896980596,9.367816072324537e6,5268.87381565165
383.26653306613224,9.33005944515651e6,118251.76642902882,9.457580735019416e6,5269.524744817678
384.1683366733467,9.41862167436883e6,119744.8110832831,9.547636652936524e6,5270.175754401039
385.07014028056113,9.507460263495255e6,121251.59829889744,9.63798267228417e6,5270.826844411667
385.9719438877755,9.596574028959425e6,122772.17330039525,9.728617658727111e6,5271.4780148595
386.87374749498997,9.685961805690482e6,124306.5811387989,9.819540494005201e6,5272.129265754474
387.7755511022044,9.775622446598189e6,125854.86671244008,9.910750075933354e6,5272.780597106528
388.67735470941886,9.865554822061364e6,127417.0747329555,1.0002245318401571e7,5273.432008925602
389.57915831663325,9.955757819429334e6,128993.24976878866,1.0094025151374932e7,5274.083501221636
390.4809619238477,1.0046230342536287e7,130583.43624672992,1.0186088520893607e7,5274.735074004573
391.38276553106215,1.0136971311228164e7,132187.67846775462,1.0278434389072832e7,5275.386727284358
392.28456913827654,1.0227979660902034e7,133806.02055652242,1.0371061734102925e7,5276.038461070934
393.186372745491,1.0319254342057668e7,135438.50648861477,1.0463969550249297e7,5276.690275374247
394.08817635270543,1.0410794319860984e7,137085.18010541098,1.0557156847852428e7,5277.342170204245
394.9899799599198,1.0502598573719304e7,138746.08508567055,1.0650622653327875e7,5277.994145570878
395.89178356713427,1.0594666096868133e7,140421.2649793426,1.074436600625045e7,5278.646201484092
396.7935871743487,1.06869958959691e7,142110.76316279656,1.0838385949180873e7,5279.298337953841
397.6953907815631,1.0779586990719043e7,143814.6229005392,1.0932681548403794e7,5279.950554990075
398.59719438877755,1.0872438413469885e7,145532.8873320901,1.1027251882668562e7,5280.6028526027485
399.498997995992,1.0965549208859006e7,147265.59947735147,1.1122096041191429e7,5281.255230801817
400.4008016032064,1.1058918433450066e7,149012.8022378063,1.1217213123655558e7,5281.907689597234
401.30260521042084,1.1152545155383874e7,150774.53833899344,1.1312602240211053e7,5282.560228998958
402.2044088176353,1.1246428454039149e7,152550.85041139572,1.1408262511474907e7,5283.212849016947
403.1062124248497,1.134056741970295e7,154341.7809506843,1.1504193068531038e7,5283.865549661162
404.0080160320641,1.1434961153250562e7,156147.37233005033,1.1600393052930292e7,5284.5183309415615
404.90981963927857,1.1529608765834514e7,157967.66678052908,1.1696861616690412e7,5285.171192868109
405.811623246493,1.1624509378582692e7,159802.70642064483,1.1793597922296075e7,5285.824135450766
406.7134268537074,1.1719662122305099e7,161652.53326524177,1.1890601142698852e7,5286.477158699498
407.61523046092185,1.1815066137209313e7,163517.18919433965,1.198787046131726e7,5287.130262624272
408.5170340681363,1.1910720572624145e7,165396.7159778493,1.2085405072036698e7,5287.783447235054
409.4188376753507,1.2006624586731516e7,167291.15526300046,1.2183204176910251e7,5288.436712541811
410.32064128256513,1.2102777346306266e7,169200.54857773296,1.2281266977616243e7,5289.090058554512
411.2224448897796,1.2199178026463633e7,171124.93735499453,1.237959269311328e7,5289.74348528313
412.12424849699397,1.229582581041429e7,173064.36293257,1.2478180550639281e7,5290.396992737636
413.0260521042084,1.2392719889226742e7,175018.86646206857,1.2577029783960294e7,5291.050580928002
413.92785571142286,1.2489859461596753e7,176988.48904803614,1.2676139633370468e7,5291.704249864203
414.82965931863725,1.2587243733623944e7,178973.27168487955,1.2775509345692068e7,5292.357999556215
415.7314629258517,1.2684871918594839e7,180973.25528679803,1.2875138174275493e7,5293.011830014014
416.63326653306615,1.278274323677276e7,182988.4806372495,1.2975025378999244e7,5293.665741247579
417.53507014028054,1.2880856915194e7,185018.98838817325,1.307517022626993e7,5294.319733266887
418.436873747495,1.2979212187470296e7,187064.81908105855,1.3175571989022303e7,5294.973806081921
419.33867735470943,1.3077808293597262e7,189126.0131497336,1.327622994671921e7,5295.627959702661
420.2404809619238,1.317664447976883e7,191202.6109568806,1.337714338535162e7,5296.282194139091
421.14228456913827,1.3275719998197349e7,193294.652738069,1.3478311597438632e7,5296.936509401195
422.0440881763527,1.3375034106939275e7,195402.1786210994,1.3579733882027432e7,5297.590905498958
422.9458917835671,1.3474586069726262e7,197525.22866280648,1.368140954469334e7,5298.245382442367
423.84769539078155,1.3574375155801585e7,199663.84283738822,1.378333789748586e7,5298.899940241409
424.749498997996,1.3674400639761567e7,201818.06101404797,1.3885518251312984e7,5299.554578906073
425.65130260521045,1.377466180140201e7,203987.9229274721,1.3987949923989119e7,5300.2092984463525
426.55310621242484,1.387515792556958e7,206173.46826617248,1.4090632242533537e7,5300.864098872235
427.4549098196393,1.3975888302017711e7,208374.7366065064,1.4193564537893016e7,5301.518980193716
428.35671342685373,1.4076852225267056e7,210591.76738917004,1.4296746144941805e7,5302.173942420787
429.2585170340681,1.4178048994470697e7,212824.600021399,1.4400176402481643e7,5302.828985563446
430.16032064128257,1.4279477913283058e7,215073.2737727997,1.4503854653241778e7,5303.484109631688
431.062124248497,1.438113828973351e7,217337.82779967244,1.4607780243878929e7,5304.139314635509
431.9639278557114,1.448302943610381e7,219618.3011733083,1.4711952524977306e7,5304.794600584913
432.86573146292585,1.4585150668809475e7,221914.73289002845,1.4816370851048617e7,5305.449967489894
433.7675350701403,1.4687501308285015e7,224227.16184664558,1.4921034580532057e7,5306.105415360459
434.6693386773547,1.47900806788728e7,226555.62685292104,1.5025943075794304e7,5306.760944206609
435.57114228456913,1.4892888108715624e7,228900.16664199252,1.5131095703129537e7,5307.416554038346
436.4729458917836,1.499592292965264e7,231260.81986622844,1.5236491832759408e7,5308.072244865676
437.37474949899797,1.5099184477118753e7,233637.62508035603,1.534213083883309e7,5308.728016698605
438.2765531062124,1.5202672090047281e7,236030.62071924162,1.5448012099427197e7,5309.383869547143
439.17835671342687,1.5306385110775793e7,238439.84514217288,1.5554134996545887e7,5310.039803421296
440.08016032064126,1.5410322884954982e7,240865.3366331329,1.5660498916120756e7,5310.695818331076
440.9819639278557,1.551448476146067e7,243307.13341353968,1.5767103245292312e7,5311.351914286494
441.88376753507015,1.5618870092308547e7,245765.2736128344,1.587394737207898e7,5312.008091297562
442.7855711422846,1.572347823257186e7,248239.7952473706,1.5981030689953545e7,5312.664349374293
443.687374749499,1.5828308540301753e7,250730.73623212616,1.6088352595038421e7,5313.3206885267045
444.58917835671343,1.5933360376450326e7,253238.1343957772,1.6195912486085545e7,5313.9771087648105
445.4909819639279,1.6038633104796162e7,255762.02748749094,1.6303709764476327e7,5314.63361009863
446.39278557114227,1.6144126091872439e7,258302.4531853078,1.641174383422169e7,5315.29019253818
447.2945891783567,1.6249838706897426e7,260859.44908365342,1.6520014101962075e7,5315.946856093483
448.19639278557116,1.635577032170726e7,263433.0526538569,1.6628519976967402e7,5316.603600774559
449.09819639278555,1.646192031069097e7,266023.3013167959,1.6737260871137097e7,5317.260426591429
450.0,1.6568288050728189e7,268630.23241658544,1.68462361990001e7,5317.917333554118
