day,survival,length_cm,weight_g,f_value,n_fish,v_stock
0.0,1.0,1.0,0.01,2.4728698198358735e-5,10000.0,0.24728698198358734
0.9018036072144289,0.999864738607565,1.2124422585543257,0.017823097984107774,4.407764067631321e-5,9998.196555425742,0.4406969151812083
1.8036072144288577,0.9997294955107742,1.4241195728167924,0.028882804857457384,7.143687110158768e-5,9996.393436092718,0.7141110693749126
2.7054108216432864,0.999594270707153,1.635034697134742,0.043710011406491896,0.00010812552089565907,9994.590641942272,1.0806703192988878
3.6072144288577155,0.9994590641942271,1.8451903759378894,0.06282370458967813,0.0001554367258173071,9992.788172915758,1.5532462753839358
4.509018036072145,0.9993238759695223,2.0545893437740403,0.08673114780061422,0.000214639062569047,9990.986028954541,2.144455875395248
5.410821643286573,0.9991887060305651,2.263234325344655,0.11592805878858656,0.00028697807587625424,9989.184210000001,2.866676864159261
6.312625250501002,0.9990535543748821,2.471128035540346,0.15089878526479253,0.0003736778877205826,9987.382715993523,3.7320640771695146
7.214428857715431,0.9989184210000002,2.6782731794761503,0.19211647822208622,0.00047594288105508477,9985.581546876503,4.752566450430893
8.11623246492986,0.9987833059034467,2.8846724525267646,0.2400432629958309,0.0005949594509601795,9983.780702590351,5.939944685319991
9.01803607214429,0.9986482090827493,3.090328540361604,0.29513040809307745,0.0007318978168150072,9981.980183076485,7.305789503484346
9.919839679358718,0.998513130535436,3.2952441189797383,0.35781849181699976,0.0008879138896567948,9980.179988276333,8.861540432865343
10.821643286573146,0.9983780702590351,3.499421854744753,0.42853756671321763,0.0010641511894801455,9978.380118131336,10.618505071794495
11.723446893787575,0.9982430282510752,3.702864404419387,0.5077073218642684,0.0012617428077878218,9976.580572582943,12.587878783772238
12.625250501002004,0.9981080045090854,3.9055744152001353,0.5957372430582857,0.0014818134112444103,9974.781351572616,14.780764780990946
13.527054108216433,0.997972999030595,4.107554524751706,0.6930267708575558,0.0017254812828031854,9972.982455041825,17.20819455989923
14.428857715430862,0.9978380118131336,4.3088073612413,0.7999654565923375,0.001993860397174943,9971.183882932055,19.881148657127298
15.330661322645291,0.9977030428542311,4.509335543372863,0.9169331163051208,0.0022880625279855407,9969.385635184794,22.810577698903653
16.23246492985972,0.997568092151418,4.709141680421098,1.0442999826700432,0.0026091993844258136,9967.58771174155,26.007423721686354
17.13426853707415,0.9974331597022248,4.908228372265484,1.182426854912129,0.002958384775635273,9965.790112543831,29.482641746126205
18.03607214428858,0.9972982455041826,5.10659820942405,1.33166524675045,0.0033367368014777517,9963.992837533166,33.247221590657645
18.937875751503007,0.9971633495548227,5.304253773087098,1.4923575323892906,0.003745380068766154,9962.195886651087,37.312209915007145
19.839679358717436,0.9970284718516766,5.501197635150824,1.6648370905809933,0.004185447932373092,9960.39925983914,41.6887324877042
20.741482965931862,0.9968936123922767,5.69743235825073,1.8494284467837974,0.00465808476102584,9958.602957038878,46.38801667528967
21.64328657314629,0.9967587711741549,5.892960495795009,2.0464474134379715,0.005164448227930032,9956.806978191873,51.42141415436439
22.54509018036072,0.996623948194844,6.087784591997739,2.2562012283829667,0.005705711626694576,9955.011323239698,56.800423850884904
23.44689378757515,0.9964891434518771,6.2819071819120325,2.4789886914383477,0.006283066213344641,9953.21599212394,62.536715114235484
24.34869739478958,0.9963543569427874,6.475330791462973,2.7151002991706723,0.0068977235755084375,9951.420984786198,68.64215113656915
25.250501002004007,0.9962195886651086,6.668057937480512,2.9648183778685824,0.007550918030149782,9949.626301168082,75.12881263074256
26.152304609218437,0.9960848386163746,6.860091127732218,3.228417214747838,0.008243909051491834,9947.831941211209,82.00902178287066
27.054108216432866,0.99595010679412,7.05143286095587,3.506163187407837,0.008977983731039162,9946.037904857209,89.29536649810684
27.955911823647295,0.9958153931958792,7.242085626892035,3.7983148915611453,0.00975445927185743,9944.244192047721,97.0007249607343
28.857715430861724,0.9956806978191872,7.432051906316424,4.105123267056842,0.010574685519510782,9942.450802724396,105.13829053201802
29.759519038076153,0.9955460206615795,7.621334171072164,4.426831722218671,0.011440047532291395,9940.657736828896,113.72159701156278
30.661322645290582,0.9954113617205917,7.809934884101992,4.763676256518653,0.01235196819360089,9938.864994302892,122.76454429012261
31.56312625250501,0.9952767209937597,7.997856499480278,5.115885581606324,0.013311910869562125,9937.072575088067,132.28142442394252
32.46492985971944,0.9951420984786199,8.185101462444962,5.483681240713861,0.01432138211515333,9935.280479126113,142.28694816278872
33.366733466933866,0.995007494172709,8.371672209429398,5.867277726456999,0.015381934432365022,9933.488706358732,152.79627196584846
34.2685370741483,0.9948729080735639,8.557571168094007,6.266882597051143,0.01649516908408369,9931.697256727639,163.82502554165254
35.170340681362724,0.994738340178722,8.742800757357912,6.6826965909624905,0.01766273896760939,9929.906130174557,175.3893399501375
36.07214428857716,0.9946037904857208,8.927363387430383,7.114913740012977,0.018886351551911075,9928.115326641222,187.50587630686258
36.97394789579158,0.9944692589920986,9.111261459842225,7.5637214809583115,0.020167771882923666,9926.324846069378,200.1918551313246
37.875751503006015,0.9943347456953935,9.294497367477007,8.029300765557595,0.021508825661386267,9924.534688400781,213.4650863831929
38.77755511022044,0.9942002505931442,9.47707349460218,8.51182616915322,0.02291140239791941,9922.744853577198,227.3440002321911
39.67935871743487,0.9940657736828896,9.658992216900167,9.01146599777948,0.024377458650238635,9920.955341540404,241.84767860926533
40.5811623246493,0.9939313149621692,9.84025590149919,9.52838239381751,0.02590902134759891,9919.16615223219,256.99588758856436
41.482965931863724,0.9937968744285227,10.020866907004148,10.062731440215135,0.02750819120777256,9917.37728559435,272.8091106517498
42.38476953907816,0.9936624520794899,10.200827583527257,10.614663263288659,0.029177146252065078,9915.588741568692,289.3085828880796
43.28657314629258,0.9935280479126113,10.380140272718641,11.18432213412446,0.030918145424086167,9913.800520097036,306.51632618574126
44.188376753507015,0.9933936619254273,10.558807307796826,11.771846568597653,0.03273353231820915,9912.012621121212,324.45518547196815
45.09018036072144,0.9932592941154791,10.73683101357905,12.377369426024503,0.03462573902387053,9910.225044583058,343.1488660615587
45.99198396793587,0.9931249444803081,10.914213706511568,13.001018006466118,0.036597290092091464,9908.437790424427,362.6219721756045
46.8937875751503,0.9929906130174556,11.090957694699767,13.642914146699416,0.03865080663083423,9906.650858587174,382.90004669444073
47.79559118236473,0.992856299724464,11.267065277938194,14.303174314872216,0.04078901053605017,9904.864249013177,404.0096122111451
48.69739478957916,0.9927220045988754,11.442538747740493,14.981909703858731,0.04301472886552554,9903.077961644312,425.97821345429145
49.59919839679359,0.9925877276382324,11.617380387369202,15.679226323331356,0.04533089836288882,9901.291996422475,448.8344611511117
50.501002004008015,0.9924534688400781,11.791592471865513,16.395225090565017,0.04774057013941431,9899.506353289566,472.60807740479805
51.40280561122245,0.9923192282019558,11.965177268078804,17.130001919989137,0.05024691452153226,9897.721032187499,497.3299426622973
52.30460921843687,0.9921850057214091,12.138137034696193,17.883647811503664,0.05285322607224899,9895.936033058197,523.0321443517397
53.206412825651306,0.9920508013959821,12.310474022271904,18.656248937573636,0.05556292879497902,9894.151355843595,549.7480272714828
54.10821643286573,0.991916615223219,12.482190473256544,19.44788672911799,0.0583795815286066,9892.367000485638,577.5122458157489
55.01002004008016,0.9917824472006644,12.653288622026302,20.2586379602075,0.06130688354292058,9890.582966926278,606.3608181249433
55.91182364729459,0.9916482973258635,12.823770694912007,21.0885748315865,0.0643486803439054,9888.799255107482,636.3311822519612
56.813627254509015,0.9915141655963613,12.9936389102281,21.93776505303315,0.0675089696987278,9887.015864971228,667.4622544391837
57.71543086172345,0.9913800520097037,13.162895478301515,22.806271924572904,0.0707919078906288,9885.2327964595,699.7944896043839
58.61723446893787,0.9912459565634365,13.33154260150041,23.694154416558884,0.07420181621431138,9883.450049514295,733.3699441373864
59.519038076152306,0.9911118792551061,13.499582474262844,24.60146724863411,0.07774318772282604,9881.66762407762,768.2323411132388
60.42084168336673,0.9909778200822592,13.667017283125332,25.528260967588867,0.08142069423736391,9879.885520091493,804.4271380315286
61.322645290581164,0.9908437790424426,13.833849206751289,26.474582024127354,0.08523919363181535,9878.103737497944,842.0015971957462
62.22444889779559,0.9907097561332038,14.000080415959381,27.440472848557192,0.08920373740440102,9876.32227623901,881.0048588508608
63.12625250501002,0.9905757513520902,14.165713073751768,28.4259719254151,0.09331957854916101,9874.54113625674,921.4880172018323
64.02805611222445,0.9904417646966499,14.330749335342261,29.431113867042477,0.09759217974058529,9872.760317493192,963.5041994405135
64.92985971943888,0.9903077961644312,14.495191348184356,30.45592948612346,0.10202722184518208,9870.97981989044,1007.1086479132773
65.83166332665331,0.9901738457529827,14.659041251999177,31.500445867198984,0.10663061277432423,9869.19964339056,1052.3588055668777
66.73346693386773,0.9900399134598534,14.822301178803308,32.5646864371693,0.11140849669327393,9867.419787935647,1099.3144048153742
67.63527054108216,0.9899059992825926,14.984973252936562,33.64867103479822,0.11636726360187616,9865.640253467798,1148.0375599765675
68.5370741482966,0.9897721032187499,15.147059591089608,34.75241597923078,0.12151355930301239,9863.86103992913,1198.5928634321017
69.43887775551102,0.9896382252658751,15.308562302331502,35.87593413753746,0.12685429577555735,9862.08214726176,1251.047485671587
70.34068136272545,0.9895043654215188,15.469483488137136,37.01923499129688,0.13239666196923355,9860.303575407825,1305.4712793872948
71.24248496993988,0.9893705236832312,15.629825242414611,38.182324702229394,0.13814813503945406,9858.525324309463,1361.9368877925813
72.14428857715431,0.9892367000485637,15.789589651532438,39.365206176892855,0.14411649204096252,9856.747393908832,1420.5198573440402
73.04609218436873,0.9891028945150673,15.948778794346708,40.567879130453186,0.15030982209983113,9854.969784148096,1481.2987550545115
73.94789579158316,0.9889691070802936,16.107394742228152,41.79034014954109,0.15673653908415447,9853.192494969426,1544.3552905914728
74.8496993987976,0.9888353377417947,16.265439559089074,43.032582754206196,0.1634053947945916,9851.415526315008,1609.7744433630733
75.75150300601203,0.9887015864971228,16.422915301410228,44.29459745898068,0.17032549269675454,9849.63887812704,1677.6445948020967
76.65330661322645,0.9885678533438305,16.579824018267537,45.57637183306262,0.17750630221831426,9847.862550347723,1748.057666066442
77.55511022044088,0.9884341382794706,16.73616775135882,46.87789055963187,0.1849576736346276,9846.086542919278,1821.1092613835624
78.45691382765531,0.9883004413015967,16.891948535030295,48.19913549430733,0.19268985356761298,9844.310855783928,1896.8988172750678
79.35871743486975,0.988166762407762,17.04716839630308,49.54008572275835,0.2007135011236189,9842.53548888391,1975.5297579073597
80.26052104208416,0.9880331015955207,17.201829354899573,50.90071761748021,0.2090397046970463,9840.760442161474,2057.1096568238095
81.1623246492986,0.987899458862427,17.355933423269718,52.281004893744,0.2176799994675459,9838.985715558876,2141.7504053240477
82.06412825651303,0.9877658342060355,17.509482606617205,53.68091866473215,0.22664638561974465,9837.211309018383,2229.5683877666934
82.96593186372745,0.9876322276239009,17.662478902925542,55.10042749586935,0.23595134731559012,9835.437222482275,2320.684664082598
83.86773547094188,0.9874986391135788,17.814924302984082,56.539497458359556,0.2456078724506103,9833.663455892842,2415.2251597971567
84.76953907815631,0.9873650686726246,17.966820790413905,57.99809218193886,0.2556294732266297,9831.89000919238,2513.3208638720116
85.67134268537075,0.9872315162985942,18.11817034169362,59.476172906854124,0.26603020757477036,9830.116882323204,2615.1080346886965
86.57314629258516,0.987097981989044,18.268974926185116,60.97369853507821,0.27682470146392524,9828.34407522763,2720.728414509627
87.4749498997996,0.9869644657415303,18.41923650615916,62.490625680770115,0.2880281721312521,9826.571587847988,2830.3294527647513
88.37675350701403,0.9868309675536102,18.568957036820933,64.02690871999087,0.29965645227271576,9824.799420126621,2944.0645385261782
89.27855711422846,0.9866974874228408,18.718138466335496,65.58249983968419,0.31172601523317905,9823.027572005882,3062.0932425470432
90.18036072144288,0.9865640253467799,18.8667827358531,67.15734908593113,0.3242540012371035,9821.25604342813,3184.5815692556553
91.08216432865731,0.9864305813229851,19.014891779534473,68.7514044114888,0.3372582447025368,9819.484834335737,3311.702219111251
91.98396793587175,0.9862971553490149,19.162467524575987,70.36461172262158,0.35075730268272437,9817.71394467109,3443.6348617434014
92.88577154308618,0.9861637474224276,19.309511891234713,71.99691492523388,0.364770484481403,9815.943374376575,3580.5664203133606
93.7875751503006,0.9860303575407824,19.45602679285342,73.64825597031444,0.37931788248965015,9814.173123394601,3722.6913675528763
94.68937875751503,0.9858969857016382,19.602014135885497,75.31857489869998,0.39442040429398195,9812.40319166758,3870.2120339530857
95.59118236472946,0.9857636319025547,19.747475819919707,77.007809885167,0.4100998061073259,9810.633579137937,4023.3389285944886
96.49298597194388,0.9856302961410917,19.892413737704942,78.71589728186126,0.4263787275764858,9808.864285748103,4182.291073127712
97.39478957915831,0.9854969784148094,20.036829775174844,80.44277166107278,0.44328072802174734,9807.095311440527,4347.296349434022
98.29659318637275,0.9853636787212686,20.180725811472357,82.18836585736499,0.46083032416640085,9805.326656157662,4518.5918615145865
99.19839679358718,0.9852303970580298,20.32410371897413,83.95261100906593,0.47905302941615163,9803.558319841975,4696.424312178216
100.1002004008016,0.9850971334226545,20.466965363314948,85.7354365991313,0.4979753947506478,9801.79030243594,4881.050395118608
101.00200400801603,0.9849638878127039,20.609312603411965,87.53677049538523,0.5176250512916776,9800.022603882047,5072.737202994044
101.90380761523046,0.9848306602257402,20.75114729148889,89.35653899014858,0.5380307546150206,9798.255224122791,5271.762652145353
102.8056112224449,0.9846974506593252,20.892471273100114,91.19466683926233,0.5592224308754056,9796.488163100676,5478.415924611297
103.70741482965931,0.9845642591110219,21.033286387154703,93.05107730051341,0.5812312248165865,9794.721420758224,5692.997928124559
104.60921843687375,0.9844310855783928,21.17359446594034,94.92569217147125,0.6040895497412037,9792.954997037961,5915.821774796533
105.51102204408818,0.984297930059001,21.31339733514715,96.81843182674243,0.6278311395177913,9791.188891882424,6147.213279224483
106.41282565130261,0.9841647925504103,21.45269681389147,98.72921525465127,0.6524911027051197,9789.423105234166,6387.511476781217
107.31462925851703,0.9840316730501845,21.591494714739532,100.6579600933541,0.6781059788769034,9787.65763703574,6637.06916287412
108.21643286573146,0.9838985715558874,21.729792843730998,102.60458266639296,0.7047137972328664,9785.89248722972,6896.253453988235
109.1182364729459,0.983765488065084,21.867593000402515,104.56899801769903,0.7323541375852455,9784.127655758683,7165.446371357099
110.02004008016031,0.9836324225753388,22.004896977811114,106.5511199460502,0.7610681938128218,9782.363142565222,7445.045448133233
110.92184368737475,0.983499375084217,22.141706562557523,108.55086103899106,0.790898839877873,9780.598947591932,7735.464360961205
111.82364729458918,0.983366345589284,22.278023534809435,110.56813270622278,0.8218906985046429,9778.83507078143,8037.133586886249
112.72545090180361,0.983233334088106,22.413849668324666,112.60284521246919,0.8540902126213032,9777.071512076334,8350.501086562963
113.62725450901803,0.9831003405782486,22.54918673047421,114.65490770982557,0.887545719670783,9775.308271419275,8676.033014760578
114.52905811623246,0.9829673650572787,22.6840364822653,116.72422826959895,0.9223075288994,9773.545348752898,9014.21445919451
115.4308617234469,0.9828344075227627,22.818400678364256,118.81071391364372,0.9584280017357083,9771.78274401985,9365.550208746421
116.33266533066133,0.9827014679722682,22.95228106711935,120.91427064520106,0.9959616353756869,9770.020457162796,9730.565552169775
117.23446893787575,0.9825685464033623,23.085679390583543,123.03480347924871,1.0349651496940957,9768.258488124411,10109.807108412302
118.13627254509018,0.982435642813613,23.218597384537148,125.17221647236694,1.075497577605554,9766.496836847376,10503.843689721658
119.03807615230461,0.9823027572005881,23.351036778510448,127.32641275212777,1.1176203590027611,9764.735503274384,10913.267198736525
119.93987975951904,0.9821698895618564,23.482999295806174,129.49729454601257,1.161397438403112,9762.97448734814,11338.693560801064
120.84168336673346,0.9820370398949865,23.614486653521915,131.68476320986537,1.2068953664389335,9761.213789011357,11780.763692777633
121.7434869739479,0.9819042081975475,23.745500562572502,133.88871925588836,1.2541834053305072,9759.45340820676,12240.144509669179
122.64529058116233,0.9817713944671089,23.876042727712225,136.10906238018407,1.303333638484999,9757.693344877085,12717.529970399512
123.54709418837675,0.9816385987012404,24.00611484755705,138.3456914898519,1.3544210843685058,9755.933598965077,13213.64216413742
124.44889779559118,0.981505820897512,24.135718614606716,140.59850472964433,1.4075238148023899,9754.17417041349,13729.23243858733
125.35070140280561,0.9813730610534944,24.264855715266727,142.86739950818748,1.4627230778391187,9752.415059165089,14265.082571706529
126.25250501002004,0.981240319166758,24.393527829870344,145.15227252377503,1.5201034253769035,9750.656265162654,14822.005988346515
127.15430861723446,0.9811075952348741,24.52173663270041,147.453019789737,1.579752845676284,9748.897788348966,15400.84902335151
128.0561122244489,0.9809748892554141,24.649483792011168,149.76953665939288,1.6417629009459542,9747.13962866683,16002.492232685325
128.9579158316633,0.9808422012259496,24.776770970049917,152.1017178505913,1.7062288701688098,9745.381786059042,16627.85175419122
129.85971943887776,0.9807095311440527,24.903599823078714,154.44945746984598,1.773249897343257,9743.62426046843,17277.88071962691
130.76152304609218,0.9805768790072958,25.029972001395862,156.8126490360679,1.8429291453182721,9741.867051837815,17953.570719647698
131.66332665330663,0.9804442448132517,25.15588914935742,159.19118550390482,1.9153739554046172,9740.110160110036,18655.953323446658
132.56513026052104,0.9803116285594934,25.281352905398563,161.58495928668844,1.9906960129478273,9738.353585227944,19386.101654789447
133.46693386773546,0.9801790302435941,25.406364902054968,163.99386227899942,2.069011519052094,9736.597327134396,20145.132026212894
134.3687374749499,0.9800464498631277,25.530926765983978,166.41778587884957,2.1504413686470634,9734.84138577226,20934.205633182177
135.27054108216433,0.9799138874156682,25.65504011798582,168.85662100949244,2.2351113350927316,9733.085761084418,21754.530310029448
136.17234468937875,0.9797813428987899,25.778706573024685,171.31025814086306,2.3231522615199487,9731.330453013758,22607.362349516858
137.0741482965932,0.9796488163100676,25.901927740249718,173.7785873106528,2.4147002591065188,9729.575461503176,23494.00838788815
137.9759519038076,0.9795163076470762,26.024705223015985,176.26149814502656,2.509896912490941,9727.82078649559,24415.827357290476
138.87775551102203,0.979383816907391,26.147040618905336,178.75887987898383,2.608889492527187,9726.066427933913,25374.232507458215
139.77955911823648,0.9792513440885877,26.26893551974716,181.27062137637,2.7118311765853207,9724.31238576108,26370.69349856168
140.6813627254509,0.9791188891882424,26.390391511639137,183.79661114954405,2.8188812766033564,9722.55865992003,27406.738567126395
141.58316633266534,0.9789864522039314,26.51141017496785,186.3367373787041,2.930205475095867,9720.805250353718,28483.956766927116
142.48496993987976,0.9788540331332313,26.63199308442936,188.8908879308789,3.045976069324476,9719.0521570051,29604.000286753966
143.38677354709418,0.978721631973719,26.752141809049704,191.4589503785873,3.1663722238342618,9717.299379817152,30768.586846934926
144.28857715430863,0.9785892487229719,26.871857912205286,194.0408120181712,3.291580231558188,9715.546918732856,31979.502176477134
145.19038076152304,0.9784568833785677,26.991142951643248,196.63635988780723,3.4217937836891825,9713.794773695203,33238.60257266271
146.09218436873746,0.9783245359380842,27.10999847950172,199.24548078519976,3.5572142485158675,9712.042944647195,34547.81754489701
146.9939879759519,0.9781922063990999,27.228426042330028,201.86806128496139,3.6980509594134756,9710.291431531847,35909.1525445608
147.89579158316633,0.9780598947591933,27.346427181108794,204.5039877556836,3.84452151217607,9708.54023429218,37324.69178256319
148.79759519038078,0.9779276010159432,27.464003431270044,207.1531463767048,3.9968520718694522,9706.789352871232,38796.601136223726
149.6993987975952,0.9777953251669292,27.581156322717106,209.8154231545743,4.155277689375993,9705.038787212041,40327.131147030836
150.6012024048096,0.9776630672097306,27.697887379844587,212.49070393922352,4.320042627793896,9703.288537257666,41918.62011073699
151.50300601202406,0.9775308271419275,27.814198121558185,215.17887443984327,4.4914006988420425,9701.538602951168,43573.49726113793
152.40480961923848,0.9773986049611001,27.93009006129443,217.87982024047201,4.669615609409458,9699.788984235624,45294.28604876458
153.3066132264529,0.9772664006648291,28.045564707040402,220.5934268153018,4.854961318374611,9698.039681054117,47083.607515579795
154.20841683366734,0.9771342142506951,28.160623561353358,223.31957954370287,5.047722403803301,9696.290693349743,48944.18376661094
155.11022044088176,0.9770020457162797,28.275268121380265,226.05816372497202,5.24819444061635,9694.542021065608,50878.841539278124
156.01202404809618,0.9768698950591642,28.389499878877288,228.80906459280845,5.456684388798002,9692.793664144829,52890.51587097927
156.91382765531063,0.9767377622769307,28.503320320229207,231.57216732952136,5.673510992193607,9691.045622530528,54982.25386527668
157.81563126252505,0.9766056473671612,28.61673092646874,234.3473570799716,5.899005187920076,9689.297896165845,57157.218556785396
158.7174348697395,0.9764735503274383,28.729733173295852,237.13451896525405,6.1335105263853,9687.550484993924,59418.692874599255
159.6192384769539,0.9763414711553451,28.84232853109689,239.93353809611904,6.377383601881773,9685.803388957924,61770.08370379117
160.52104208416833,0.9762094098484645,28.954518464963794,242.74429958614456,6.630994493687071,9684.056608001008,64214.92604420858
161.42284569138278,0.9760773664043803,29.066304434713118,245.56668856465376,6.894727217565871,9682.310142066359,66756.88726541899
162.3246492985972,0.9759453408206761,29.177687894905002,248.40059018938726,7.16898018752921,9680.563991097159,69399.77145628423
163.2264529058116,0.9758133330949361,29.288670294862168,251.24588965893372,7.454166687662398,9678.81815503661,72147.52386721593
164.12825651302606,0.9756813432247451,29.39925307868871,254.10247222491725,7.750715353784757,9677.072633827916,75004.23544270033
165.03006012024048,0.9755493712076876,29.509437685288923,256.9702232039514,8.059070664653762,9675.327427414299,77974.14744119452
165.9318637274549,0.9754174170413489,29.619225548386023,259.8490279893579,8.379693442368769,9673.582535738984,81061.656138945
166.83366733466934,0.9752854807233146,29.728618096540774,262.73877206265604,8.713061361569501,9671.837958745213,84271.31761370414
167.73547094188376,0.9751535622511702,29.837616753170124,265.63934100482703,9.059669466959186,9670.093696376234,87607.85260369426
168.6372745490982,0.9750216616225021,29.946222936565682,268.55062050735194,9.420030698610367,9668.349748575305,91076.15143648119
169.53907815631263,0.9748897788348967,30.05443805991219,271.47249638303265,9.794676424437535,9666.606115285695,94681.2790217125
170.44088176352705,0.9747579138859408,30.16226353130593,274.4048545765939,10.184156979137349,9664.862796450685,98428.47990087816
171.3426853707415,0.9746260667732215,30.26970075377302,277.34758117507226,10.589042208811524,9663.119792013566,102323.18334643368
172.2444889779559,0.9744942374943263,30.376751125287672,280.3005624179931,11.009922020393311,9661.377101917633,106371.00850172667
173.14629258517033,0.9743624260468429,30.483416038790395,283.26368470734144,11.447406934900082,9659.634726106202,110577.76955222979
174.04809619238478,0.9742306324283594,30.58969688220612,286.23683461732736,11.902128643427877,9657.892664522591,114949.48091756631
174.9498997995992,0.9740988566364643,30.695595038462248,289.2198989039488,12.374740564691752,9656.150917110132,119492.3624527482
175.85170340681364,0.9739670986687462,30.801111885506653,292.2127645143561,12.865918402796751,9654.409483812164,124212.8446459144
176.75350701402806,0.9738353585227945,30.9062487963256,295.2153185960206,13.37636070379786,9652.668364572039,129117.57379865416
177.65531062124248,0.9737036361961982,31.01100713896164,298.2274485057106,13.906789409474454,9650.92755933312,134213.41717373897
178.55711422845692,0.9735719316865472,31.115388276531373,301.2490418182745,14.457950406603459,9649.187068038776,139507.46809374407
179.45891783567134,0.9734402449914316,31.21939356724321,304.2799863352397,15.030614069869518,9647.446890632391,145007.05097265815
180.36072144288576,0.9733085761084417,31.323024364415037,307.320170093224,15.625575796393584,9645.707027057357,150719.72626109095
181.2625250501002,0.9731769250351683,31.42628201649184,310.36948137216655,16.243656529700864,9643.967477257074,156653.29528416964
182.16432865731463,0.9730452917692024,31.529167867063208,313.42780870337714,16.88570327077868,9642.228241174957,162815.80494960252
183.06613226452905,0.9729136763081354,31.631683254880873,316.4950408774115,17.552589573699876,9640.489318754426,169215.55230173396
183.9679358717435,0.9727820786495588,31.733829513876085,319.57106695177,18.245216023102866,9638.750709938915,175861.08889567162
184.8697394789579,0.9726504987910648,31.835607973176998,322.6557762584257,18.964510690631588,9637.01241467187,182761.22496379403
185.77154308617236,0.9725189367302457,31.937019957125948,325.74905841118306,19.71142956724209,9635.27443289674,189925.03334509255
186.67334669338678,0.9723873924646942,32.03806678529668,328.85080331286923,20.486956968081927,9633.53676455699,197361.85314591424
187.5751503006012,0.9722558659920031,32.13874977251154,331.96090116236326,21.292105906443073,9631.799409596095,205081.2930987359
188.47695390781564,0.9721243573097659,32.239070228858566,335.0792424614602,22.127918433077046,9630.062367957538,213093.23458360918
189.37875751503006,0.9719928664155761,32.339029459708556,338.20571802158014,22.995465936950453,9628.325639584813,221407.83427493923
190.28056112224448,0.9718613933070278,32.43862876573202,341.3402189703155,23.89584940329884,9626.589224421423,230035.5263741937
191.18236472945893,0.9717299379817153,32.537869442916126,344.4826367578275,24.830199624624083,9624.853122410883,238987.02438714865
192.08416833667334,0.9715985004372331,32.63675278258156,347.6328631630887,25.799677360059423,9623.117333496719,248273.3224022107
192.98597194388776,0.9714670806711762,32.73528007139933,350.7907902999756,26.805473438312163,9621.381857622466,257905.69582435754
193.8877755511022,0.9713356786811397,32.83345259140752,353.9563106232139,27.848808799181125,9619.646694731666,267895.70151725685
194.78957915831663,0.9712042944647195,32.931271620027935,357.1293169341771,28.930934468437226,9617.911844767877,278255.17730418564
195.69138276553107,0.9710729280195113,33.02873843008277,360.30970238654396,30.05313146065632,9616.177307674663,288996.2407765268
196.5931863727455,0.9709415793431114,33.125854289811116,363.4973604918117,31.21671060439905,9614.443083395601,300131.2873568266
197.4949899799599,0.9708102484331164,33.22262046288553,366.6921851246738,32.42301228395569,9612.709171874276,311672.9875617732
198.39679358717436,0.9706789352871231,33.31903820842844,369.8940705282577,33.67340609170464,9610.975573054282,323634.28340891056
199.29859719438878,0.9705476399027289,33.415108781028486,373.10291131922844,34.96929038498719,9609.242286879226,336028.383909578
200.2004008016032,0.970416362277531,33.510833430756946,376.31860249276207,36.312091741272894,9607.509313292727,348868.75958941923
201.10220440881764,0.9702851024091276,33.60621340318393,379.5410394273848,37.703264305281806,9605.776652238408,362169.13597684976
202.00400801603206,0.9701538602951167,33.701249939394586,382.770117889685,39.14428902165659,9604.044303659906,375943.485999258
202.9058116232465,0.970022635933097,33.79594427600527,386.00573403889854,40.636672746728124,9602.312267500869,390206.0212263257
203.80761523046093,0.9698914293206672,33.89029764517966,389.24778443136984,42.18194723290723,9600.580543704955,404971.1818998382
204.70941883767534,0.9697602404554265,33.98431127464474,392.4961660248893,43.78166797926071,9598.849132215828,420253.6256896882
205.6112224448898,0.9696290693349744,34.07798638770679,395.75077618290817,45.43741294190082,9597.118032977167,436068.21511654643
206.5130260521042,0.9694979159569106,34.17132420326732,399.01151267863867,47.150781097937326,9595.387245932658,452430.00358291046
207.41482965931863,0.9693667803188354,34.26432593583893,402.278273699033,48.92339085690425,9593.656771026,469354.21995589096
208.31663326653307,0.9692356624183492,34.35699279556111,405.5509578486482,50.756878313805366,9591.9266082009,486856.2516474049
209.2184368737475,0.9691045622530527,34.44932598821595,408.82946415339757,52.652895338206136,9590.196757401076,504951.62614024273
210.1202404809619,0.9689734798205473,34.5413267152439,412.113692064191,54.6131074941528,9588.467218570257,523655.9909119377
211.02204408817636,0.9688424151184342,34.63299617375933,415.40354146046366,56.63919178611847,9586.737991652179,542985.091712456
211.92384769539078,0.9687113681443151,34.72433555656616,418.6989126535976,58.732834226675045,9585.00907659059,562954.7491565708
212.82565130260522,0.9685803388957922,34.81534605217335,421.99970639023604,60.89572722215864,9583.280473329252,583580.8335972975
213.72745490981964,0.968449327370468,34.90602884481039,425.3058238554938,63.129566773252776,9581.55218181193,604879.238253102
214.62925851703406,0.9683183335659451,34.99638511444269,428.61716667606385,65.43604948814908,9579.824201982405,626865.8505686889
215.5310621242485,0.9681873574798265,35.08641603678693,431.9336369232218,67.81686940677038,9578.096533784465,649556.521797101
216.43286573146293,0.9680563991097159,35.17612278332639,435.25513711573154,70.27371463545427,9576.369177161907,672967.0347996359
217.33466933867734,0.9679254584532166,35.265506521326145,438.5815702226506,72.8082637924955,9574.642132058543,697113.0700696599
218.2364729458918,0.9677945355079329,35.354568413848284,441.91283966604186,75.42218226604182,9572.91539841819,722010.169996895
219.1382765531062,0.9676636302714691,35.44330961976707,445.2488493235882,78.11711828701284,9571.18897618468,747673.701399972
220.04008016032063,0.9675327427414299,35.53173129378395,448.5895035311117,80.89469882098274,9569.46286530185,774118.8163671717
220.94188376753507,0.9674018729154201,35.61983458644264,451.9347070850049,83.75652528432546,9567.73706571355,801360.4114582149
221.8436873747495,0.9672710207910453,35.70762064414407,455.28436524456754,86.7041690913428,9566.011577363643,829413.0853334802
222.74549098196394,0.967140186365911,35.7950906091613,458.6383837342565,89.73916704061465,9564.286400195993,858291.0948914671
223.64729458917836,0.9670093696376233,35.88224561965439,461.99666874584733,92.86301655037772,9562.561534154485,888008.3100101934
224.54909819639278,0.9668785706037885,35.96908680968522,465.35912694050944,96.07717075437556,9560.836979183008,918578.1670037141
225.45090180360722,0.9667477892620129,36.05561530923224,468.7256654507964,99.38303347130424,9559.11273522546,950013.6209208827
226.35270541082164,0.9666170256099038,36.14183224420512,472.09619188255203,102.7819540626961,9557.388802225756,982327.0968296938
227.25450901803606,0.9664862796450684,36.227738736459514,475.4706143167378,106.2752221958296,9555.66518012781,1.015530440247035e6
228.1563126252505,0.9663555513651143,36.31333590381155,478.8488413111745,109.86406252999188,9553.941868875558,1.0496348668900519e6
229.05811623246493,0.9662248407676494,36.39862486005242,482.2307819022085,113.54962934617731,9552.218868412938,1.0846509119418503e6
229.95991983967937,0.9660941478502818,36.48360671496291,485.61634560629966,117.33300114200696,9550.496178683901,1.1205883790402513e6
230.8617234468938,0.9659634726106202,36.56828257432774,489.0054424215284,121.21517521531977,9548.77379963241,1.1574562892138974e6
231.7635270541082,0.9658328150462735,36.65265353995005,492.3979828290346,125.1970622615043,9547.051731202433,1.1952628300051533e6
232.66533066132266,0.9657021751548509,36.736720709665704,495.7938777943758,129.2794810111194,9545.329973337955,1.234015305033013e6
233.56713426853707,0.9655715529339619,36.82048517735755,499.19303876881554,133.46315293577828,9543.608525982963,1.2737200842624619e6
234.4689378757515,0.9654409483812164,36.90394803296968,502.59537769054026,137.74869705151752,9541.887389081461,1.3143825552582778e6
235.37074148296594,0.9653103614942246,36.98711036252161,506.00080698580473,142.13662484997542,9540.166562577459,1.3560070757113518e6
236.27254509018036,0.9651797922705968,37.069973248122416,509.4092395700092,146.62733538863125,9538.44604641498,1.398596927534053e6
237.17434869739478,0.9650492407079442,37.15253776798478,512.8205888487076,151.22111057206297,9536.725840538054,1.4421542728274553e6
238.07615230460922,0.9649187068038776,37.234804996439095,516.2347687185511,155.9181106566752,9535.005944890723,1.4866801120275275e6
238.97795591182364,0.9647881905560087,37.316776003947325,519.6516935681608,160.71837001157226,9533.28635941704,1.5321742445390625e6
239.8797595190381,0.9646576919619492,37.39845185711708,523.071278278945,165.62179316824836,9531.567084061067,1.5786352321656463e6
240.7815631262525,0.9645272110193113,37.47983361871536,526.4934382258419,170.628151191405,9529.848118766875,1.626060365640081e6
241.68336673346693,0.9643967477257073,37.560922347682464,529.9180892780097,175.73707840264504,9528.129463478544,1.6744456345538811e6
242.58517034068137,0.9642663020787501,37.64171909914576,533.3451477994506,180.94806948781883,9526.411118140171,1.7237857009747576e6
243.4869739478958,0.9641358740760527,37.72222492443338,536.7745306495748,186.26047701757577,9524.693082695856,1.7740738770289344e6
244.3887775551102,0.9640054637152287,37.802440871087924,540.2061551837073,191.6735094091068,9522.97535708971,1.8253021067098267e6
245.29058116232466,0.9638750709938916,37.882367982880126,543.6399392535369,197.18622935515998,9521.257941265858,1.8774609521560878e6
246.19238476953907,0.9637446959096555,37.96200729982233,547.0758012075038,202.7975527442025,9519.54083516843,1.930539584620659e6
247.0941883767535,0.9636143384601349,38.041359858182155,550.5136598911388,208.5062480931014,9517.824038741566,1.9845257803283334e6
247.99599198396794,0.9634839986429443,38.120426690495876,553.9534346473414,214.31093651084427,9516.107551929426,2.039405921391913e6
248.89779559118236,0.963353676455699,38.199208825581906,557.3950453166059,220.21009220875814,9514.391374676168,2.0951650019276522e6
249.7995991983968,0.9632233718960143,38.2777072885542,560.8384122371972,226.20204356932672,9512.675506925965,2.1517866394785345e6
250.70140280561122,0.9630930849615056,38.35592310083551,564.2834562452683,232.2849747821154,9510.959948623002,2.2092530918196035e6
251.60320641282564,0.9629628156497891,38.4338572801708,567.7300986749353,238.4569280515837,9509.24469971147,2.2675452791840015e6
252.5050100200401,0.9628325639584812,38.51151084064038,571.1782613582955,244.7158063775892,9507.52976013557,2.326642811910503e6
253.4068136272545,0.9627023298851983,38.58888479267317,574.6278666253986,251.0593769053803,9505.81512983952,2.386524023475247e6
254.30861723446893,0.9625721134275577,38.6659801430598,578.0788373041713,257.4852748377386,9504.10080876754,2.447166008831084e6
255.21042084168337,0.9624419145831763,38.74279789496576,581.5310967202935,263.99100789777987,9502.386796863862,2.508544667938647e6
256.1122244488978,0.9623117333496719,38.81933904794439,584.9845686970244,270.57396132678144,9500.673094072732,2.5706347543340283e6
257.01402805611224,0.9621815697246624,38.89560459794995,588.4391775549916,277.2314033973634,9498.959700338402,2.633409928539814e6
257.9158316633266,0.9620514237057661,38.971595537350545,591.8948481119276,283.9604914183413,9497.246615605134,2.6968428160884124e6
258.8176352705411,0.9619212952906016,39.04731285494104,595.3515056823649,290.7582782038133,9495.533839817204,2.760905069891294e6
259.7194388777555,0.9617911844767877,39.12275753595593,598.8090760772903,297.62171897543755,9493.821372918896,2.82556743665387e6
260.6212424849699,0.9616610912619437,39.19793056208216,602.2674856037556,304.54767866350295,9492.109214854498,2.890799827004383e6
261.52304609218436,0.9615310156436889,39.27283291147191,605.7266610644448,311.5329395693518,9490.397365568318,2.9565713889767304e6
262.4248496993988,0.9614009576196435,39.3474655587553,609.1865297572054,318.5742093490009,9488.68582500467,3.022850584461935e6
263.32665330661325,0.9612709171874274,39.42182947505308,612.6470194745348,325.6681292754119,9486.974593107876,3.089605268220804e6
264.22845691382764,0.9611408943446613,39.49592562798927,616.1080585030326,332.81128273493255,9485.26366982227,3.1568027690326036e6
265.1302605210421,0.961010889088966,39.56975498170378,619.5695756228129,340.00020391182284,9483.553055092196,3.224409972539937e6
266.03206412825654,0.9608809014179627,39.64331849686489,623.0315001068765,347.2313866136688,9481.842748862005,3.292393405340115e6
266.9338677354709,0.9607509313292726,39.71661713068178,626.4937617204495,354.5012931897944,9480.132751076068,3.3607193198673893e6
267.8356713426854,0.9606209788205178,39.789651836917045,629.9562907202892,361.8063634945234,9478.42306167875,3.429353779608615e6
268.7374749498998,0.9604910438893202,39.86242356589899,633.4190178539453,369.14302384730235,9476.713680614439,3.498262744197112e6
269.6392785571142,0.9603611265333023,39.93493326453408,636.8818743589954,376.5076959423802,9475.004607827528,3.5674121539365784e6
270.54108216432866,0.960231226750087,40.007181876319265,640.3447919622461,383.8968056617282,9473.295843262424,3.636768013316972e6
271.4428857715431,0.9601013445372971,40.0791703413542,643.8077028788937,391.3067917463269,9471.587386863537,3.7062964730985467e6
272.3446893787575,0.9599714798925563,40.15089959635349,647.2705398116597,398.7341142828096,9469.879238575291,3.7759639105584864e6
273.24649298597194,0.9598416328134881,40.22237057465895,650.7332359498959,406.1752629645791,9468.171398342123,3.845737007515318e6
274.1482965931864,0.9597118032977165,40.293584206251666,654.1957249686501,413.6267650889759,9466.463866108475,3.915582825770129e6
275.0501002004008,0.9595819913428661,40.364541417764116,657.6579410277093,421.085193254896,9464.756641818802,3.9854688796308306e6
275.9519038076152,0.9594521969465616,40.43524313249225,661.1198187706102,428.5471727281894,9463.049725417564,4.0553632052139663e6
276.85370741482967,0.9593224201064277,40.5056902704075,664.5812933236199,436.00938844539223,9461.34311684924,4.1252344262494585e6
277.75551102204406,0.9591926608200899,40.57588374816872,668.0423002946909,443.46859162969986,9459.636816058315,4.195051816145839e6
278.6573146292585,0.9590629190851739,40.64582447913416,671.5027757723855,450.9216059965276,9457.930822989278,4.264785356106385e6
279.55911823647295,0.9589331948993057,40.715513373373305,674.9626563247735,458.36533352956474,9456.225137586634,4.334405789120552e6
280.4609218436874,0.9588034882601114,40.784951337678756,678.4218789983062,465.7967598117815,9454.5197597949,4.403884669688928e6
281.3627254509018,0.9586737991652178,40.854139275577985,681.8803813166594,473.2129588993961,9452.8146895586,4.473194409173701e6
282.26452905811624,0.9585441276122517,40.92307808734516,685.3381012795569,480.6110977303375,9451.109926822264,4.542308316700138e6
283.1663326653307,0.9584144735988405,40.99176867001276,688.7949773615622,487.98844006213386,9449.40547153044,4.611200635566732e6
284.0681362725451,0.9582848371226116,41.06021191738336,692.2509485108548,495.34234993751505,9447.701323627682,4.679846575153507e6
284.9699398797595,0.958155218181193,41.12840872004119,695.7059541479742,502.67029467912323,9445.99748305855,4.748222338347298e6
285.87174348697397,0.9580256167722129,41.196359965363705,699.159934164544,509.9698474177783,9444.293949767623,4.816305144531641e6
286.77354709418836,0.9578960328932998,41.26406653753321,702.6128289219779,517.2386891615442,9442.590723699483,4.884073248215278e6
287.6753507014028,0.9577664665420826,41.331529317548295,706.0645792501555,524.4746104153947,9440.887804798724,4.951505953397262e6
288.57715430861725,0.9576369177161906,41.39874918323533,709.5151264460832,531.6755123637308,9439.18519300995,5.018583623789706e6
289.47895791583164,0.9575073864132532,41.46572700925989,712.9644122725305,538.839407630079,9437.482888277775,5.085287689038603e6
290.3807615230461,0.9573778726309,41.53246366713812,716.4123789566465,545.9644206302435,9435.780890546823,5.151600647101318e6
291.28256513026054,0.9572483763667615,41.598960025248076,719.8589691885594,553.0487875368349,9434.079199761729,5.217506062954698e6
292.1843687374749,0.9571188976184679,41.66521694884103,723.3041261199494,560.0908558744958,9432.377815867136,5.282988563820631e6
293.0861723446894,0.9569894363836502,41.73123530005276,726.7477933626133,567.0890837663659,9430.676738807699,5.348033831107237e6
293.9879759519038,0.9568599926599393,41.79701593791469,730.189914986998,574.0420388531968,9428.97596852808,5.412628589271655e6
294.8897795591182,0.9567305664449667,41.86255971836516,733.6304355207275,580.9483969073243,9427.275504972955,5.4767605918177245e6
295.79158316633266,0.9566011577363642,41.9278674942605,737.0692999471045,587.8069401641178,9425.575348087008,5.540418604645364e6
296.6933867735471,0.9564717665317638,41.99294011538613,740.5064537035986,594.6165553938682,9423.87549781493,5.603592386971389e6
297.59519038076155,0.956342392828798,42.05777842846767,743.9418426803167,601.3762317371438,9422.175954101429,5.666272670041845e6
298.49699398797594,0.9562130366250993,42.12238327718188,747.3754132184569,608.0850583265593,9420.476716891217,5.72845113385479e6
299.3987975951904,0.9560836979183008,42.18675550216771,750.8071121087486,614.7422217176618,9418.777786129016,5.790120382109911e6
300.30060120240483,0.9559543767060359,42.2508959410372,754.2368865898741,621.3470031512154,9417.079161759564,5.851273915597064e6
301.2024048096192,0.9558250729859383,42.31480542838638,757.6646843468781,627.8987756686633,9415.3808437276,5.911906104230747e6
302.10420841683367,0.9556957867556419,42.37848479580616,761.0904535095624,634.3970011018644,9413.682831977882,5.972012157930873e6
303.0060120240481,0.955566518012781,42.441934871893075,764.514142650861,640.8412269574573,9411.98512645517,6.03158809654287e6
303.9078156312625,0.9554372667549903,42.505156482260176,767.9357007852137,647.231083215402,9410.28772710424,6.09063071898228e6
304.80961923847696,0.9553080329799047,42.56815044954769,771.3550773669132,653.5662790602577,9408.590633869875,6.149137571779526e6
305.7114228456914,0.9551788166851595,42.63091759343374,774.7722222884471,659.8465995628754,9406.893846696868,6.207106917191866e6
306.6132264529058,0.9550496178683902,42.69345873064505,778.1870858788258,666.0719023291158,9405.197365530024,6.264537701039372e6
307.51503006012024,0.9549204365272327,42.75577467496751,781.5996189018972,672.2421141311773,9403.501190314155,6.32142952041183e6
308.4168336673347,0.9547912726593234,42.81786623725684,785.0097725546512,678.357227536059,9401.805320994086,6.377782591383316e6
309.3186372745491,0.9546621262622986,42.87973422544903,788.41749846551,684.4172975446015,9400.109757514647,6.433597716860814e6
310.2204408817635,0.9545329973337954,42.94137944457099,791.8227486926132,690.4224382534977,9398.414499820687,6.488876254683225e6
311.12224448897797,0.9544038858714509,43.00280269675094,795.2254757220855,696.372819551568,9396.719547857054,6.543620086076552e6
312.02404809619236,0.9542747918729024,43.06400478122883,798.6256324662968,702.2686638605896,9395.024901568613,6.5978315845615575e6
312.9258517034068,0.9541457153357881,43.12498649436681,802.0231722621154,708.110242929932,9393.330560900238,6.651513585400223e6
313.82765531062125,0.9540166562577459,43.18574862965956,805.418048869148,713.897874693247,9391.636525796812,6.704669355657814e6
314.72945891783564,0.9538876146364142,43.24629197774455,808.8102164679678,719.631920194522,9389.942796203226,6.757302564948446e6
315.6312625250501,0.9537585904694319,43.306617326412486,812.1996296583454,725.31278058991,9388.249372064385,6.809417256923495e6
316.53306613226454,0.9536295837544382,43.366725460617374,815.5862434574523,730.9408942307954,9386.556253325203,6.861017821553188e6
317.434869739479,0.9535005944890723,43.42661716248688,818.9700132980762,736.516733832848,9384.863439930601,6.912108968244993e6
318.3366733466934,0.9533716226709741,43.486293211332416,822.3508950268136,742.0408037349022,9383.170931825513,6.962695699833774e6
319.2384769539078,0.9532426682977835,43.54575438365934,825.7288449022625,747.5136372508657,9381.478728954879,7.0127832874726895e6
320.14028056112227,0.9531137313671411,43.60500145317702,829.1038195932028,752.9357941171114,9379.786831263653,7.062377246446722e6
321.04208416833666,0.9529848118766874,43.66403519080892,832.475776176776,758.307858037204,9378.0952386968,7.111483312925072e6
321.9438877755511,0.9528559098240635,43.72285636470262,835.8446721366504,763.6304343251886,9376.403951199289,7.160107421662727e6
322.84569138276555,0.9527270252069108,43.78146574023984,839.210465361186,768.904147648159,9374.712968716105,7.208255684656799e6
323.74749498997994,0.9525981580228707,43.83986408004635,842.573114141591,774.129639868302,9373.02229119224,7.255934370758215e6
324.6492985971944,0.9524693082695855,43.89805214400194,845.9325771700716,779.3075679841705,9371.331918572696,7.303149886235318e6
325.55110220440883,0.9523404759446974,43.956030689250284,849.2888135379776,784.4386021705276,9369.641850802484,7.349908756281975e6
326.4529058116232,0.9522116610458489,44.01380047020879,852.641782733941,789.5234239157436,9367.952087826627,7.396217607459517e6
327.3547094188377,0.9520828635706828,44.07136223857843,855.991444642012,794.5627242553958,9366.262629590157,7.442083151058663e6
328.2565130260521,0.9519540835168427,44.12871674335352,859.3377595397884,799.5572021004318,9364.573476038116,7.487512167364951e6
329.1583166332665,0.951825320881972,44.18586473083144,862.6806880965394,804.5075626580065,9362.884627115556,7.532511490808854e6
330.06012024048096,0.9516965756637147,44.24280694462239,866.0201913713291,809.4145159428922,9361.19608276754,7.577087995979787e6
330.9619238476954,0.9515678478597147,44.29954412565902,869.3562308111307,814.2787753771556,9359.507842939136,7.621248584481363e6
331.8637274549098,0.9514391374676168,44.356077012206086,872.6887682489399,819.1010564756614,9357.81990757543,7.6650001726040095e6
332.76553106212424,0.9513104444850657,44.4124063398701,876.0177659018875,823.88207561482,9356.132276621509,7.70834967978974e6
333.6673346693387,0.9511817689097066,44.468532841608834,879.343186369341,828.6225488818826,9354.444950022478,7.751304017862881e6
334.56913827655313,0.9510531107391851,44.52445724774089,882.6649926310107,833.323191002034,9352.757927723445,7.793870081000073e6
335.4709418837675,0.9509244699711469,44.580180285955194,885.9831480450478,837.9847143404445,9351.071209669537,7.836054736412082e6
336.37274549098197,0.950795846603238,44.63570268132049,889.2976163461441,842.6078279764258,9349.38479580588,7.877864815709812e6
337.2745490981964,0.950667240633105,44.69102515629473,892.608361643625,847.1932368467893,9347.698686077614,7.919307106926573e6
338.1763527054108,0.9505386520583946,44.74614843073453,895.9153484195444,851.7416409555259,9346.012880429895,7.96038834716884e6
339.07815631262525,0.9504100808767538,44.80107322190448,899.2185415267738,856.2537346469073,9344.327378807879,8.001115215867592e6
339.9799599198397,0.9502815270858301,44.855800244486524,902.5179061870916,860.73020593915,9342.642181156738,8.041494328602828e6
340.8817635270541,0.9501529906832712,44.91033021058922,905.8134079892719,865.1717359158021,9340.957287421656,8.081532231473955e6
341.78356713426854,0.9500244716667251,44.96466382975704,909.1050128871692,869.5789981720582,9339.272697547818,8.121235395989287e6
342.685370741483,0.9498959700338401,45.01880180897959,912.3926871978042,873.9526583132587,9337.588411480427,8.160610214448397e6
343.5871743486974,0.9497674857822649,45.07274485270077,915.6763975994465,878.293373502881,9335.904429164693,8.199662995791547e6
344.4889779559118,0.9496390189096484,45.12649366282805,918.9561111297011,882.60179205741,9334.220750545835,8.238399961891216e6
345.39078156312627,0.9495105694136401,45.18004893874145,922.2317951835861,886.8785530855096,9332.537375569087,8.276827244261151e6
346.29258517034066,0.9493821372918894,45.23341137730278,925.5034175116187,891.1242861690383,9330.854304179684,8.314950881159419e6
347.1943887775551,0.9492537225420463,45.286581672864614,928.7709462178952,895.3396110834813,9329.171536322878,8.352776815062408e6
348.09619238476955,0.9491253251617612,45.33956051727938,932.0343497581739,899.5251375554811,9327.489071943928,8.39031089048761e6
348.99799599198394,0.9489969451486844,45.39234859990833,935.293596937956,903.6814650552193,9325.806910988103,8.427558852143819e6
349.8997995991984,0.948868582500467,45.444946607630534,938.548656910569,907.8091826214815,9324.125053400683,8.464526343388151e6
350.80160320641284,0.9487402372147601,45.49735522485179,941.7994991752479,911.9088687173263,9322.443499126957,8.501218904970057e6
351.7034068136273,0.9486119092892153,45.54957513351354,945.0460935752203,915.9810911143651,9320.762248112225,8.537641974043418e6
352.6052104208417,0.9484835987214844,45.60160701310178,948.2884102957888,920.0264068037288,9319.081300301794,8.57380088342848e6
353.5070140280561,0.9483553055092195,45.65345154065584,951.5264198624177,924.0453619319018,9317.400655640986,8.609700861106314e6
354.40881763527057,0.9482270296500732,45.70510939077723,954.7600931388175,928.0384917596648,9315.720314075126,8.645347029929152e6
355.31062124248496,0.9480987711416982,45.75658123563842,957.9894013250331,932.0063206424836,9314.040275549552,8.680744407530842e6
356.2124248496994,0.9479705299817476,45.807867744991576,961.2143159555333,935.949362030756,9312.360540009617,8.715897906422388e6
357.11422845691385,0.9478423061678749,45.85896958617727,964.4348088972989,939.8681184883978,9310.681107400676,8.750812334258147e6
358.01603206412824,0.9477140996977338,45.90988742413316,967.6508523479173,943.763081728346,9309.001977668098,8.785492394259313e6
358.9178356713427,0.9475859105689783,45.960621921402684,970.8624188336751,947.6347326636068,9307.32315075726,8.819942685781654e6
359.81963927855713,0.947457738779263,46.011173738143626,974.0694812076533,951.4835414725626,9305.64462661355,8.854167705015384e6
360.7214428857715,0.9473295843262423,46.061543532136724,977.272012647826,955.3099676773242,9303.966405182366,8.888171845805675e6
361.62324649298597,0.9472014472075715,46.11173195879425,980.4699866551612,959.1144602339674,9302.288486409116,8.921959400582928e6
362.5250501002004,0.9470733274209057,46.16173967116852,983.6633770517217,962.8974576335737,9300.610870239216,8.95553456139252e6
363.4268537074148,0.9469452249639007,46.211567319960366,986.8521579787704,966.6593880130458,9298.933556618094,8.988901421014423e6
364.32865731462925,0.9468171398342123,46.26121555352769,990.036303894882,970.4006692747433,9297.256545491187,9.022063974163637e6
365.2304609218437,0.9466890720294969,46.31068501789379,993.2157895740457,974.121709214011,9295.579836803943,9.055026118762756e6
366.1322645290581,0.9465610215474112,46.35997635675582,996.3905901037848,977.8229056537799,9293.903430501816,9.087791657278918e6
367.03406813627254,0.946432988385612,46.4090902114932,999.560680883271,981.5046465854172,9292.227326530274,9.120364298117451e6
367.935871743487,0.9463049725417565,46.45802722117589,1002.726037621443,985.1673103150887,9290.551524834795,9.15274765706524e6
368.8376753507014,0.9461769740135023,46.50678802257275,1005.8866363351299,988.8112656149377,9288.876025360863,9.184945258777328e6
369.7394789579158,0.9460489927985072,46.55537325015981,1009.0424533471768,992.4368718784211,9287.200828053974,9.216960538300568e6
370.64128256513027,0.9459210288944295,46.60378353612856,1012.1934652845753,996.0444792792017,9285.525932859635,9.248796842628699e6
371.5430861723447,0.9457930822989277,46.65201951039411,1015.3396490765938,999.6344289330212,9283.851339723358,9.280457432283424e6
372.4448897795591,0.9456651530096605,46.70008180060344,1018.4809819529157,1003.2070530620359,9282.177048590675,9.311945482916716e6
373.34669338677355,0.9455372410242872,46.747971032143575,1021.6174414417817,1006.762675161125,9280.503059407118,9.343264086929714e6
374.248496993988,0.945409346340467,46.79568782814966,1024.7490053681292,1010.301610165704,9278.82937211823,9.374416255103877e6
375.1503006012024,0.9452814689558598,46.84323280951312,1027.8756518517434,1013.824164620646,9277.15598666957,9.405404918240702e6
376.05210420841684,0.9451536088681258,46.89060659488974,1030.9973593054099,1017.330636849906,9275.4829030067,9.436232928806221e6
376.9539078156313,0.9450257660749254,46.93780980070768,1034.114106433069,1020.8213171264953,9273.810121075194,9.466903062577002e6
377.8557114228457,0.9448979405739191,46.984843041175544,1037.2258722279778,1024.2964878424782,9272.13764082064,9.497418020284623e6
378.7575150300601,0.9447701323627681,47.03170692829032,1040.3326359708738,1027.7564236786873,9270.46546218863,9.527780429255774e6
379.65931863727457,0.9446423414391336,47.07840207184538,1043.4343772281447,1031.2013917738802,9268.793585124766,9.557992845045472e6
380.56112224448896,0.9445145678006774,47.124929079438395,1046.5310758500013,1034.631651893083,9267.122009574665,9.588057753060983e6
381.4629258517034,0.9443868114450615,47.17128855647927,1049.6227119686578,1038.0474565948946,9265.450735483948,9.617977570174407e6
382.36472945891785,0.9442590723699482,47.217481106197965,1052.7092659965112,1041.4490513975297,9263.779762798253,9.647754646321874e6
383.26653306613224,0.944131350573,47.26350732965241,1055.7907186243326,1044.8366749434283,9262.10909146322,9.67739126608773e6
384.1683366733467,0.9440036460518799,47.3093678257363,1058.8670508194577,1048.2105591622403,9260.438721424502,9.706889650272038e6
385.07014028056113,0.9438759588042512,47.35506319118686,1061.9382438239832,1051.5709294320413,9258.768652627761,9.736251957440024e6
385.9719438877755,0.9437482888277774,47.400594020592635,1065.0042791529709,1054.9180047386428,9257.098885018671,9.765480285452211e6
386.87374749498997,0.9436206361201224,47.445960906401254,1068.0651385926553,1058.2519978328642,9255.429418542917,9.794576672974106e6
387.7755511022044,0.9434930006789504,47.49116443892707,1071.1208041986522,1061.5731153856605,9253.760253146187,9.823543100964395e6
388.67735470941886,0.9433653825019258,47.53620520635892,1074.171258294182,1064.8815581410174,9252.091388774184,9.852381494140944e6
389.57915831663325,0.9432377815867136,47.581083794767714,1077.2164834682878,1068.1775210665146,9250.422825372623,9.881093722423634e6
390.4809619238477,0.9431101979309788,47.6258007881141,1080.2564625740656,1071.4611935014939,9248.754562887223,9.909681602353532e6
391.38276553106215,0.9429826315323869,47.67035676825603,1083.2911787268968,1074.7327593027694,9247.086601263714,9.93814689848782e6
392.28456913827654,0.9428550823886038,47.714752314956385,1086.3206153026888,1077.9923969878237,9245.41894044784,9.966491324769992e6
393.186372745491,0.9427275504972955,47.75898800589045,1089.3447559361168,1081.2402798754467,9243.751580385351,9.99471654587496e6
394.08817635270543,0.9426000358561284,47.80306441665349,1092.363584518876,1084.4765762237832,9242.084521022009,1.002282417852877e7
394.9899799599198,0.9424725384627691,47.846982120768196,1095.3770851979352,1087.7014493657623,9240.417762303581,1.005081579280274e7
395.89178356713427,0.9423450583148849,47.89074168969218,1098.3852423738,1090.9150578418853,9238.75130417585,1.007869291338179e7
396.7935871743487,0.9422175954101429,47.934343692825394,1101.388040698779,1094.1175555303596,9237.085146584606,1.0106457020806942e7
397.6953907815631,0.942090149746211,47.97778869751754,1104.3854650752542,1097.3090917745706,9235.41928947565,1.0134109552691877e7
398.59719438877755,0.941962721320757,48.02107726907545,1107.3775006539624,1100.4898115078895,9233.75373279479,1.016165190491361e7
399.498997995992,0.9418353101314492,48.064209970770456,1110.3641328322785,1103.6598553758213,9232.088476487846,1.0189085432777364e7
400.4008016032064,0.9417079161759563,48.1071873638457,1113.345347252506,1106.8193598554951,9230.423520500648,1.0216411452155633e7
401.30260521042084,0.9415805394519473,48.15001000752346,1116.3211298001715,1109.9684573725135,9228.758864779033,1.0243631240601692e7
402.2044088176353,0.9414531799570912,48.19267845901241,1119.291466602331,1113.107276415176,9227.09450926885,1.0270746038437676e7
403.1062124248497,0.9413258376890579,48.23519327351487,1122.2563440258725,1116.2359416460888,9225.43045391596,1.0297757049817387e7
404.0080160320641,0.9411985126455169,48.27755500423401,1125.2157486758344,1119.3545740111945,9223.76669866623,1.032466544376418e7
404.90981963927857,0.9410712048241388,48.31976420238112,1128.1696673937256,1122.4632908462372,9222.103243465537,1.0351472355184086e7
405.811623246493,0.9409439142225937,48.3618214171827,1131.118087255851,1125.5622059806929,9220.44008825977,1.037817888585448e7
406.7134268537074,0.9408166408385527,48.403727195887654,1134.0609955716438,1128.6514298391942,9218.777232994826,1.040478610538862e7
407.61523046092185,0.9406893846696868,48.445482083774394,1136.9983798820072,1131.7310695404872,9217.114677616612,1.0431295052176371e7
408.5170340681363,0.9405621457136675,48.487086624157946,1139.9302279576582,1134.8012289939456,9215.452422071045,1.0457706734301455e7
409.4188376753507,0.9404349239681666,48.528541358397,1142.8565277974783,1137.862008993678,9213.790466304055,1.048402213043553e7
410.32064128256513,0.9403077194308561,48.56984682590098,1145.777267626874,1140.9135073102755,9212.128810261574,1.0510242190709569e7
411.2224448897796,0.9401805320994084,48.611003564137036,1148.6924358961382,1143.9558187802197,9210.46745388955,1.0536367837562786e7
412.12424849699397,0.9400533619714964,48.65201210863707,1151.6020212788253,1146.989035393009,9208.806397133942,1.056239996656963e7
413.0260521042084,0.9399262090447928,48.69287299300467,1154.5060126701253,1150.0132463760256,9207.14563994071,1.0588339447245086e7
413.92785571142286,0.9397990733169713,48.733586748922065,1157.4043991852475,1153.0285382771938,9205.485182255836,1.0614187123828813e7
414.82965931863725,0.9396719547857053,48.774153906157075,1160.2971701578138,1156.0349950454704,9203.825024025302,1.0639943816048466e7
415.7314629258517,0.9395448534486688,48.814574992569945,1163.1843151382527,1159.0326981091998,9202.165165195102,1.0665610319862569e7
416.63326653306615,0.9394177693035362,48.85485053412026,1166.0658238922038,1162.021726452386,9200.505605711242,1.0691187408183433e7
417.53507014028054,0.939290702347982,48.89498105487377,1168.9416863989284,1165.0021566889184,9198.846345519738,1.071667583158047e7
418.436873747495,0.939163652579681,48.93496707700921,1171.8118928497254,1167.974063134789,9197.187384566612,1.074207631896429e7
419.33867735470943,0.9390366199963087,48.974809120825114,1174.6764336463552,1170.9375178783541,9195.528722797899,1.0767389578252083e7
420.2404809619238,0.9389096045955406,49.01450770474654,1177.535299399469,1173.89259084867,9193.870360159643,1.0792616297014596e7
421.14228456913827,0.9387826063750524,49.054063345331876,1180.3884809270464,1176.8393498819532,9192.212296597896,1.0817757143105164e7
422.0440881763527,0.9386556253325202,49.09347655727951,1183.2359692528387,1179.7778607862049,9190.554532058724,1.0842812765271202e7
422.9458917835671,0.9385286614656209,49.132747853434545,1186.0777556048167,1182.708187404035,9188.897066488198,1.0867783793748511e7
423.84769539078155,0.9384017147720308,49.171877744795495,1188.9138314136321,1185.63039167374,9187.2398998324,1.08926708408389e7
424.749498997996,0.9382747852494273,49.210866740520885,1191.7441883110755,1188.5445336886557,9185.583032037426,1.0917474501471352e7
425.65130260521045,0.9381478728954877,49.24971534793592,1194.5688181285514,1191.4506717548497,9183.926463049373,1.0942195353747316e7
426.55310621242484,0.93802097770789,49.28842407253908,1197.3877128955542,1194.348862447172,9182.270192814356,1.09668339594704e7
427.4549098196393,0.9378940996843119,49.32699341800867,1200.2008648381498,1197.2391606637102,9180.614221278496,1.0991390864660788e7
428.35671342685373,0.937767238822432,49.36542388620941,1203.0082663774697,1200.1216196786966,9178.958548387924,1.1015866600054933e7
429.2585170340681,0.9376403951199289,49.40371597719893,1205.8099101282055,1202.9962911938915,9177.303174088782,1.1040261681590732e7
430.16032064128257,0.9375135685744816,49.4418701892343,1208.6057888971166,1205.863225388492,9175.648098327218,1.1064576610878643e7
431.062124248497,0.9373867591837695,49.47988701877852,1211.395895681539,1208.722470967597,9173.993321049396,1.1088811875659058e7
431.9639278557114,0.9372599669454721,49.51776696050695,1214.1802236679036,1211.5740752092645,9172.338842201483,1.1112967950246278e7
432.86573146292585,0.9371331918572695,49.55551050731378,1216.9587662302642,1214.4180840102058,9170.684661729661,1.1137045295959517e7
433.7675350701403,0.9370064339168418,49.5931181503184,1219.7315169288247,1217.2545419301377,9169.030779580118,1.116104436154113e7
434.6693386773547,0.9368796931218696,49.63059037887187,1222.4984695084827,1220.0834922348436,9167.377195699055,1.118496558356257e7
435.57114228456913,0.9367529694700338,49.66792768056318,1225.2596178973706,1222.9049769379594,9165.723910032679,1.1208809386818217e7
436.4729458917836,0.9366262629590156,49.705130541225685,1228.014956205413,1225.7190368415404,9164.07092252721,1.1232576184707617e7
437.37474949899797,0.9364995735864966,49.74219944494338,1230.7644787228828,1228.5257115754162,9162.418233128876,1.1256266379606219e7
438.2765531062124,0.9363729013501584,49.77913487405721,1233.5081799189686,1231.3250396353867,9160.765841783914,1.1279880363225074e7
439.17835671342687,0.9362462462476834,49.81593730917136,1236.246054440349,1234.117058420281,9159.113748438573,1.1303418516959764e7
440.08016032064126,0.9361196082767538,49.85260722915946,1238.9780971097712,1236.901804267907,9157.46195303911,1.1326881212228786e7
440.9819639278557,0.9359929874350525,49.889145111170905,1241.704302924641,1239.6793124899352,9155.810455531791,1.1350268810801812e7
441.88376753507015,0.9358663837202627,49.92555143063698,1244.4246670556151,1242.4496174057274,9154.159255862896,1.1373581665117953e7
442.7855711422846,0.9357397971300675,49.96182666127706,1247.1391848452,1245.2127523751517,9152.508353978708,1.1396820118594397e7
443.687374749499,0.9356132276621508,49.997971275104824,1249.8478518063653,1247.968749830417,9150.857749825525,1.1419984505925743e7
444.58917835671343,0.9354866753141966,50.03398574243435,1252.5506636211555,1250.717641306934,9149.207443349651,1.1443075153374119e7
445.4909819639279,0.9353601400838891,50.069870531886245,1255.2476161393108,1253.459457473249,9147.557434497405,1.14660923790505e7
446.39278557114227,0.9352336219689132,50.10562611039375,1257.9387053768999,1256.1942281600716,9145.90772321511,1.1489036493187442e7
447.2945891783567,0.9351071209669536,50.14125294320882,1260.6239275149528,1258.921982388415,9144.2583094491,1.1511907798403397e7
448.19639278557116,0.9349806370756957,50.17675149390815,1263.3032788981036,1261.6427483968785,9142.609193145721,1.1534706589958936e7
449.09819639278555,0.934854170292825,50.212122224399245,1265.976756033242,1264.3565536681044,9140.960374251328,1.1557433156005116e7
450.0,0.9347277206160275,50.2473655949264,1268.6443555881683,1267.0634249544157,9139.311852712282,1.1580087777824111e7
