t,k,m,lambda,k_baseline,m_baseline,lambda_baseline
0,0.008055010829881904,0.0005676270194373028,0.007480636841111042,0.005399435230304014,0.00022103418361512928,0.0008300292306841371
1,0.008221899063177888,0.0005744650777000027,0.008010031554551801,0.005436498825114265,0.00022179315686222446,0.0008559972521176766
2,0.008389656740860223,0.0005812955567803978,0.008568458706529263,0.0054733191608924295,0.00022254791549178042,0.000882455797443978
3,0.008558094892978776,0.0005881124295546061,0.009156487610286335,0.005509876851393534,0.00022329817403321758,0.0009093922310465952
4,0.008727015858722292,0.0005949095349701305,0.009774578065300327,0.005546152385316126,0.0002240436463025218,0.0009367923559219449
5,0.008896213569496448,0.0006016805873572284,0.010423066446734085,0.005582126143355909,0.00022478404555915607,0.0009646403769525275
6,0.009065473883342376,0.000608419186443064,0.011102151669565529,0.005617778415788493,0.00022551908466642736,0.0009929188683790195
7,0.009234574971235972,0.000615118828053454,0.011811881193705381,0.005653089420561074,0.00022624847625519337,0.0010216087458651767
8,0.009403287755452119,0.000621772915482907,0.012552137253418933,0.00568803932187104,0.00022697193289077252,0.0010506892435453944
9,0.009571376399801903,0.0006283747715094701,0.013322623509831922,0.005722608249207963,0.00022768916724292298,0.001080137896437703
10,0.009738598851155675,0.0006349176510267272,0.014122852338716494,0.005756776316833858,0.00022839989225873942,0.0011099305285947661
11,0.009904707431255294,0.00064139475426111,0.014952132976606731,0.005790523643674808,0.00022910382133831757,0.0011400412473519714
12,0.01006944947739811,0.0006477992405385754,0.015809560756076552,0.005823830373595744,0.0002298006685130248,0.001170442444014909
13,0.0102325680301469,0.0006541242425606394,0.016694007665241192,0.005856676696028448,0.00023049014862620842,0.0012011048013082762
14,0.010393802565788758,0.0006603628811458494,0.017604114466769686,0.005889042866921509,0.0002311719775161688,0.0012319973078846282
15,0.010552889770836302,0.0006665082803889835,0.018538284607527974,0.005920909229979462,0.00023184587220121625,0.0012630872801642735
16,0.010709564355440654,0.0006725535831866709,0.019494680141090938,0.005952256238157119,0.00023251155106662074,0.0012943403917470917
17,0.010863559902173612,0.0006784919670747439,0.020471219871532966,0.005983064475373613,0.00023316873405326662,0.0013257207106032378
18,0.011014609746239225,0.0006843166603195006,0.021465579908006113,0.006013314678409684,0.0002338171428478077,0.00135719074421253
19,0.011162447882800419,0.0006900209582022014,0.0224751967956247,0.006042987758950459,0.0002344565010741227,0.0013887114927821909
20,0.011306809896755352,0.0006955982394335785,0.023497273359217568,0.006072064825734915,0.00023508653448585346,0.0014202425106293838
21,0.011447433909980459,0.0007010419826329375,0.02452878736282741,0.00610052720677245,0.0002357069711598164,0.0014517419757692413
22,0.011584061540772366,0.0007063457828045806,0.025566503049826987,0.006128356471585809,0.00023631754169006774,0.001483166767700666
23,0.011716438869977018,0.0007115033677428524,0.02660698558670532,0.006155534453439099,0.0002369179793823888,0.0015144725533317634
24,0.011844317408093302,0.0007165086142960288,0.02764661838862279,0.0061820432715088925,0.00023750802044897353,0.0015456138809343991
25,0.011967455057484517,0.0007213555644187023,0.02868162325752208,0.006207865352955759,0.00023808740420307856,0.0015765442819635413
26,0.01208561706372711,0.0007260384409420945,0.02970808321481486,0.00623298345485328,0.00023865587325340112,0.001607216380522125
27,0.01219857695007427,0.0007305516629920407,0.03072196786142921,0.0062573806859311295,0.00023921317369794958,0.001637582010196547
28,0.012306117429014937,0.0007348898609850926,0.03171916104935856,0.006281040528088726,0.00023975905531715839,0.001667592337932073
29,0.012408031284966507,0.0007390478911344086,0.03269549060190399,0.006303946857635717,0.0002402932717660104,0.001697197994561766
30,0.012504122222254083,0.0007430208493987132,0.03364675977566151,0.006326083966215733,0.00024081558076491908,0.0017263492115477
31,0.012594205672698883,0.0007468040848097551,0.03456878011707405,0.006347436581369899,0.00024132574428911919,0.0017549959634394644
32,0.01267810955736324,0.0007503932121161882,0.03545740533109508,0.006367989886696991,0.00024182352875632982,0.001783088115503018
33,0.012755674997278383,0.0007537841236848113,0.036308565750161156,0.006387729541567329,0.0002423087052124289,0.0018105755759231933
34,0.012826756968310149,0.0007569730006034626,0.037118302969104025,0.006406641700348372,0.00024278104951490101,0.0018374084519361112
35,0.012891224895695387,0.0007599563229336332,0.037882804196556104,0.006424713031100253,0.00024324034251380796,0.0018635372092039762
36,0.012948963184203814,0.0007627308790650096,0.03859843586637355,0.006441930733700637,0.00024368637023003653,0.0018889128337046426
37,0.012999871680342171,0.0007652937741285957,0.03926177605397035,0.006458282557358974,0.0002441189240305758,0.0019134869953724568
38,0.01304386606351505,0.0007676424374298414,0.03986964525239218,0.00647375681748137,0.00024453780080059074,0.0019372122126954773
39,0.013080878163584594,0.000769774628868226,0.04041913508140582,0.006488342411848435,0.0002449428031120386,0.0019600420174480603
40,0.013110856202823777,0.0007716884443150043,0.040907634529575576,0.006502028836069814,0.0002453337393886037,0.0019819311187166916
41,0.01313376496082868,0.0007733823199262406,0.04133285336376983,0.006514806198280394,0.00024571042406670927,0.0020028355653619375
42,0.0131495858615385,0.0007748550353738795,0.041692842382116894,0.0065266652330448,0.0002460726777523796,0.0020227129060500088
43,0.013158316982101828,0.0007761057159832403,0.04198601023425836,0.006537597314438385,0.0002464203273737248,0.0020415223459845228
44,0.013159972983915929,0.0007771338337711074,0.042211136585817884,0.006547594468274689,0.0002467532063288332,0.002059224899472386
45,0.013154584966748786,0.0007779392073843231,0.04236738146117578,0.006556649383451046,0.00024707115462884875,0.002075783537467521
46,0.013142200247422502,0.0007785220009445284,0.04245429065867494,0.006564755422386139,0.00024737401903603064,0.002091163329252617
47,0.013122882065087143,0.0007788827218103432,0.04247179719397945,0.0065719066305250816,0.0002476616531965863,0.00210533157744192
48,0.013096709215639936,0.0007790222172738338,0.04242021878913673,0.006578097744889985,0.0002479339177680893,0.0021182579455174284
49,0.013063775618340165,0.0007789416702134652,0.042300251485638235,0.006583324201655785,0.0002481906805412818,0.002129914577146472
50,0.013024189818131636,0.0007786425937309652,0.042112959518164746,0.006587582142733703,0.00024843181655609186,0.002140276206570392
51,0.012978074427605577,0.0007781268248044373,0.04185976164054242,0.006590868421346684,0.00024865720821167766,0.0021493202594014458
52,0.012925565512916523,0.000777396516994776,0.04154241414565928,0.006593180606583748,0.0002488667453703497,0.002157026943218133
53,0.012866811928295923,0.0007764541322468027,0.04116299086574355,0.0065945169869224725,0.0002490603254551989,0.0021633793274071287
54,0.012801974604092638,0.0007753024318306196,0.0407238604777169,0.006594876572711199,0.00024923785354128797,0.002168363411762673
55,0.012731225793503421,0.0007739444664723545,0.0402276614696965,0.006594259097605172,0.0002493992424402731,0.002171968183421083
56,0.012654748283338214,0.0007723835657268458,0.03967727514871308,0.006592665018953148,0.0002495444127783144,0.002174185661778436
57,0.01257273457429519,0.0007706233266477091,0.039075797086110774,0.006590095517133548,0.00024967329306716955,0.0021750109311128216
58,0.012485386036298536,0.0007686676018128032,0.038426507405859,0.0065865524938417954,0.0002497858197683486,0.0021744421607083645
59,0.012392912044478536,0.0007665204867652082,0.03773284032227846,0.00658203856933283,0.00024988193735024156,0.0021724806123556363
60,0.012295529101350062,0.0007641863069315395,0.03699835332777483,0.006576557078625345,0.00024996159833812556,0.0021691306351817818
61,0.012193459950674857,0.0007616696040806973,0.0362266964185474,0.0065701120666767565,0.0002500247633569736,0.0021643996478425327
62,0.012086932688375934,0.000758975122386993,0.03542158172749198,0.006562708282540333,0.00025007140116700227,0.0021582981081870387
63,0.011976179875713311,0.0007561077941620478,0.03458675390935081,0.006554351172518185,0.0002501014886919013,0.002150839470584219
64,0.011861437659731185,0.0007530727253198793,0.03372596159436668,0.006545046872326308,0.00025011501103969983,0.002142040131175412
65,0.011742944905752985,0.0007498751806392195,0.03284293019411862,0.006534802198290043,0.00025011196151624045,0.002131919361391999
66,0.011620942346433745,0.0007465205688863616,0.03194133630773329,0.006523624637590606,0.0002500923416312367,0.0021204992301476384
67,0.011495671751585675,0.0007430144278607287,0.031024783939164594,0.00651152233758541,0.00025005616109690683,0.0021078045151822497
68,0.011367375122675338,0.0007393624094238851,0.030096782697586397,0.006498504094227037,0.0002500034378191857,0.0020938626040983696
69,0.011236293915553934,0.0007355702645709447,0.029160728113983795,0.0064845793396076795,0.00024993419788152643,0.0020787033856893692
70,0.011102668294630977,0.0007316438286012491,0.028219884168536817,0.006469758128657758,0.0002498484755213199,0.0020623591322130753
71,0.010966736421339109,0.000727589006442844,0.027277368086076222,0.006454051125029331,0.0002497463130989671,0.0020448643733127197
72,0.010828733779369736,0.0007234117581827013,0.026336137421381477,0.00643746958619636,0.0002496277610596521,0.0020262557623300643
73,0.010688892538787425,0.0007191180848518019,0.025398979422922085,0.00642002534780584,0.0002494928778878745,0.0020065719357922314
74,0.010547440960762376,0.0007147140145112419,0.024468502633254972,0.006401730807315007,0.00024934173005481406,0.001985853366884275
75,0.010404602844294397,0.0007102055886823323,0.023547130657023425,0.006382598906951343,0.0002491743919586052,0.0019641422137436403
76,0.010260597015946697,0.0007055988491604133,0.022637098003602182,0.006362643116033343,0.00024899094585761607,0.0019414821634302268
77,0.010115636863261687,0.000700899825248712,0.021740447891044203,0.006341877412691106,0.0002487914817968341,0.0019179182724368175
78,0.009969929912200477,0.0006961145214451133,0.020859031881171188,0.006320316265026898,0.00024857609752746985,0.0018934968046091614
79,0.00982367744863281,0.0006912489056112442,0.01999451120238809,0.006297974611756589,0.00024834489841990494,0.0018682650673432282
80,0.009677074183607777,0.0006863088976497215,0.019148359606996228,0.0062748678423738555,0.0002480979973701109,0.0018422712469189422
81,0.00953030796185936,0.000681300358711946,0.01832186760327766,0.006251011776879347,0.0002478355146996891,0.0018155642438156963
82,0.009383559512745955,0.000676229080955331,0.017516147899208603,0.006226422645117921,0.00024755757804967895,0.0017881935088349904
83,0.009237002242590497,0.0006711007778654232,0.016732141894087203,0.006201117065767021,0.00024726432226829194,0.0017602088808302621
84,0.009090802067178494,0.0006659210751550712,0.01597062705634321,0.006175112025019843,0.00024695588929274733,0.0017316604268135397
85,0.00894511728298528,0.000660695502249508,0.015232225030032158,0.006148424855006923,0.0002466324280253796,0.001702598285173469
86,0.008800098475541657,0.0006554294843630877,0.014517410318688867,0.006121073211999701,0.0002462940942042066,0.0016730725126999249
87,0.008655888463208023,0.0006501283351704243,0.013826519403004193,0.006093075054439733,0.0002459410502681502,0.0016431329360672253
88,0.008512622274511548,0.0006447972500717786,0.013159760157881667,0.006064448620836678,0.0002455734652171048,0.0016128290083815536
89,0.008370427157107365,0.0006394413000498598,0.012517221444523687,0.006035212407578074,0.00024519151446706353,0.0015822096713488723
90,0.008229422616352806,0.000634065426112617,0.011898882764001284,0.006005385146693332,0.00024479537970051096,0.0015513232235680023
91,0.008089720481432765,0.0006286744343142327,0.01130462387001446,0.005974985783613768,0.00024438524871230147,0.0015202171954001242
92,0.007951424996942326,0.0006232729913443161,0.010734234250005331,0.005944033454969847,0.00024396131525124327,0.00148893823081124
93,0.007814632937819256,0.0006178656206732617,0.010187422395231927,0.005912547466466056,0.0002435237788576147,0.0014575319765286062
94,0.0076794337455226205,0.0006124566992398949,0.00966382479165493,0.005880547270872808,0.00024307284469685073,0.00142604297879628
95,0.007545909683372399,0.0006070504546658543,0.009163014574373438,0.005848052446173892,0.00024260872338962192,0.0013945145879592506
96,0.007414136008998364,0.0006016509629797008,0.008684509798737295,0.0058150826739069425,0.00024213163083855688,0.0013629888710505445
97,0.007284181161891966,0.0005962621468324195,0.008227781291053657,0.005781657717733061,0.00024164178805184292,0.001331506532501583
98,0.007156106964111875,0.0005908877741848879,0.007792260050915871,0.00574779740227078,0.00024113942096394615,0.0013001068430434845
99,0.007029968832260663,0.0005855314574469093,0.007377344185554036,0.005713521592227939,0.00024062476025370352,0.001268827576816122
100,0.006905815998924766,0.0005801966530466644,0.006982405364203308,0.00567885017186396,0.0002400980411600232,0.0012377049566529822
101,0.006783691741852073,0.0005748866614087917,0.006606794787290702,0.005643803024813346,0.00023955950329545216,0.0012067736074636217
102,0.006663633619229148,0.0005696046273188714,0.006249848671252428,0.005608400014299964,0.00023900939045784755,0.0011760665175917621
103,0.006545673709511692,0.000564353540651765,0.005910893255026846,0.005572660963769931,0.00023844795044040837,0.0011456150079864101
104,0.006429838854357814,0.0005591362374410972,0.00558924933874612,0.005536605637969553,0.00023787543484030848,0.0011154487089856243
105,0.006316150903310497,0.0005539554012671304,0.005284236368909704,0.005500253724493013,0.00023729209886617962,0.0010855955444781227
106,0.006204626958974574,0.0005488135649403698,0.004995176087406086,0.0054636248158230144,0.00023669820114469148,0.001056081723176806
107,0.006095279621532329,0.0005437131124584108,0.004721395764203719,0.005426738391885731,0.00023609400352646661,0.0010269317367105045
108,0.0059881172315399255,0.0005386562812138975,0.004462231035410705,0.005389613803140045,0.0002354797708915726,0.0009981683642159911
109,0.0058831441100437604,0.0005336451644317842,0.004217028369757193,0.005352270254219065,0.000234855770954833,0.0009698126830914474
110,0.005780360795150911,0.0005286817138146462,0.003985147187441749,0.00531472678814045,0.00023422227407118742,0.0009418840855551188
111,0.005679764274279764,0.0005237677423752969,0.0037659616557553692,0.0052770022711003,0.00023357955304133298,0.0009144003006388398
112,0.005581348211406411,0.0005189049274366133,0.003558862186008204,0.005239115377863671,0.00023292788291787395,0.0008873774212352734
113,0.005485103168708003,0.0005140948137791655,0.003363256656085254,0.005201084577763207,0.00023226754081220855,0.0008608299358100992
114,0.005391016822086246,0.0005093388169179631,0.0031785713824958703,0.0051629281213156405,0.0002315988057023612,0.0008347707643857462
115,0.0052990741701318565,0.0005046382264904263,0.0030042518651032433,0.005124664027464275,0.00023092195824198406,0.0008092112984015696
116,0.005209257736164689,0.0004999942097384894,0.002839763326865134,0.005086310071454127,0.00023023728057072813,0.0007841614440563683
117,0.0051215477630528645,0.0004954078150685979,0.002684591069924317,0.005047883773344558,0.00022954505612619614,0.0007596296687426574
118,0.005035922400579475,0.0004908799756742029,0.002538240668289675,0.0050094023871630035,0.00022884556945766398,0.0007356230501880665
119,0.004952357885184739,0.0004864115132062432,0.0024002380161779343,0.0049708828907016065,0.00022813910604177113,0.0007121473279272104
120,0.004870828711967831,0.00048200314147798184,0.00227012924986746,0.00493234197595739,0.00022742595210036102,0.0006892069567374657
121,0.0047913077988827844,0.00047765547019144205,0.0021474805596729267,0.0048937960402149205,0.00022670639442064764,0.0006668051616837815
122,0.004713766643110243,0.00047336900867356476,0.002031877907402878,0.0048552611777693,0.00022598072017788646,0.0006449439944309984
123,0.004638175469628602,0.00046914416961109433,0.0019229266634275524,0.004816753172285788,0.00022524921676071095,0.0006236243904967339
124,0.004564503372046486,0.0004649812727740353,0.0018202511762762947,0.004778287489791281,0.00022451217159928915,0.0006028462271337178
125,0.00449271844579264,0.0004608805487183813,0.0017234942865129454,0.004739879272291531,0.0002237698719964605,0.0005826083815470988
126,0.004422787913789536,0.0004568421424596295,0.0016323167955133479,0.004701543332006902,0.00022302260496198862,0.0005629087891697405
127,0.00435467824476367,0.00045286611710939565,0.001546396898697698,0.004663294146218383,0.00022227065705006675,0.0005437445017365098
128,0.004288355264368834,0.0004489524574682192,0.0014654295917573262,0.004625145852714469,0.00022151431420021,0.0005251117449169394
129,0.004223784259318432,0.00044510107356838646,0.0013891260574634306,0.004587112245828665,0.00022075386158164974,0.0005070059752842956
130,0.004160930074739979,0.00044131180416132754,0.0013172130397565863,0.004549206773056321,0.00021998958344134601,0.0004894219364177413
131,0.004099757204978868,0.00043758442014481155,0.00124943221099093,0.004511442532238766,0.0002192217629557241,0.00047235371395289605
132,0.004040229878090022,0.00043391862792583404,0.0011855395374457164,0.0044738322693018895,0.0002184506820862309,0.00045579478941451356
133,0.003982312134264915,0.0004303140727156871,0.0011253046475181174,0.004436388376535564,0.00021767662143880616,0.00043973809268306745
134,0.0039259678984484726,0.0004267703417543148,0.0010685102063732132,0.004399122891399648,0.00021689986012734576,0.00042417605296470696
135,0.003871161047404752,0.0004232869674615774,0.0010149513002475246,0.004362047495841777,0.0002161206756412368,0.00040910064815116
136,0.0038178554714934916,0.000419863430513584,0.0009644348330787355,0.004325173516111464,0.00021533934371702792,0.0003945034524727058
137,0.0037660151314206454,0.00041649916284272555,0.0009167789376634103,0.004288511923054739,0.00021455613821429797,0.000380375682363191
138,0.003715604110225778,0.0004131935505604799,0.0008718124031232629,0.00425207333287292,0.00021377133099577451,0.00036670824047117296
139,0.0036665866607675335,0.0004099459368024813,0.0008293741200859436,0.004215868008328963,0.00021298519181174724,0.0003534917577656416
140,0.003618927248965574,0.00040675562449572625,0.000789312544654662,0.004179905860384322,0.00021219798818881082,0.0003407166336982652
141,0.003572590593053405,0.000403621879048109,0.0007514851819493478,0.004144196450249198,0.00021140998532297615,0.0003283730743968084
142,0.0035275416990918403,0.00040054393096082634,0.0007157580897470251,0.004108748991828643,0.0002106214459771626,0.00031645112887617306
143,0.0034837458929870254,0.00039752097836444204,0.0006820054025275217,0.0040735723545470654,0.000209832630383097,0.0003049407232644524
144,0.0034411688492508663,0.00039455218947966395,0.0006501088760396497,0.00403867506653336,0.00020904379614762413,0.00029383169305146527
145,0.0033997766167345868,0.0003916367050041044,0.000619957452339525,0.004004065318149038,0.00020825519816343533,0.00028311381337642696
146,0.003359535641558936,0.00038877364042648645,0.0005914468451141847,0.00396975096584159,0.00020746708852420652,0.00027277682737974617
147,0.0033204127874566823,0.0003859620882699184,0.000564479144987425,0.003935739536305359,0.00020667971644414414,0.00026281047265145057
148,0.0032823753537348874,0.00038320112026599807,0.0005389624444085097,0.003902038230932444,0.00020589332818191734,0.0002532045058154038
149,0.0032453910910561893,0.00038048978946162186,0.0005148104816458358,0.0038686539305360203,0.00020510816696895428,0.00024394872529438213
150,0.0032094282152296248,0.0003778271322604572,0.0004919423033447483,0.003835593200328858,0.00020432447294208377,0.00023503299230619434
151,0.0031744554191928615,0.0003752121704011103,0.0004702819450595694,0.003802862295139876,0.00020354248308047658,0.00022644725014543156
152,0.0031404418833589085,0.00037264391287405155,0.00044975812913290416,0.0037704671648518422,0.00020276243114686237,0.00021818154180914872
153,0.00310735728449147,0.00037012135777939737,0.00043030397926870876,0.0037384134600435726,0.0002019845476329663,0.00021022602602782244
154,0.0030751718032642904,0.00036764349412764865,0.00041185675112820607,0.0037067065378203353,0.0002012090597091276,0.0002025709917653898
155,0.0030438561306509295,0.0003652093035854647,0.00039435757826806106,0.0036753514678163454,0.00020043619117804244,0.00019520687125402006
156,0.003013381473282653,0.0003628177621685315,0.0003777512327372917,0.0036443530383537216,0.0001996661624325719,0.00018812425163062868
157,0.0029837195579033504,0.0003604678418835392,0.00036198589965204714,0.003613715762742572,0.00019889919041756143,0.00018131388524297135
158,0.0029548426350418074,0.00035815851232121266,0.0003470129650747839,0.003583443885707209,0.0001981354885955983,0.0001747666986935552
159,0.002926723482013088,0.0003558887422022851,0.0003327868165357016,0.0035535413899239737,0.00019737526691664223,0.00016847380068958764
160,0.0028993354053524507,0.00035365750087820713,0.0003192646555488031,0.0035240120026565685,0.0001966187317914577,0.00016242648876678827
161,0.00287265224277691,0.0003514637597882988,0.00030640632149205434,0.003494859202475098,0.00019586608606876661,0.00015661625495416763
162,0.0028466483647615845,0.0003493064938749523,0.00029417412624023487,0.0034660862260456568,0.00019511752901605044,0.00015103479044585548
163,0.0028212986758098697,0.0003471846829583722,0.0002825326989597483,0.0034376960749775603,0.0001943732563039107,0.00014567398934476792
164,0.002796578615488921,0.00034509731307223827,0.00027144884049646635,0.0034096915227159238,0.0001936334599939107,0.0001405259515414017
165,0.002772464159294288,0.0003430433777615449,0.00026089138681027865,0.0033820751214676545,0.00019289832852980752,0.0001355829847893248
166,0.0027489318194001402,0.0003410218793437447,0.00025083108093307526,0.003354849209149479,0.00019216804673208543,0.00013083760603705143
167,0.00272595864534447,0.00033903183013420205,0.00024124045295017695,0.003328015916347019,0.00019144279579570112,0.00012628254207398265
168,0.0027035222246916306,0.0003370722536368249,0.00023209370752850806,0.0033015771732744703,0.00019072275329094527,0.00012191072954595138
169,0.0026816006837079047,0.00033514218570060856,0.00022336661853790675,0.0032755347167248944,0.00019000809316732775,0.0001177153143937032
170,0.002660172688079214,0.0003332406756427061,0.00021503643033472463,0.0032498900970015787,0.00018929898576038704,0.00011368965076534859
171,0.0026392174436939797,0.0003313667873384844,0.00020708176529918288,0.0032246446848214426,0.0001885955978013317,0.00010982729945149986
172,0.0026187146975079284,0.000329519600278931,0.00019948253723969044,0.003199799678181919,0.00018789809242941038,0.000106122025889443
173,0.002598644738502079,0.0003276982105956085,0.00019221987029846368,0.0031753561091831637,0.00018720662920691247,0.00010256779778032967
174,0.002578988398739523,0.0003259017320532698,0.00018527602301319444,0.0031513148507979843,0.00018652136413670068,9.915878236101059e-5
175,0.002559727054521461,0.00032412929701010383,0.00017863431720919958,0.003127676623582242,0.00018584244968217472,9.588934336978943e-5
176,0.0025408426276380264,0.00032238005734548636,0.0001722790714154128,0.003104442002319031,0.00018517003478956366,9.275403774306016e-5
177,0.0025223175867047968,0.0003206531853549874,0.0001661955385156896,0.0030816114225902286,0.00018450426491244609,8.97476120775209e-5
178,0.002504134948571549,0.00031894787461231197,0.00016036984736423148,0.0030591851872696246,0.00018384528203839893,8.686499889043865e-5
179,0.0024862782797858765,0.00031726334079773837,0.00015478894811046418,0.003037163472932055,0.00018319322471767321,8.410131270826793e-5
180,0.002468731698090575,0.00031559882249255166,0.00014944056099442182,0.0030155463361735604,0.00018254822809379205,8.145184601183729e-5
181,0.0024514798739303455,0.00031395358193889145,0.00014431312838863734,0.002994333719837807,0.00018191042393598001,7.891206506428021e-5
182,0.002434508031940503,0.00031232690576437467,0.00013939576987671007,0.0029735254591445525,0.00018127994067331096,7.647760564593964e-5
183,0.002417801952387597,0.0003107181056707935,0.0001346782401721179,0.0029531212877162063,0.0001806569034304881,7.41442687185935e-5
184,0.0024013479725297653,0.00030912651908615726,0.00013015088969354295,0.002933120843498902,0.0001800414340651492,7.190801603955757e-5
185,0.0023851329878626162,0.0003075515097793103,0.0001258046276249128,0.002913523674574917,0.00017943365120660223,6.976496574450359e-5
186,0.0023691444532150867,0.00030599246843634326,0.00012163088729967086,0.002894329244863524,0.00017883367029589674,6.77113879162023e-5
187,0.002353370383658486,0.0003044488131979951,0.00011762159375937204,0.00287553693970773,0.00017824160362713275,6.574370015485301e-5
188,0.002337799355191279,0.00030291999015726436,0.00011376913334669705,0.0028571460713446403,0.00017765756038991347,6.385846316419787e-5
189,0.002322420505161852,0.0003014054738164458,0.00011006632520233984,0.002839155884257505,0.00017708164671285045,6.205237636623525e-5
190,0.0023072235323914688,0.0002999047675028564,0.0001065063945440055,0.002821565560407763,0.00017651396570802803,6.0322273556049106e-5
191,0.0022921986969601646,0.0002984174037425136,0.00010308294761398577,0.0028043742243456567,0.0001759546175163381,5.8665118607048494e-5
192,0.0022773368196190745,0.00029694294459113346,9.978994818947205e-5,0.0027875809481983007,0.0001754036993535938,5.70780012357703e-5
193,0.0022626292807939,0.00029548098192181993,9.662169555696877e-5,0.0027711847565342427,0.00017486130555733877,5.5558132834331214e-5
194,0.0022480680191457867,0.00029403113766892557,9.357280385887037e-5,0.0027551846311038622,0.00017432752763426305,5.4102842377620916e-5
195,0.002233645529657712,0.00029259306402762376,9.063818272654017e-5,0.002739579515455098,0.00017380245430814444,5.270957241140839e-5
196,0.002219354861216823,0.0002911664436088312,8.781301912004887e-5,0.0027243683194242644,0.00017328617156823041,5.13758751266774e-5
197,0.0022051896136655535,0.0002897509895492124,8.509276030016464e-5,0.0027095499235018318,0.0001727787627179815,5.0099408524717936e-5
198,0.002191143934297351,0.00028834644557610643,8.247309786323274e-5,0.002695123183073296,0.00017228030842409822,4.8877932676778785e-5
199,0.002177212513775784,0.0002869525860273336,7.994995277425579e-5,0.00268108693253534,0.00017179088676575353,4.77093060814146e-5
200,0.002163390581459294,0.00028556921582595005,7.751946133784823e-5,0.0026674399892877335,0.00017131057328395472,4.6591482122055815e-5
201,0.002149673900117301,0.00028419617041015687,7.517796205075444e-5,0.0026541811576014734,0.0001708394410309641,4.552250562677165e-5
202,0.002136058760027253,0.0002828333156186973,7.292198328336046e-5,0.002641309232363859,0.00017037756061970524,4.450050953169332e-5
203,0.0021225419724460273,0.0002814805475322039,7.074823174108546e-5,0.002628823002701246,0.00016992500027308675,4.3523711649107146e-5
204,0.0021091208624531973,0.0002801377922711049,6.865358165972724e-5,0.002616721255480398,0.00016948182587317193,4.2590411540816125e-5
205,0.0020957932611678255,0.00027880500575083576,6.663506469180718e-5,0.0026050027786893885,0.00016904810101013741,4.169898749699988e-5
206,0.0020825574973445944,0.00027748217339525346,6.468986044368195e-5,0.0025936663646991404,0.00016862388703094548,4.0847893620474226e-5
207,0.002069412388359429,0.0002761693098092601,6.281528762572056e-5,0.0025827108134067003,0.00016820924308767862,4.003565701595909e-5
208,0.0020563572305988408,0.0002748664584118348,6.1008795780188594e-5,0.0025721349352614636,0.00016780422618546868,3.926087508370742e-5
209,0.002043391789271564,0.0002735736910307637,5.9267957553632205e-5,0.0025619375541756184,0.0001674088912299683,3.852221291662266e-5
210,0.002030516287665057,0.00027229110746051843,5.7590461482568945e-5,0.0025521175103200653,0.00016702329107430526,3.78184007997982e-5
211,0.0020177313958734833,0.0002710188349848631,5.5974105263135146e-5,0.0025426736628071643,0.00016664747656546398,3.71482318112459e-5
212,0.0020050382190276482,0.0002697570278658925,5.44167894770687e-5,0.0025336048922616635,0.00016628149659004667,3.651055952243829e-5
213,0.0019924382850610425,0.0002685058668013202,5.2916511748000854e-5,0.002524910103281191,0.0001659253981193581,3.590429579717599e-5
214,0.0019799335320496575,0.00026726555835196843,5.1471361303521216e-5,0.002516588226787676,0.00016557922625377075,3.532840868719133e-5
215,0.001967526295166455,0.0002660363343414951,5.0079513919868974e-5,0.002508638222271119,0.0001652430242663159,3.478192042283038e-5
216,0.001955219293294424,0.00026481845123051183,4.8739227227404944e-5,0.0025010590799270822,0.0001649168336454637,3.426390549709477e-5
217,0.001943015615344873,0.0002636121894673211,4.744883635623954e-5,0.0024938498226892663,0.00016460069413704235,3.377348884128761e-5
218,0.0019309187063300392,0.0002624178528175985,4.620674990254376e-5,0.0024870095081585756,0.00016429464378525687,3.3309844090484184e-5
219,0.0019189323532412662,0.00026123576767539625,4.501144619715544e-5,0.0024805372304299625,0.00016399871897277026,3.287219193703728e-5
220,0.0019070606707857235,0.0002600662823579249,4.3861469859128946e-5,0.002474432121818392,0.000163712954459801,3.245979857033203e-5
221,0.0018953080870362283,0.0002589097663866018,4.275542861785692e-5,0.002468693354485204,0.00016343738342220992,3.207197420101844e-5
222,0.0018836793290497552,0.0002577666097569008,4.169199038833854e-5,0.0024633201419660858,0.00016317203748853179,3.17080716679765e-5
223,0.0018721794085111013,0.00025663722219956516,4.066988058507134e-5,0.002458311740601881,0.00016291694677592546,3.136748512630428e-5
224,0.00186081360745851,0.0002555220324357602,3.9687879660918984e-5,0.0024536674508733643,0.00016267213992500742,3.104964881466186e-5
225,0.0018495874641482693,0.0002544214874287322,3.874482085815444e-5,0.0024493866186410785,0.00016243764413353528,3.0754035900356964e-5
226,0.0018385067591149714,0.00025333605163455975,3.7839588159702245e-5,0.002445468636291261,0.00016221348518891915,3.0480157400616185e-5
227,0.001827577501483612,0.0002522662062545258,3.697111442940969e-5,0.002441912943788861,0.00016199968749952648,3.0227561178550752e-5
228,0.0018168059155887779,0.0002512124484916432,3.6138379730964594e-5,0.0024387190296385436,0.00016179627412475823,2.9995831012395737e-5
229,0.0018061984279550388,0.00025017529081379855,3.534040981585787e-5,0.0024358864317545292,0.00016160326680387093,2.9784585736678017e-5
230,0.0017957616546911154,0.0002491552602259373,3.4576274771551787e-5,0.002433414738240046,0.0001614206859835202,2.959347845404704e-5
231,0.0017855023893487386,0.00024815289755364314,3.3845087821777356e-5,0.0024313035880771197,0.00016124855084400302,2.9422195816587057e-5
232,0.0017754275912950455,0.00024716875674039764,3.314600427163635e-5,0.0024295526717273003,0.0001610868793241829,2.9270457375515685e-5
233,0.001765544374645207,0.00024620340416071034,3.2478220590935786e-5,0.002428161731643906,0.0001609356881450717,2.913801499826504e-5
234,0.0017558599977995182,0.0002452574179512355,3.18409736299291e-5,0.0024271305626962733,0.00016079499283205403,2.9024652352033e-5
235,0.0017463818536266414,0.0002443313873618631,3.123353996239209e-5,0.0024264590125063572,0.0001606648077357381,2.8930184452988656e-5
236,0.00173711746033189,0.00024342591212869548,3.0655235351710265e-5,0.0024261469816980836,0.00016054514605141378,2.8854457280411428e-5
237,0.0017280744530466217,0.00024254160187067676,3.010541433641519e-5,0.002426194424059603,0.0001604360198371062,2.8797347455143127e-5
238,0.0017192605761718255,0.0002416790755115348,2.958346993236788e-5,0.002426601346618678,0.00016033744003021252,2.8758761981831908e-5
239,0.0017106836765058986,0.00024083896072856831,2.9088833449563433e-5,0.0024273678096312134,0.00016024941646270357,2.8738638054547326e-5
240,0.0017023516971836229,0.0002400218934296634,2.8620974422312787e-5,0.0024284939264829605,0.00016017195787488867,2.873694292544849e-5
241,0.001694272672450103,0.00023922851725980898,2.8179400652358237e-5,0.002429979863504287,0.0001601050719277268,2.8753673836289918e-5
242,0.001686454723290415,0.0002384594831382173,2.7763658365294033e-5,0.002431825839697823,0.0001600487652136751,2.878885801265209e-5
243,0.0016789060539325713,0.0002377154488270323,2.7373332481499872e-5,0.002434032126378756,0.00016000304326607356,2.8842552720886844e-5
244,0.0016716349492383548,0.00023699707853243928,2.7008047003656358e-5,0.0024365990467274004,0.00015996791056705205,2.8914845387872242e-5
245,0.0016646497729936162,0.00023630504253886685,2.6667465523799644e-5,0.002439526975253644,0.00015994337055395713,2.9005853783772638e-5
246,0.0016579589671066887,0.00023564001687680186,2.635129185379549e-5,0.0024428163371727667,0.00015992942562429485,2.9115726268104333e-5
247,0.0016515710517207975,0.00023500268302460522,2.605927078407301e-5,0.002446467607692058,0.00015992607713918584,2.924464209950782e-5
248,0.0016454946262435914,0.0002343937276445531,2.5791188976462043e-5,0.0024504813112075667,0.00015993332542532863,2.939281180972914e-5
249,0.001639738371294428,0.00023381384235319935,2.554687599803485e-5,0.002454858020410285,0.00015995116977546978,2.956047764241386e-5
250,0.0016343110515675116,0.00023326372352598377,2.532620550396297e-5,0.0024595983553009288,0.00015997960844738555,2.974791405741491e-5
251,0.001629221519606748,0.00023274407213589023,2.512909657857883e-5,0.0024647029821125107,0.0001600186386613676,2.995542830141327e-5
252,0.0016244787204860052,0.0002322555936258016,2.495551524508365e-5,0.002470172612139699,0.0001600682565962217,3.0183361045746423e-5
253,0.0016200916973864562,0.00023179899781406016,2.4805476155677896e-5,0.00247600800047403,0.00016012845738377684,3.0432087092431207e-5
254,0.001616069598060828,0.00023137499883261036,2.467904447532061e-5,0.002482209944643904,0.00016019923510191458,3.07020161494606e-5
255,0.0016124216821726911,0.0002309843150969638,2.4576337973857834e-5,0.002488779283158231,0.00016028058276611626,3.099359367653868e-5
256,0.0016091573294973638,0.00023062766930708796,2.449752934291696e-5,0.002495716893952609,0.0001603724923195393,3.130730180250614e-5
257,0.0016062860489695662,0.00023030578847821407,2.444284875574723e-5,0.002503023692736793,0.00016047495462162973,3.1643660315785105e-5
258,0.0016038174885617215,0.00023001940400040234,2.4412586690122773e-5,0.002510700631242227,0.00016058795943527378,3.2003227729252155e-5
259,0.001601761445975623,0.00022976925172562068,2.4407097036523113e-5,0.0025187486953683466,0.00016071149541250482,3.238660242101746e-5
260,0.0016001278801291584,0.0002295560720809461,2.442680051609011e-5,0.00252716890322632,0.00016084555007877147,3.279442385265413e-5
261,0.0015989269234188235,0.00022938061020639843,2.4472188435344316e-5,0.0025359623030789193,0.00016099010981577677,3.3227373866482774e-5
262,0.001598168894737992,0.00022924361611580867,2.4543826807358007e-5,0.0025451299711750975,0.00016114515984290824,3.368617806356871e-5
263,0.001597864313230028,0.00022914584487900976,2.4642360872044275e-5,0.0025546730094779496,0.0001613106841972636,3.417160726413367e-5
264,0.0015980239127547189,0.0002290880568235444,2.476852005146061e-5,0.002564592543284631,0.00016148666571229358,3.4684479052122646e-5
265,0.0015986586570457865,0.0002290710177539756,2.4923123379571227e-5,0.0025748897187368508,0.00016167308599507625,3.522565940569187e-5
266,0.001599779755536586,0.00022909549918680015,2.5107085449795882e-5,0.0025855657002205627,0.0001618699254022368,3.5796064415403134e-5
267,0.0016013986798304992,0.00022916227859885483,2.532142292792887e-5,0.0025966216676534715,0.0001620771630145377,3.639666209191293e-5
268,0.0016035271807918092,0.00022927213968704186,2.5567261682679375e-5,0.0026080588136590077,0.00016229477661015404,3.702847426494016e-5
269,0.0016061773062321795,0.00022942587263707488,2.5845844591202776e-5,0.0026198783406254644,0.00016252274263665566,3.769257857527316e-5
270,0.001609361419167097,0.00022962427439888938,2.615854008261034e-5,0.0026320814576489735,0.00016276103618172275,3.839011056154157e-5
271,0.0016130922166157574,0.0002298681489662686,2.65068514886079e-5,0.0026446693773591397,0.00016300963094261338,3.912226584342577e-5
272,0.0016173827489169405,0.00023015830765813747,2.689242727717889e-5,0.0026576433126261033,0.00016326849919441207,3.9890302402904075e-5
273,0.0016222464395323208,0.0002304955693989187,2.7317072252651452e-5,0.0026710044731479304,0.00016353761175708355,4.0695542965049463e-5
274,0.0016276971053074143,0.00023088076099524483,2.778275981363613e-5,0.0026847540619173295,0.000163816937961362,4.153937747977056e-5
275,0.0016337489771589277,0.00023131471740624776,2.8291645369258093e-5,0.0026988932715666714,0.00016410644561350396,4.242326570576029e-5
276,0.0016404167211556565,0.0002317982820045667,2.8846081023915287e-5,0.0027134232805905117,0.0001644061009589358,4.3348739897750536e-5
277,0.0016477154599581869,0.00023233230682513065,2.944863165154575e-5,0.0027283452494448347,0.0001647158686448294,4.431740759798262e-5
278,0.0016556607945805665,0.00023291765279870292,3.0102092492174216e-5,0.002743660316522415,0.00016503571168164047,4.53309545325859e-5
279,0.0016642688264347063,0.00023355518996707753,3.080950841642898e-5,0.0027593695940037544,0.00016536559140364318,4.639114761330485e-5
280,0.0016735561796155157,0.00023424579767676308,3.157419501786281e-5,0.0027754741635832667,0.0001657054674285006,4.7499838044728855e-5
281,0.001683540023381851,0.00023499036474787922,3.239976170840393e-5,0.002791975072070494,0.00016605529761590834,4.8658964536861053e-5
282,0.001694238094784835,0.00023578978961494608,3.329013700920245e-5,0.0028088733268663056,0.00016641503802535587,4.987055662249492e-5
283,0.001705668721391457,0.00023664498043613041,3.4249596247662026e-5,0.002826169891314219,0.00016678464287304,5.113673807847116e-5
284,0.0017178508440471346,0.0002375568551674671,3.528279189168165e-5,0.002843865679927183,0.00016716406448798624,5.24597304494334e-5
285,0.0017308040396163315,0.000238526341598471,3.6394786774214535e-5,0.002861961553490331,0.00016755325326741138,5.384185667220973e-5
286,0.0017445485436353417,0.0002395543773454892,3.7591090485341706e-5,0.002880458314040472,0.00016795215763138442,5.5285544798398184e-5
287,0.0017591052728058072,0.0002406419097990564,3.887769923528823e-5,0.002899356699723303,0.00016836072397683263,5.679333181213812e-5
288,0.0017744958472515953,0.00024178989602145095,4.0261139520365496e-5,0.0029186573795295287,0.00016877889663094057,5.836786753939023e-5
289,0.001790742612455166,0.00024299930259056522,4.174851595485273e-5,0.0029383609479114313,0.0001692066178040006,6.001191864433725e-5
290,0.0018078686607825825,0.000244271105386131,4.334756366551186e-5,0.002958467919281562,0.0001696438275417661,6.172837270773658e-5
291,0.0018258978524988104,0.0002456062893142838,4.5066705681939755e-5,0.0029789787223956695,0.00017009046367736608,6.352024238121876e-5
292,0.0018448548361668876,0.0002470058479663657,4.691511579546702e-5,0.00299989369462213,0.0001705464617828401,6.539066961061143e-5
293,0.0018647650683159289,0.00024847078320782177,4.890278740199555e-5,0.0030212130761005486,0.00017101175512035082,6.734292992039272e-5
294,0.001885654832253864,0.0002500021046929793,5.104060889018708e-5,0.003042937003792531,0.00017148627459314373,6.938043675032407e-5
295,0.0019075512558909967,0.00025160082930144765,5.334044618594079e-5,0.0030650655054278446,0.00017196994869631032,7.150674583418063e-5
296,0.001930482328430367,0.0002532679804918492,5.581523311726852e-5,0.0030875984933497265,0.0001724627034674266,7.372555960929714e-5
297,0.001954476915770003,0.0002550045875685394,5.847907032062268e-5,0.003110535758263254,0.00017296446243713452,7.604073164435705e-5
298,0.001979564774450983,0.00025681168485696196,6.134733347056103e-5,0.0031338769628912614,0.00017347514657973324,7.845627107148895e-5
299,0.0020057765639733727,0.00025869031078326886,6.443679167939835e-5,0.0031576216355425064,0.00017399467426385624,8.097634700728432e-5
300,0.0020331438572898275,0.0002606415068538424,6.776573698224221e-5,0.0031817691635973038,0.00017452296120330657,8.360529294581598e-5
301,0.0020616991492741054,0.00026266631653035726,7.135412589550239e-5,0.0032063187869162076,0.0001750599204081252,8.634761110512929e-5
302,0.002091475862948468,0.0002647657839960642,7.522373411349864e-5,0.0032312695911777198,0.00017560546213596972,8.920797670696756e-5
303,0.0021225083532407344,0.00026694095280902527,7.939832548802556e-5,0.0032566205011515044,0.00017615949384388783,9.219124216772255e-5
304,0.002154831908027973,0.0002691928644380866,8.390383651936368e-5,0.003282370273913937,0.00017672192014055716,9.530244117673493e-5
305,0.0021884827462099327,0.00027152255667747837,8.876857767389056e-5,0.0033085174920133467,0.00017729264273908413,9.854679263612601e-5
306,0.002223498012541499,0.00027393106193603897,9.402345293264364e-5,0.003335060556592686,0.00017787156041044084,0.00010192970443433583
307,0.0022599157689392265,0.00027641940539719544,9.970219906618639e-5,0.0033619976804778926,0.00017845856893762717,0.00010545677702344538
308,0.0022977749819633694,0.0002789886030460081,0.00010584164622316034,0.0033893268812406237,0.00017905356107064533,0.00010913380676821849
309,0.0023371155061630094,0.00028163965955976507,0.00011248200151181361,0.003417045974244568,0.00017965642648237992,0.000112966789032582
310,0.0023779780629586507,0.00028437356605886545,0.00011966715734432765,0.0034451525656849034,0.000180267051725467,0.0001169619209669983
311,0.002420404214723909,0.00028719129771496396,0.000127445026401337,0.0034736440456311266,0.0001808853201902534,0.00012112560395788723
312,0.0024644363337158258,0.0002900938112136628,0.00013586790515669617,0.00350251758108375,0.00018151111206393032,0.00012546444569789996
313,0.0025101175654921723,0.0002930820420693706,0.00014499286797816117,0.0035317701090559965,0.00018214430429094462,0.00012998526183350304
314,0.0025574917864440074,0.0002961569017903126,0.00015488219388547732,0.0035613983296920266,0.00018278477053477627,0.00013469507714395528
315,0.0026066035550629738,0.00029931927489209903,0.00016560382810043974,0.0035913986994336937,0.00018343238114118415,0.00013960112620339408
316,0.0026574980565555978,0.0003025700157587228,0.00017723188056026308,0.003621767424248318,0.0001840870031030151,0.00014471085347542503
317,0.0027102210404113913,0.0003059099453503503,0.00018984716358202492,0.003652500452930431,0.00018474850002667644,0.0001500319127872982
318,0.0027648187505282524,0.00030933984775783,0.00020353777085749955,0.003683593470490839,0.00018541673210037006,0.00015557216612853335
319,0.0028213378474975957,0.00031286046660444305,0.00021839969991920062,0.0037150418916468727,0.00018609155606418842,0.00016133968171670163
320,0.002879825322653386,0.0003164725012960519,0.00023453752014413636,0.003746840854428008,0.00018677282518217469,0.0001673427312710319
321,0.0029403284034938103,0.0003201766031215372,0.00025206508824530635,0.003778985213911597,0.00018746038921644453,0.00017358978643260863
322,0.003002894450092289,0.00032397337120610955,0.0002711063130352049,0.0038114695361036923,0.00018815409440347514,0.00018008951426817612
323,0.0030675708421261214,0.0003278633483209362,0.00029179597102296263,0.0038442880919804263,0.0001888537834326558,0.0001868507717930176
324,0.0031344048561665026,0.000331847016553335,0.00031428057411883245,0.0038774348517057427,0.0001895592954272107,0.00019388259944705258
325,0.003203443532893525,0.00033592479284269154,0.00033871929035763076,0.003910903479041548,0.0001902704659275832,0.00020119421345720048
326,0.0032747335339243125,0.00034009702438822525,0.0003652849181070191,0.003944687325966778,0.0001909871268773938,0.00020879499701831282
327,0.0033483209879717315,0.00034436398393570134,0.0003941649136871589,0.003978779427522013,0.0001917091066120612,0.00021669449022448603
328,0.003424251326086039,0.00034872586495123106,0.0004255624716850177,0.004013172496896657,0.00019243622985019417,0.00022490237868249427
329,0.0035025691057721173,0.00035318277669139773,0.00045969765648903643,0.004047858920775832,0.00019316831768784388,0.00023342848073940208
330,0.0035833178238212212,0.00035773473918005003,0.0004968085826872625,0.0040828307549643245,0.00019390518759572196,0.0002422827332571528
331,0.0036665397177485888,0.0003623816781032809,0.0005371526409544228,0.0041180797203051655,0.00019464665341947554,0.0002514751758682005
332,0.003752275555787183,0.00036712341963528276,0.0005810077648906575,0.004153597198910411,0.00019539252538311184,0.00026101593364799043
333,0.0038405644154530225,0.00037195968520899517,0.0006286737329580259,0.004189374230721807,0.0001961426100956704,0.00027091519814245095
334,0.003931443450770011,0.0003768900862466992,0.0006804734981827649,0.004225401510419149,0.00019689671056122765,0.00028118320669158763
335,0.004024947648320763,0.00038191411886695395,0.0007367545366452674,0.004261669384693938,0.0001976546261923271,0.0002918302199938528
336,0.004121109572375936,0.00038703115858554083,0.000797890203962637,0.00429816784990606,0.0001984161528269175,0.00030286649786025107
337,0.004219959099447028,0.0003922404550293244,0.0008642810869787928,0.004334886550140975,0.00019918108274888578,0.00031430227311211336
338,0.004321523142706631,0.00039754112668319834,0.0009363563357171849,0.0043718147756848244,0.00019994920471226403,0.0003261477235822167
339,0.004425825366826064,0.0004029321556915102,0.0010145749583276697,0.004408941461934603,0.00020072030396918746,0.000338412942185491
340,0.004532885893891633,0.00040841238273655445,0.0010994270592827164,0.004446255188760268,0.0002014941623016803,0.00035110790503284454
341,0.004642721001178463,0.00041398050201790066,0.001191434998466202,0.004483744180335406,0.00020227055805734147,0.0003642424375698797
342,0.004755342811683267,0.0004196350563574224,0.0012911544460728298,0.004521396305452589,0.00020304926618899312,0.0003778261787312638
343,0.004870758978444498,0.00042537443245594596,0.0013991753054279328,0.004559199078339217,0.00020383005829836018,0.00039186854311144327
344,0.004988972363809304,0.0004311968563284354,0.0015161224729836641,0.0045971396599890834,0.0002046127026838419,0.0004063786811631818
345,0.0051099807149402165,0.00043710038894550053,0.0016426564018934176,0.0046352048600243525,0.00020539696439242458,0.0004213654374470248
346,0.005233776336990352,0.00044308292210982244,0.001779473432767354,0.004673381139102052,0.0002061826052757925,0.00043683730696735006
347,0.00536034576551193,0.0004491421745967873,0.0019273058525306327,0.0047116546118784455,0.00020696938405068146,0.00045280238964401034
348,0.005489669439798824,0.000455275688589149,0.0020869216398160108,0.004750011050543995,0.00020775705636351312,0.0004692683429827682
349,0.005621721378997661,0.0004614808264360118,0.0022591238531061205,0.004788435888940694,0.00020854537485935162,0.0004862423330227282
350,0.00575646886295231,0.00046775476776665415,0.0024447496159883822,0.004826914227272831,0.00020933408925520797,0.0005037309836546579
351,0.005893872119871915,0.00047409450698986284,0.0026446686524975063,0.004865430837421186,0.0002101229464177217,0.0005217403244205425
352,0.006033884023031295,0.000480496851209375,0.002859781324702892,0.0049039701688697954,0.00021091169044523597,0.0005402757369217123
353,0.006176449798822276,0.00048695841858577,0.0030910161245631925,0.0049425163552532314,0.0002117000627542791,0.000559341899980461
354,0.006321506748574421,0.0004934756371747395,0.0033393265727355717,0.004981053221531381,0.00021248780217046525,0.0005789427337180954
355,0.006468983986650479,0.000500044744270981,0.0036056874786082674,0.005019564291797434,0.00021327464502380466,0.0005990813427306904
356,0.006618802197395065,0.0005066617862861432,0.0038910905184416002,0.005058032797723624,0.00021406032524843107,0.0006197599585624317
357,0.00677087341357158,0.0005133226191881302,0.004196539092263701,0.00509644168764799,0.00021484457448672187,0.0006409798816950919
358,0.006925100818961016,0.0005200229095277728,0.004523042425178393,0.005134773636304027,0.00021562712219779895,0.0006627414232908129
359,0.007081378577814503,0.0005267581360773574,0.004871608885094766,0.005173011055193878,0.000216407695770382,0.0006850438469438613
360,0.007239591693848287,0.0005335235921036822,0.0052432384966530025,0.005211136103604071,0.00021718602063996108,0.0007078853107150489
361,0.007399615901442692,0.0005403143882963249,0.005638914640353587,0.0052491307002615435,0.00021796182041024833,0.0007312628097401276
362,0.007561317591654588,0.0005471254563695565,0.006059594936619232,0.0052869765356260805,0.00021873481697886056,0.0007551721197202941
363,0.007724553775574219,0.0005539515533538333,0.006506201326724525,0.005324655084813713,0.00021950473066717675,0.0007796077416188828
364,0.007889172087451535,0.0005607872665901136,0.006979609376174424,0.005362147621144226,0.00022027128035431148,0.0008045628479032219
