t,fallow,V,Vtilde,tau_star,d_star,Vtilde_prime,delta_Vtilde,stocking_resid
0.0,optimal_fallow,63458.3399849787,62455.67192153713,133.6504913764919,0.0,-2.228335775777938,8.555571496100978,-10.783907271878915
1.825,optimal_fallow,63428.5472838121,62451.60520874633,143.139962732664,20.075,117.04172597516349,8.665544632537586,108.3761813426259
3.65,optimal_fallow,63398.7545826455,62447.53849595554,152.62943408883612,40.15,14.50308815082454,8.71876026745013,5.784327883374411
5.475,optimal_fallow,63393.19244623194,62467.73733001294,162.78756785382438,48.59907407407407,11.514583156612025,8.736889201175464,2.777693955436561
7.3,optimal_fallow,63409.043367041995,62509.380135703635,173.53661258474324,46.774074074074065,11.514583156612025,8.736889201175464,2.777693955436561
9.125,optimal_fallow,63424.8949124518,62551.625527748896,184.09092728499857,44.94907407407407,11.514583156612025,8.736889201175464,2.777693955436561
10.95,optimal_fallow,63440.75595177788,62603.03023238367,191.68534551916795,43.124074074074066,11.514583156612025,8.736889201175464,2.777693955436561
12.775,optimal_fallow,63456.61699110396,62654.43493701845,199.27976375333736,41.29907407407407,11.514583156612025,8.736889201175464,2.777693955436561
14.6,optimal_fallow,63472.48373605859,62706.46369308278,206.3074439997088,39.47407407407407,11.514583156612025,8.736889201175464,2.777693955436561
16.425,optimal_fallow,63488.35440363284,62758.921484504914,212.9454918794691,37.649074074074065,11.514583156612025,8.736889201175464,2.777693955436561
18.25,optimal_fallow,63504.22628105063,62831.273517715024,223.1916872580319,35.82407407407407,11.514583156612025,8.736889201175464,2.777693955436561
20.075,optimal_fallow,63520.106748357546,63044.8746676197,259.0557298780922,33.99907407407407,3.1095733381675457,8.736889201175464,-5.627315863007918
21.9,optimal_fallow,63535.98721566447,63258.47581752437,294.91977249815255,32.17407407407407,11.514583156612025,8.736889201175464,2.777693955436561
23.725,optimal_fallow,63551.874099101515,63352.24202713879,308.3705282660648,30.349074074074068,11.514583156612025,8.736889201175464,2.777693955436561
25.55,optimal_fallow,63567.7643721922,63382.699211694206,309.98030230076677,28.52407407407407,11.514583156612025,8.736889201175464,2.777693955436561
27.375,optimal_fallow,63583.65646229003,63412.32618861374,311.37218637682344,26.69907407407407,11.514583156612025,8.736889201175464,2.777693955436561
29.2,optimal_fallow,63599.5565472193,63438.300251935376,311.80535463484085,24.87407407407407,11.514583156612025,8.736889201175464,2.777693955436561
31.025,optimal_fallow,63615.45663214857,63464.274315257004,312.23852289285827,23.04907407407407,11.514583156612025,8.736889201175464,2.777693955436561
32.85,optimal_fallow,63631.36374717703,63490.07403097823,312.42049168775236,21.224074074074068,11.514583156612025,8.736889201175464,2.777693955436561
34.675,optimal_fallow,63647.27365000344,63515.8046088579,312.50284690244234,19.399074074074072,11.514583156612025,8.736889201175464,2.777693955436561
36.5,optimal_fallow,63663.185978498856,63541.6533107291,312.54484264912793,17.57407407407407,11.514583156612025,8.736889201175464,2.777693955436561
38.325,optimal_fallow,63679.10570528471,63567.86229077447,312.4637420184,15.749074074074066,11.514583156612025,8.736889201175464,2.777693955436561
40.15,optimal_fallow,63695.025432070564,63594.07127081984,312.3826413876721,13.924074074074072,11.514583156612025,8.736889201175464,2.777693955436561
41.975,optimal_fallow,63710.95280443181,63620.48181651068,312.2712965119308,12.09907407407407,11.514583156612025,8.736889201175464,2.777693955436561
43.8,optimal_fallow,63726.88236124315,63646.949952385934,312.15131042332854,10.274074074074074,11.514583156612025,8.736889201175464,2.777693955436561
45.625,optimal_fallow,63742.81495388637,63673.01835504446,312.0093215994179,8.44907407407407,11.514583156612025,8.736889201175464,2.777693955436561
47.45,optimal_fallow,63758.75434679301,63698.191355297524,311.8180466484163,6.624074074074068,11.514583156612025,8.736889201175464,2.777693955436561
49.275,optimal_fallow,63774.693739699636,63723.364355550584,311.62677169741477,4.799074074074073,11.514583156612025,8.736889201175464,2.777693955436561
51.1,optimal_fallow,63790.64141901337,63745.04594534102,311.2921860322902,2.974074074074072,3.1095733381675457,8.736889201175464,-5.627315863007918
52.925,optimal_fallow,63806.59068249317,63766.06005960184,310.93020273064207,1.1490740740740777,3.1095733381675457,8.736889201175464,-5.627315863007918
54.75,optimal_fallow,63810.167255813496,63781.393009818705,310.0599071836822,0.0,3.1095733381675457,8.7371771246327,-5.627603786465154
56.575,optimal_fallow,63792.7102558627,63787.067981160864,308.3254808196925,0.0,3.1095733381675457,8.737954517967243,-5.628381179799697
58.4,optimal_fallow,63775.2532559119,63792.74295250302,306.5910544557027,0.0,3.1095733381675457,8.738731911301784,-5.629158573134238
60.225,optimal_fallow,63743.58228575641,63770.66920266007,307.39538002307233,0.0,-13.761482514661491,8.735708109953435,-22.497190624614927
62.05,optimal_fallow,63710.35362023603,63745.554497070814,308.4779249801799,0.0,-13.761482514661491,8.73226773932477,-22.493750253986263
63.875,optimal_fallow,63678.55741031728,63728.723754151586,308.84970065358164,0.0,-3.256574862651194,8.729962158102959,-11.986537020754152
65.7,optimal_fallow,63648.643856332106,63722.78050502725,308.2873224112555,0.0,-3.256574862651194,8.729148014387295,-11.985722877038489
67.525,optimal_fallow,63618.730302346936,63716.83725590291,307.72494416892937,0.0,-3.256574862651194,8.728333870671632,-11.984908733322825
69.35,optimal_fallow,63582.02936619775,63698.48103958417,307.1020616584835,0.0,-10.319801717211673,8.725819320490983,-19.045621037702656
71.175,optimal_fallow,63545.06737688841,63679.64740145026,306.47685206080223,0.0,-10.319801717211673,8.72323937006168,-19.04304108727335
73.0,optimal_fallow,63505.48629477961,63655.12940626836,305.81779937984004,0.0,-16.62710200333645,8.719880740584708,-25.34698274392116
74.825,optimal_fallow,63463.220642551365,63624.78494511227,305.1240575385148,0.0,-16.62710200333645,8.715723965083873,-25.34282596842032
76.65,optimal_fallow,63420.878135360676,63594.22410119293,304.4285454558801,0.0,-21.42902085906989,8.711537548108621,-30.14055840717851
78.475,optimal_fallow,63375.49985715361,63555.11613812512,303.66310884152267,0.0,-21.42902085906989,8.706180292893853,-30.13520115196374
80.3,optimal_fallow,63330.12157894655,63516.00817505732,302.8976722271652,0.0,-21.42902085906989,8.700823037679086,-30.129843896748977
82.125,optimal_fallow,63284.25500923683,63473.93708565282,302.0927293872621,0.0,-24.351556424033316,8.695059874746963,-33.04661629878028
83.95,optimal_fallow,63237.997806324995,63429.495495178955,301.25618156692263,0.0,-24.351556424033316,8.688971985640954,-33.040528409674266
85.775,optimal_fallow,63191.83910866456,63384.88745146588,300.413705494375,0.0,-25.406954653105014,8.682861294721354,-34.08981594782637
87.6,optimal_fallow,63146.721752233185,63338.519759223964,299.508559327055,0.0,-25.406954653105014,8.676509556058079,-34.0834642091631
89.425,optimal_fallow,63101.60439580181,63292.15206698205,298.6034131597351,0.0,-25.406954653105014,8.670157817394802,-34.07711247049981
91.25,optimal_fallow,63058.15145336733,63246.362577949076,297.65794120666766,0.0,-24.89370029776949,8.66388528465056,-33.55758558242005
93.075,optimal_fallow,63015.73044761092,63200.93157490565,296.6874672664368,0.0,-24.89370029776949,8.657661859576118,-33.55136215734561
94.9,optimal_fallow,62973.85863688071,63155.947083099076,295.70797484756696,0.0,-23.24222038062386,8.651499600424533,-31.893719981048392
96.725,optimal_fallow,62935.14469755108,63113.53003090444,294.6766261765235,0.0,-23.24222038062386,8.645689045329377,-31.887909425953236
98.55,optimal_fallow,62896.43075822145,63071.112978709796,293.64527750547995,0.0,-23.24222038062386,8.639878490234219,-31.88209887085808
100.375,optimal_fallow,62860.61689296458,63031.613599038224,292.57568618112623,0.0,-20.887734957277587,8.634467616306607,-29.522202573584195
102.2,optimal_fallow,62826.17397181482,62993.49348274119,291.4880165115713,0.0,-20.887734957277587,8.629245682567287,-29.516980639844874
104.025,optimal_fallow,62792.666200975065,62956.403507690775,290.38960356128945,0.0,-18.198244514871885,8.62416486406723,-26.822409378939113
105.85,optimal_fallow,62762.678996008275,62923.19171145114,289.2507453188593,0.0,-18.198244514871885,8.619615302938513,-26.817859817810398
107.675,optimal_fallow,62732.691791041485,62889.979915211494,288.1118870764291,0.0,-18.198244514871885,8.615065741809795,-26.81331025668168
109.5,optimal_fallow,62705.92596094523,62860.49128343782,286.93855247555007,0.0,-15.444122855117906,8.611026203210661,-24.055149058328567
111.325,optimal_fallow,62680.287612053646,62832.30575922722,285.75315114921386,0.0,-15.444122855117906,8.607165172496881,-24.05128802761479
113.15,optimal_fallow,62655.76794413936,62805.43144088644,284.55640170831646,0.0,-12.798850739197329,8.60348375902554,-21.40233449822287
114.975,optimal_fallow,62634.24837520965,62782.073538287405,283.3292186874594,0.0,-12.798850739197329,8.600284046340741,-21.39913478553807
116.8,optimal_fallow,62612.72880627994,62758.71563568837,282.1020356666024,0.0,-12.798850739197329,8.597084333655943,-21.39593507285327
118.625,optimal_fallow,62594.22332597965,62738.92482266081,280.84495227246435,0.0,-10.363156279432756,8.594373263378195,-18.957529542810953
120.45,optimal_fallow,62576.45977518812,62720.01206245085,279.5805087864417,0.0,-10.363156279432756,8.591782474308337,-18.954938753741093
122.275,optimal_fallow,62559.821505008455,62702.42851873984,278.30509443996834,0.0,-8.178142856484218,8.58937376969039,-16.767516626174608
124.1,optimal_fallow,62545.433796052486,62687.50340802676,277.0077383725934,0.0,-8.178142856484218,8.58732923397627,-16.765472090460488
125.925,optimal_fallow,62531.04608709651,62672.578297313674,275.71038230521845,0.0,-8.178142856484218,8.585284698262148,-16.763427554746364
127.75,optimal_fallow,62519.25032471294,62660.68680756045,274.3875857604618,0.0,-6.25467281540102,8.583655727063077,-14.838328542464097
129.575,optimal_fallow,62507.86186821933,62649.27202967234,273.06079142640226,0.0,-6.25467281540102,8.582092058859226,-14.836764874260247
131.4,optimal_fallow,62497.51272704767,62639.06526774798,271.72393760712436,0.0,-4.579171221847589,8.580693872294246,-13.159865094141836
133.225,optimal_fallow,62488.7550374628,62630.70828026811,270.37168020110585,0.0,-4.579171221847589,8.579549079488784,-13.158720301336373
135.05,optimal_fallow,62479.997347877914,62622.35129278824,269.0194227950873,0.0,-4.579171221847589,8.578404286683321,-13.157575508530911
136.875,optimal_fallow,62473.372669017524,62616.44559639357,267.6466261619172,0.0,-3.1285441686865507,8.577595287177202,-11.706139455863752
138.7,optimal_fallow,62466.9186310151,62610.73600328572,266.272186390575,0.0,-3.1285441686865507,8.576813151135031,-11.705357319821582
140.525,optimal_fallow,62461.38512202736,62606.07004343937,264.888988220221,0.0,-1.8766479201475614,8.57617397855334,-10.452821898700902
142.35,optimal_fallow,62456.946296192225,62602.64516098511,263.4953746564477,0.0,-1.8766479201475614,8.575704816573303,-10.452352736720865
144.175,optimal_fallow,62452.50747035709,62599.22027853084,262.10176109267445,0.0,-1.8766479201475614,8.575235654593266,-10.451883574740828
146.0,optimal_fallow,62449.80129070277,62597.74078887288,260.6913767849682,0.0,-0.7973546564429894,8.575032984777108,-9.372387641220097
147.825,optimal_fallow,62447.11676912572,62596.28561662487,259.2807828429629,0.0,-0.7973546564429894,8.574833646112996,-9.372188302555985
149.65,optimal_fallow,62445.22104994226,62595.71633509619,257.86278032105895,0.0,0.1388116614425024,8.574755662341945,-8.435944000899442
151.475,optimal_fallow,62444.05779012427,62595.969666378325,256.43789840353503,0.0,0.1388116614425024,8.574790365257305,-8.435978703814802
153.3,optimal_fallow,62442.96138146558,62596.29613793648,255.01241625754966,0.0,0.9503681488036908,8.57483508738856,-7.62446693858487
155.125,optimal_fallow,62443.151857623256,62598.030559808045,253.5753797136809,0.0,0.9503681488036908,8.57507267942576,-7.62470453062207
156.95,optimal_fallow,62443.34233378093,62599.76498167961,252.13834316981212,0.0,0.9503681488036908,8.575310271462962,-7.624942122659272
158.775,optimal_fallow,62444.21630141316,62602.25326926921,250.6954354615977,0.0,1.6622669906665397,8.575651132776605,-6.913384142110065
160.6,optimal_fallow,62445.584709686555,62605.28690652718,249.24828052811196,0.0,1.6622669906665397,8.576066699524272,-6.9137997088577325
162.425,optimal_fallow,62447.06906510923,62608.446818332406,247.8001137842495,0.0,2.28499078539402,8.576499564155124,-6.291508778761104
164.25,optimal_fallow,62449.480997726074,62612.61692651575,246.34385255737345,0.0,2.28499078539402,8.577070811851474,-6.2920800264574535
166.075,optimal_fallow,62451.89293034291,62616.7870346991,244.8875913304974,0.0,2.28499078539402,8.577642059547822,-6.292651274153801
167.9,optimal_fallow,62454.90778751234,62621.60794282037,243.4266616436887,0.0,2.840468076984305,8.5783024579206,-5.737834380936295
169.725,optimal_fallow,62458.25889106686,62626.79179706086,241.96312839268685,0.0,2.840468076984305,8.579012574939846,-5.738544497955541
171.55,optimal_fallow,62461.75223728712,62632.13105367536,240.49846894674315,0.0,3.333133137407103,8.579743979955529,-5.246610842548426
173.375,optimal_fallow,62465.926316264864,62638.214021651125,239.02841985357776,0.0,3.333133137407103,8.580577263239881,-5.247444125832779
175.2,optimal_fallow,62470.1003952426,62644.29698962689,237.55837076041237,0.0,3.333133137407103,8.581410546524232,-5.248277409117129
177.025,optimal_fallow,62474.81239161447,62650.95310806316,236.08464349466172,0.0,3.7794218881917825,8.582322343570297,-4.802900455378515
178.85,optimal_fallow,62479.750879520696,62657.850553009106,234.6093675246647,0.0,3.7794218881917825,8.583267199042345,-4.803845310850562
180.675,optimal_fallow,62484.84982748122,62664.92100861912,233.13300239963303,0.0,4.183570807850305,8.584235754605361,-4.400664946755056
182.5,optimal_fallow,62490.47238193472,62672.55602534345,231.65308318975167,0.0,4.183570807850305,8.585281647307323,-4.401710839457017
184.325,optimal_fallow,62496.09493638822,62680.191042067774,230.1731639798703,0.0,4.183570807850305,8.586327540009286,-4.402756732158981
186.15,optimal_fallow,62502.21472548907,62688.342200880434,228.68998988512635,0.0,4.553058294855649,8.58744413710691,-4.034385842251261
187.975,optimal_fallow,62508.4868929496,62696.651532268545,227.20581832566648,0.0,4.553058294855649,8.588582401680624,-4.035524106824974
189.8,optimal_fallow,62514.94480388157,62705.144611010306,225.7206042196739,0.0,4.89286504475922,8.5897458371247,-3.696880792365481
191.625,optimal_fallow,62521.843855558196,62714.07408971699,224.23291406566622,0.0,4.89286504475922,8.59096905338589,-3.6981040086266708
193.45,optimal_fallow,62528.742907234824,62723.00356842368,222.74522391165857,0.0,4.89286504475922,8.59219226964708,-3.6993272248878606
195.275,optimal_fallow,62535.996761219,62732.407048793626,221.2549764601738,0.0,5.206863284171211,8.593480417642963,-3.386617133471752
197.1,optimal_fallow,62543.32475299879,62741.90957428724,219.7641946480222,0.0,5.206863284171211,8.594782133464006,-3.387918849292795
198.925,optimal_fallow,62550.85342645181,62751.6017960739,218.2721847799335,0.0,5.497187322660719,8.596109835078618,-3.098922512417899
200.75,optimal_fallow,62558.741942905115,62761.63416293776,216.7779728805093,0.0,5.497187322660719,8.597484131909283,-3.1002968092485643
202.575,optimal_fallow,62566.630459358414,62771.66652980161,215.28376098108512,0.0,5.497187322660719,8.598858428739948,-3.1016711060792295
204.4,optimal_fallow,62574.94172722839,62782.14276154402,213.78728364155117,0.0,5.770802658754223,8.600293528978634,-2.8294908702244106
206.225,optimal_fallow,62583.30583902545,62792.67447639624,212.29052312200355,0.0,5.770802658754223,8.601736229643322,-2.8309335708890986
208.05,optimal_fallow,62591.85792983859,62802.88913523951,210.71855853857707,0.0,5.356918102328931,8.603135497978016,-3.2462173956490847
209.875,optimal_fallow,62600.669873997474,62812.665510776256,209.04263539625933,0.0,5.356918102328931,8.604474727503598,-3.247556625174667
211.7,optimal_fallow,62609.48181815636,62822.441886313005,207.36671225394159,0.0,5.356918102328931,8.60581395702918,-3.2488958547002493
213.525,optimal_fallow,62618.43292260926,62831.40596811434,205.549074074074,0.0,4.888703958447742,8.607041913440321,-3.7183379549925792
215.35,optimal_fallow,62627.39125616835,62840.327852838505,203.72407407407403,0.0,4.888703958447742,8.608264089429934,-3.7195601309821917
217.175,optimal_fallow,62636.38234389735,62849.298700664236,201.899074074074,0.0,4.944425928612271,8.609492972693731,-3.66506704408146
219.0,optimal_fallow,62645.4087053478,62858.32227798395,200.07407407407405,0.0,4.944425928612271,8.610729079175885,-3.6663031505636132
220.825,optimal_fallow,62654.436663896166,62867.342107195705,198.2497330186657,0.0,4.778071547719242,8.61196467221859,-3.8338931244993484
222.65,optimal_fallow,62663.59239027767,62876.06208777029,196.47810753058528,0.0,4.778071547719242,8.61315919010552,-3.835087642386278
224.475,optimal_fallow,62672.748116659175,62884.78206834488,194.7064820425049,0.0,4.778071547719242,8.61435370799245,-3.836282160273208
226.3,optimal_fallow,62681.99966541709,62892.61934078169,193.06510048686354,0.0,3.8876685693921806,8.615427306956397,-4.727758737564216
228.125,optimal_fallow,62691.33179208244,62899.714335920835,191.53324223804594,0.0,3.8876685693921806,8.616399224098746,-4.728730654706565
229.95,optimal_fallow,62700.690024130075,62906.83540609625,190.00122314641018,0.0,4.080552399384526,8.617374713163871,-4.536822313779345
231.775,optimal_fallow,62710.374573456276,62914.28241422513,188.46719351954735,0.0,4.080552399384526,8.618394851263718,-4.537842451879191
233.6,optimal_fallow,62720.05912278248,62921.729422354,186.93316389268455,0.0,4.080552399384526,8.619414989363563,-4.538862589979036
235.425,optimal_fallow,62729.93116286355,62929.37065562484,185.3978530942414,0.0,4.256479002672525,8.62046173364724,-4.363982730974715
237.25,optimal_fallow,62739.92564588658,62937.13872980472,183.86170561231728,0.0,4.256479002672525,8.621525853397907,-4.365046850725382
239.075,optimal_fallow,62749.95760926784,62944.94557759055,182.3254025120472,0.0,4.412925432668775,8.622595284601447,-4.209669851932672
240.9,optimal_fallow,62760.22808401968,62952.99916650517,180.78810911321176,0.0,4.412925432668775,8.623698515959614,-4.210773083290839
242.725,optimal_fallow,62770.49855877153,62961.05275541979,179.2508157143764,0.0,4.412925432668775,8.62480174731778,-4.211876314649006
244.55,optimal_fallow,62780.94371453039,62969.27456401287,177.71310638147258,0.0,4.551188182086135,8.625928022467518,-4.074739840381382
246.375,optimal_fallow,62791.47621079276,62977.58048244518,176.17518908153465,0.0,4.551188182086135,8.627065819513039,-4.0758776374269035
248.2,optimal_fallow,62802.056731832425,62985.928708440784,174.63741719081025,0.0,4.66854820356288,8.628209412115178,-3.9596612085522978
250.025,optimal_fallow,62812.832353529826,62994.44880891228,173.1002360250159,0.0,4.66854820356288,8.629376549166068,-3.960828345603188
251.85,optimal_fallow,62823.60797522722,63002.96890938379,171.56305485922155,0.0,4.66854820356288,8.630543686216958,-3.9619954826540784
253.675,optimal_fallow,62834.52932574,63013.07854747061,169.8424884920293,0.0,5.864299741443515,8.63192856814666,-2.7676288267031453
255.5,optimal_fallow,62845.50501581104,63023.78089449875,168.05354120228196,0.0,5.864299741443515,8.63339464308202,-2.769094901638505
257.325,optimal_fallow,62856.48600053521,63034.559637975246,166.2552469135802,0.0,6.025763859314844,8.63487118328428,-2.609107323969437
259.15,optimal_fallow,62867.48211283974,63045.5566570185,164.43024691358025,0.0,6.025763859314844,8.63637762424911,-2.610613764934267
260.975,optimal_fallow,62878.47822514427,63056.55367606175,162.60524691358023,0.0,6.025763859314844,8.637884065213939,-2.612120205899095
262.8,optimal_fallow,62889.42414112398,63065.21222332759,160.93331237052632,0.0,4.404049698611791,8.639070167579122,-4.235020468967331
264.625,optimal_fallow,62900.35672370491,63073.249614027554,159.30203583947372,0.0,4.404049698611791,8.640171180003776,-4.236121481391985
266.45,optimal_fallow,62911.31459500233,63080.82821628912,157.70240273886478,0.0,3.6208702779436974,8.64120934469714,-5.020339066753443
268.275,optimal_fallow,62922.325961661576,63087.43630454636,156.1697076641944,0.0,3.6208702779436974,8.642114562266626,-5.021244284322928
270.1,optimal_fallow,62933.33732832081,63094.04439280361,154.63701258952398,0.0,3.6208702779436974,8.643019779836113,-5.022149501892415
271.925,optimal_fallow,62944.41375544106,63100.58976229075,153.11168628722467,0.0,3.580527054767993,8.643916405793254,-5.063389351025261
273.75,optimal_fallow,62955.50149742409,63107.1242241657,151.58764151055513,0.0,3.580527054767993,8.644811537556947,-5.064284482788954
275.575,optimal_fallow,62966.62023204679,63113.605940264344,150.06769318111867,0.0,3.505009460752413,8.645699443871829,-5.140689983119415
277.4,optimal_fallow,62977.788954798,63120.002582530215,148.5543520246388,0.0,3.505009460752413,8.646575696237017,-5.1415662354846035
279.225,optimal_fallow,62988.95767754921,63126.39922479609,147.04101086815888,0.0,3.505009460752413,8.647451948602205,-5.142442487849792
281.05,optimal_fallow,63000.132384932695,63132.58322633535,145.54106207345032,0.0,3.3774722607849346,8.648299072100734,-5.2708268113158
282.875,optimal_fallow,63011.30765843004,63138.747113211284,144.04238012377422,0.0,3.3774722607849346,8.64914344016593,-5.271671179380997
284.7,optimal_fallow,63022.470656422476,63143.75203331962,142.62068950744256,0.0,1.9486091226527344,8.649829045660223,-6.701219923007488
286.525,optimal_fallow,63033.61831003375,63147.30824496846,141.29523805779152,0.0,1.9486091226527344,8.650316197940885,-6.701707075288151
288.35,optimal_fallow,63044.76596364503,63150.8644566173,139.96978660814042,0.0,1.9486091226527344,8.65080335022155,-6.702194227568815
290.175,optimal_fallow,63055.97251041088,63156.800818867065,138.51962957185634,0.0,3.285818754521507,8.651616550529736,-5.365797796008229
292.0,optimal_fallow,63067.18054814266,63162.797438094065,137.06631543211324,0.0,3.285818754521507,8.652438005218366,-5.366619250696859
293.825,optimal_fallow,63078.34849281724,63168.536943091945,135.6275569684018,0.0,3.007485943844029,8.65322423877972,-5.64573829493569
295.65,optimal_fallow,63089.47732231405,63174.02560493946,134.2029991642334,0.0,3.007485943844029,8.653976110265681,-5.646490166421652
297.475,optimal_fallow,63100.60471959622,63179.49052517435,132.77975405426074,0.0,2.6562401679744925,8.654724729475939,-5.998484561501447
299.3,optimal_fallow,63111.69487929735,63184.338163480905,131.3906389933769,0.0,2.6562401679744925,8.655388789517934,-5.9991486215434415
301.125,optimal_fallow,63122.78503899849,63189.185801787455,130.0015239324931,0.0,2.6562401679744925,8.656052849559927,-5.999812681585435
302.95,optimal_fallow,63133.77855888101,63193.58078006702,128.6373517101245,0.0,2.219486598160745,8.656654901379046,-6.437168303218301
304.775,optimal_fallow,63144.69854846676,63197.63134310867,127.29215773445229,0.0,2.219486598160745,8.657209773028585,-6.43772317486784
306.6,optimal_fallow,63155.60109581653,63202.09322067986,125.9139585819017,0.0,4.501437070330581,8.657820989134228,-4.156383918803647
308.425,optimal_fallow,63166.34448276293,63210.308343333214,124.23458719033627,0.0,4.501437070330581,8.65894634840181,-4.15750927807123
310.25,optimal_fallow,63177.08786970932,63218.52346598657,122.55521579877085,0.0,4.501437070330581,8.660071707669394,-4.158634637338813
312.075,optimal_fallow,63187.59229365186,63221.54040855698,121.15021524991602,0.0,-0.02236187372217909,8.660484987473561,-8.68284686119574
313.9,optimal_fallow,63197.95615112155,63221.499598137445,119.90660931442036,0.0,-0.02236187372217909,8.66047939700513,-8.682841270727309
315.725,optimal_fallow,63208.28685548309,63221.18719055685,118.6755156227211,0.0,-0.9496272075585994,8.660436601446145,-9.610063809004744
317.55,optimal_fallow,63218.444143586654,63219.45412090305,117.50987059088,0.0,-0.9496272075585994,8.660199194644255,-9.609826402202854
319.375,optimal_fallow,63228.601431690215,63217.72105124926,116.34422555903892,0.0,-0.9496272075585994,8.659961787842365,-9.609588995400964
321.2,optimal_fallow,63238.60779237103,63218.04693234992,115.05202004975322,0.0,0.6822222162282872,8.660006429089032,-7.977784212860745
323.025,optimal_fallow,63248.54677473812,63219.29198789454,113.70331432732262,0.0,0.6822222162282872,8.660176984643089,-7.977954768414802
324.85,optimal_fallow,63258.38911425096,63218.70148015408,112.42429680008271,0.0,-3.8438242401232765,8.660096093171793,-12.50392033329507
326.675,optimal_fallow,63267.89320377394,63211.68650091585,111.38918795601052,0.0,-3.8438242401232765,8.659135137111761,-12.502959377235037
328.5,optimal_fallow,63277.39729329693,63204.67152167763,110.3540791119383,0.0,-3.8438242401232765,8.65817418105173,-12.501998421175006
330.325,optimal_fallow,63286.69810496114,63194.2060220282,109.4703081008549,0.0,-6.3544207216658615,8.656740550962768,-15.01116127262863
332.15,optimal_fallow,63295.932268147066,63182.609204211156,108.63615605140716,0.0,-6.3544207216658615,8.655151945782352,-15.009572667448214
333.975,optimal_fallow,63305.08447465534,63170.93932768762,107.78004585926831,0.0,-6.4954035739849685,8.65355333255995,-15.148956906544917
335.8,optimal_fallow,63314.030007802576,63159.0852161651,106.86856295947373,0.0,-6.4954035739849685,8.651929481666453,-15.147333055651423
337.625,optimal_fallow,63322.97554094982,63147.231104642575,105.95708005967917,0.0,-6.4954035739849685,8.650305630772957,-15.145709204757924
339.45,optimal_fallow,63331.69909066408,63128.32298226252,105.3342615879412,0.0,-11.239072145677895,8.647715477022265,-19.88678762270016
341.275,optimal_fallow,63340.372189598114,63107.811675596655,104.77704866803428,0.0,-11.239072145677895,8.644905708985844,-19.88397785466374
343.1,optimal_fallow,63348.96963700545,63083.624950091624,104.36654780599955,0.0,-17.065078524796334,8.641592458916662,-25.706670983712996
344.925,optimal_fallow,63357.42388688011,63052.48118178387,104.23375191065142,0.0,-17.065078524796334,8.637326189285464,-25.702404714081798
346.75,optimal_fallow,63365.87813675477,63021.33741347612,104.1009560153033,0.0,-17.065078524796334,8.633059919654263,-25.6981384444506
348.575,optimal_fallow,63374.32397416078,62981.469737652544,104.40015761552118,0.0,-22.518572707941004,8.62759859419898,-31.146171302139983
350.4,optimal_fallow,63382.76862671206,62940.37334246055,104.76020393342442,0.0,-22.518572707941004,8.621968951021994,-31.140541658963
352.225,optimal_fallow,63391.28023592276,62891.32464947334,105.61770461184199,0.0,-33.214066629280715,8.61524995198265,-41.82931658126336
354.05,optimal_fallow,63399.88923663807,62830.70897787491,107.19877526918937,0.0,-33.214066629280715,8.60694643532533,-41.82101306460605
355.875,optimal_fallow,63408.49823735338,62770.09330627647,108.77984592653675,0.0,-33.214066629280715,8.598642918668011,-41.81270954794873
357.7,optimal_fallow,63417.83576347897,62709.24035998052,111.38185558869483,0.0,-33.35263368406424,8.59030689862747,-41.942940582691705
359.525,optimal_fallow,63427.22121890787,62648.3718035071,114.05103229064309,0.0,-33.35263368406424,8.581968740206452,-41.93460242427069
361.35,optimal_fallow,63437.16953029575,62585.58534664923,118.92267549879226,0.0,-35.59271920879752,8.573367855705376,-44.1660870645029
363.175,optimal_fallow,63447.75475763723,62520.628634093184,126.2865834376421,0.0,-35.59271920879752,8.564469675903178,-44.157188884700695
0.0,no_fallow,64145.254434457514,63135.98801063143,133.04903569480177,0.0,-4.172728967917118,8.648765480908416,-12.821494448825534
1.825,no_fallow,64157.634521526845,63128.37278026498,142.25653516842314,0.0,-4.172728967917118,8.647722298666437,-12.820451266583555
3.65,no_fallow,64170.014608596175,63120.75754989853,151.4640346420445,0.0,-4.172728967917118,8.646679116424458,-12.819408084341577
5.475,no_fallow,64182.664611596774,63134.08862645537,160.59627094191512,0.0,17.447543230699655,8.648505291295256,8.799037939404398
7.3,no_fallow,64195.55314495524,63165.9303928514,169.6619955998665,0.0,17.447543230699655,8.652867177102932,8.794676053596723
9.125,no_fallow,64208.448710567485,63199.00687554373,178.7189251956232,0.0,28.40776460063617,8.65739820212928,19.75036639850689
10.95,no_fallow,64221.45116643724,63250.85104593989,187.6421698460219,0.0,28.40776460063617,8.664500143279438,19.74326445735673
12.775,no_fallow,64234.453622306995,63302.695216336055,196.5654144964206,0.0,28.40776460063617,8.671602084429598,19.736162516206573
14.6,no_fallow,64247.34307686497,63358.89593546094,204.86885672674592,0.0,32.43608020596588,8.679300813076843,23.756779392889037
16.425,no_fallow,64260.15484302111,63418.09178183683,212.7461847932708,0.0,32.43608020596588,8.687409833128335,23.748670372837545
18.25,no_fallow,64272.95293360924,63496.996151324725,224.06123889637186,0.0,119.90952525103422,8.698218650866401,111.21130660016783
20.075,no_fallow,64285.6539276645,63715.83103490786,259.7841478591637,0.0,119.90952525103422,8.72819603217916,111.18132921885507
21.9,no_fallow,64298.354921719765,63934.665918490995,295.50705682195553,0.0,119.90952525103422,8.758173413491917,111.15135183754231
23.725,no_fallow,64312.33894758168,64030.097743035,308.8335816259672,0.0,16.568633215162123,8.771246266169179,7.797386948992944
25.55,no_fallow,64327.00080156786,64060.335498652676,310.3280544215666,0.0,16.568633215162123,8.77538842447297,7.793244790689153
27.375,no_fallow,64341.504334153964,64089.794142820974,311.6192524067977,0.0,14.263317145786175,8.779423855180957,5.483893290605218
29.2,no_fallow,64355.311252579675,64115.824696612035,312.0160412264081,0.0,14.263317145786175,8.782989684467402,5.4803274613187725
31.025,no_fallow,64369.11817100538,64141.855250403096,312.4128300460185,0.0,14.263317145786175,8.78655551375385,5.476761632032325
32.85,no_fallow,64381.86411907421,64167.675397206294,312.56507046619913,0.0,14.102306602406541,8.790092520165247,5.312214082241294
34.675,no_fallow,64394.189337518765,64193.412106755684,312.62033479695066,0.0,14.102306602406541,8.793618096815848,5.308688505590693
36.5,no_fallow,64405.927784651794,64219.28431056662,312.6435221331813,0.0,14.402992497876925,8.797162234324196,5.605830263552729
38.325,no_fallow,64415.876579284704,64245.56977187524,312.56887463612316,0.0,14.402992497876925,8.800762982448664,5.602229515428261
40.15,no_fallow,64425.825373917614,64271.855233183865,312.494227139065,0.0,14.402992497876925,8.804363730573133,5.598628767303792
41.975,no_fallow,64433.10931182699,64298.25337918214,312.3722075284756,0.0,14.482378971992503,8.807979914956459,5.6743990570360445
43.8,no_fallow,64439.63186210109,64324.683720806024,312.2366530283058,0.0,14.482378971992503,8.811600509699456,5.670778462293047
45.625,no_fallow,64444.661514959036,64350.71110644132,312.08509352104136,0.0,13.766994093618504,8.815165904991963,4.951828188626541
47.45,no_fallow,64446.347077604856,64375.83587066217,311.89768279788484,0.0,13.766994093618504,8.818607653515368,4.948386440103135
49.275,no_fallow,64448.03264025067,64400.96063488303,311.7102720747283,0.0,13.766994093618504,8.822049402038772,4.944944691579732
51.1,no_fallow,64444.59664936811,64422.50374537202,311.3695310252264,0.0,11.42925072310476,8.825000513064662,2.6042502100400977
52.925,no_fallow,64440.18153795808,64443.362127941684,310.99947682509963,0.0,11.42925072310476,8.827857825745438,2.6013928973593217
54.75,no_fallow,64433.028967647275,64461.8318530452,310.6369173546506,0.0,7.895346526607113,8.830387925074687,-0.9350413984675745
56.575,no_fallow,64421.22271720517,64476.24086045626,310.2870989246539,0.0,7.895346526607113,8.832361761706338,-0.9370152350992251
58.4,no_fallow,64409.41646676307,64490.649867867316,309.93728049465716,0.0,7.895346526607113,8.83433559833799,-0.9389890717308775
60.225,no_fallow,64390.157386247316,64495.55045566754,309.49147698685954,0.0,2.1142845001246124,8.835006911735281,-6.7207224116106685
62.05,no_fallow,64370.08155723033,64499.40902488026,309.03515456642623,0.0,2.1142845001246124,8.83553548286031,-6.721250982735698
63.875,no_fallow,64346.43338825353,64497.882049703425,308.54328342303853,0.0,-4.715133825587008,8.835326308178553,-13.550460133765561
65.7,no_fallow,64318.09014390094,64489.27693047173,308.0046911009108,0.0,-4.715133825587008,8.834147524722155,-13.549281350309164
67.525,no_fallow,64289.74689954836,64480.671811240034,307.46609877878313,0.0,-4.715133825587008,8.83296874126576,-13.548102566852767
69.35,no_fallow,64254.346724060146,64459.76411462679,306.8571456366504,0.0,-11.715546666506613,8.830104673236548,-20.54565133974316
71.175,no_fallow,64218.675128143645,64438.383241960415,306.2454863091329,0.0,-11.715546666506613,8.82717578656992,-20.542722453076536
73.0,no_fallow,64180.21437797996,64411.32919393492,305.59543592451445,0.0,-18.01043987320467,8.823469752593827,-26.833909625798498
74.825,no_fallow,64138.8947447129,64378.460141166324,304.90603470636756,0.0,-18.01043987320467,8.818967142625525,-26.829407015830196
76.65,no_fallow,64097.49139128221,64345.3788208695,304.21486309097435,0.0,-22.721034335161153,8.814435454913632,-31.535469790074785
78.475,no_fallow,64052.781091387784,64303.91293320783,303.4537607843523,0.0,-22.721034335161153,8.808755196329841,-31.529789531490994
80.3,no_fallow,64008.07079149337,64262.44704554616,302.6926584777302,0.0,-22.721034335161153,8.80307493774605,-31.524109272907204
82.125,no_fallow,63962.74523319458,64218.110328446906,301.8925600559206,0.0,-25.55253734209533,8.797001414855742,-34.34953875695108
83.95,no_fallow,63916.92746817232,64171.47694779758,301.06126474196094,0.0,-25.55253734209533,8.790613280520217,-34.343150622615546
85.775,no_fallow,63871.2050201413,64124.73363316935,300.22759835291146,0.0,-26.249574703440338,8.784210086735529,-35.033784790175865
87.6,no_fallow,63826.490208874915,64076.82815933558,299.3688663129126,0.0,-26.249574703440338,8.77764769305967,-35.02722239650001
89.425,no_fallow,63781.77539760853,64028.9226855018,298.5101342729137,0.0,-26.249574703440338,8.77108529938381,-35.020660002824144
91.25,no_fallow,63738.83403464446,63981.99758551222,297.58304482447187,0.0,-25.379325044478723,8.764657203494826,-34.14398224797355
93.075,no_fallow,63696.99220962784,63935.68031730605,296.6135737827954,0.0,-25.379325044478723,8.758312372233707,-34.13763741671243
94.9,no_fallow,63655.676735162226,63889.81137121767,295.63238632037275,0.0,-23.72114734851219,8.752028954961325,-32.473176303473515
96.725,no_fallow,63617.38777636499,63846.520277306634,294.5838294386594,0.0,-23.72114734851219,8.746098668124198,-32.46724601663639
98.55,no_fallow,63579.09881756775,63803.229183395604,293.535272556946,0.0,-23.72114734851219,8.74016838128707,-32.46131572979926
100.375,no_fallow,63543.562112952866,63762.78661114174,292.4605559176674,0.0,-21.422464865515636,8.73462830289613,-30.157093168411766
102.2,no_fallow,63509.32647395146,63723.69061276217,291.37347284753986,0.0,-21.422464865515636,8.729272686679751,-30.151737552195385
104.025,no_fallow,63476.010923171416,63685.650721449936,290.275581603187,0.0,-18.665182916966504,8.724061742664375,-27.38924465963088
105.85,no_fallow,63446.15923393062,63651.58676262647,289.13700076175036,0.0,-18.665182916966504,8.719395446935135,-27.38457836390164
107.675,no_fallow,63416.30754468983,63617.522803803,287.9984199203137,0.0,-18.665182916966504,8.714729151205892,-27.379912068172395
109.5,no_fallow,63389.58061669356,63586.98405097008,286.8025575578826,0.0,-16.05749629383084,8.71054576040686,-24.768042054237704
111.325,no_fallow,63363.94735513287,63557.679120233835,285.58664666310335,0.0,-16.05749629383084,8.706531386333403,-24.764027680164244
113.15,no_fallow,63339.396564564086,63529.68184855627,284.3675303687323,0.0,-13.419379637476316,8.702696143637846,-22.122075781114162
114.975,no_fallow,63317.74876438268,63505.19148071788,283.1398177754561,0.0,-13.419379637476316,8.699341298728477,-22.118720936204795
116.8,no_fallow,63296.10096420127,63480.701112879484,281.91210518217986,0.0,-13.419379637476316,8.695986453819108,-22.115366091295424
118.625,no_fallow,63277.47258758056,63459.86141553711,280.65438690542646,0.0,-10.92661411437344,8.69313170075851,-19.61974581513195
120.45,no_fallow,63259.587453682485,63439.92034477838,279.38928261427867,0.0,-10.92661411437344,8.690400047229916,-19.617014161603358
122.275,no_fallow,63242.814144240096,63421.21911444035,278.0966766166928,0.0,-8.888520272133917,8.687838234854842,-17.57635850698876
124.1,no_fallow,63228.26448370909,63404.997564943704,276.74906720623073,0.0,-8.888520272133917,8.68561610478681,-17.574136376920727
125.925,no_fallow,63213.714823178096,63388.77601544706,275.40145779576864,0.0,-8.888520272133917,8.683393974718776,-17.571914246852693
127.75,no_fallow,63201.60546047195,63375.41285072159,274.0703299551555,0.0,-7.0761588908020014,8.681563404208438,-15.757722295010439
129.575,no_fallow,63189.87957313827,63362.49886074587,272.7417920755187,0.0,-7.0761588908020014,8.679794364485737,-15.75595325528774
131.4,no_fallow,63179.20701596952,63350.83050501113,271.40317536750143,0.0,-5.348481262054178,8.678195959590568,-14.026677221644746
133.225,no_fallow,63170.14737061582,63341.069526707885,270.0491254535269,0.0,-5.348481262054178,8.676858839275054,-14.025340101329231
135.05,no_fallow,63161.087725262114,63331.30854840464,268.6950755395524,0.0,-5.348481262054178,8.67552171895954,-14.02400298101372
136.875,no_fallow,63154.210483931296,63324.07414094807,267.3202345173424,0.0,-3.8533050897725927,8.674530704239462,-12.527835794012056
138.7,no_fallow,63147.50783492231,63317.04185915923,265.94373020647345,0.0,-3.8533050897725927,8.67356737796702,-12.526872467739611
140.525,no_fallow,63141.7061889523,63310.900314330356,264.52305603104804,0.0,-2.784816474342384,8.672726070456214,-11.4575425447986
142.35,no_fallow,63136.97600605566,63305.818024264685,263.0498555302041,0.0,-2.784816474342384,8.67202986633763,-11.456846340680013
144.175,no_fallow,63132.24582315902,63300.73573419901,261.5766550293602,0.0,-2.784816474342384,8.671333662219043,-11.456150136561426
146.0,no_fallow,63129.06410745473,63297.30767141631,260.16203062374484,0.0,-1.8670602420073825,8.670864064577579,-10.537924306584962
147.825,no_fallow,63125.90174759034,63293.90028647464,258.7481384193198,0.0,-1.8670602420073825,8.670397299517075,-10.537457541524457
149.65,no_fallow,63123.56560028511,63291.41734293725,257.3265250436588,0.0,-0.8901554312314772,8.670057170265379,-9.560212601496856
151.475,no_fallow,63121.996650356225,63289.792809275255,255.897742008993,0.0,-0.8901554312314772,8.66983463140757,-9.559990062639047
153.3,no_fallow,63120.494847960545,63288.24455746802,254.4683603840687,0.0,-0.04374033047770598,8.669622542118908,-8.713362872596614
155.125,no_fallow,63120.2856355789,63288.164731364894,253.027455896669,0.0,-0.04374033047770598,8.669611607036288,-8.713351937513993
156.95,no_fallow,63120.07642319725,63288.08490526177,251.5865514092693,0.0,-0.04374033047770598,8.669600671953669,-8.713341002431374
158.775,no_fallow,63120.59537885155,63288.78927003804,250.13961832158404,0.0,0.6967955043290819,8.669697160279185,-7.972901655950103
160.6,no_fallow,63121.64109436164,63290.06092183344,248.68832411879862,0.0,0.6967955043290819,8.669871359155268,-7.973075854826186
162.425,no_fallow,63122.79583618966,63291.41318761803,247.22280564399566,0.0,1.094343944191465,8.670056601043568,-7.575712656852103
164.25,no_fallow,63124.82278856098,63293.41036531619,245.6434929930527,0.0,1.094343944191465,8.670330187029617,-7.575986242838152
166.075,no_fallow,63126.84974093231,63295.407543014335,244.06418034210975,0.0,1.094343944191465,8.670603773015664,-7.576259828824199
167.9,no_fallow,63129.36501832065,63297.77910768246,242.55474773039103,0.0,1.4138944665103275,8.67092864488801,-7.257034178377682
169.725,no_fallow,63132.15263081463,63300.35946508384,241.08428667900898,0.0,1.4138944665103275,8.671282118504637,-7.25738765199431
171.55,no_fallow,63135.094494295474,63303.103611096165,239.61276315837847,0.0,1.933146031536973,8.671658028917284,-6.738511997380311
173.375,no_fallow,63138.77455892774,63306.631602603724,238.13615496348774,0.0,1.933146031536973,8.672141315425169,-6.738995283888196
175.2,no_fallow,63142.454623560014,63310.159594111276,236.659546768597,0.0,1.933146031536973,8.672624601933052,-6.739478570396079
177.025,no_fallow,63146.70200058424,63314.287817057826,235.17893062077482,0.0,2.400521629314695,8.67319011192573,-6.272668482611036
178.85,no_fallow,63151.18824598404,63318.66876903133,233.69662691382365,0.0,2.400521629314695,8.673790242333059,-6.273268613018364
180.675,no_fallow,63155.82989839448,63323.23070356994,232.21312562439329,0.0,2.8232927259089027,8.674415164872595,-5.851122438963692
182.5,no_fallow,63160.978668418604,63328.383212794724,230.7257164342414,0.0,2.8232927259089027,8.675120988054072,-5.851828262145169
184.325,no_fallow,63166.12743844273,63333.535722019515,229.23830724408953,0.0,2.8232927259089027,8.67582681123555,-5.852534085326647
186.15,no_fallow,63171.79523819574,63339.22613170518,227.74758064435758,0.0,3.2083562462948216,8.67660631941167,-5.468250073116849
187.975,no_fallow,63177.6220954463,63345.08138185467,226.2558374191092,0.0,3.2083562462948216,8.677408408473243,-5.469052162178421
189.8,no_fallow,63183.60817142638,63350.98273155794,224.71206476053348,0.0,3.2936088457562422,8.678216812542184,-5.384607966785941
191.625,no_fallow,63189.97239188906,63356.993567701444,223.0447221978054,0.0,3.2936088457562422,8.679040214753623,-5.385431368997381
193.45,no_fallow,63196.33661235174,63363.00440384495,221.37737963507732,0.0,3.2936088457562422,8.679863616965063,-5.3862547712088205
195.275,no_fallow,63203.04365374645,63369.04081047101,219.84635719590358,0.0,3.3105477873790283,8.680690521982331,-5.370142734603303
197.1,no_fallow,63209.822329365765,63375.08256018298,218.3438195586666,0.0,3.3105477873790283,8.681518158929176,-5.370970371550148
198.925,no_fallow,63216.79958424902,63381.325620269745,216.8401463540387,0.0,3.6186468021955687,8.682373372639692,-5.063726570444123
200.75,no_fallow,63224.132912295216,63387.929650683756,215.3344369596063,0.0,3.6186468021955687,8.683278034340242,-5.064631232144674
202.575,no_fallow,63231.46624034141,63394.53368109776,213.82872756517395,0.0,3.6186468021955687,8.684182696040791,-5.065535893845222
204.4,no_fallow,63239.23121891214,63401.60609008705,212.31988159692918,0.0,3.9073733212050903,8.685151519190008,-4.777778197984917
206.225,no_fallow,63247.050153798424,63408.73704639825,210.81064355695787,0.0,3.9073733212050903,8.686128362520309,-4.778755041315218
208.05,no_fallow,63255.04727866825,63416.073102893875,209.30011046111392,0.0,4.17511087058204,8.687133301766286,-4.512022431184246
209.875,no_fallow,63263.29072498591,63423.69268023269,207.78778714097544,0.0,4.17511087058204,8.688177079483932,-4.513066208901892
211.7,no_fallow,63271.534171303574,63431.3122575715,206.27546382083696,0.0,4.17511087058204,8.689220857201576,-4.514109986619536
213.525,no_fallow,63280.23800394672,63439.36574330586,204.76025656794624,0.0,4.4252199617694865,8.690324074425462,-4.265104112655975
215.35,no_fallow,63288.96575276261,63447.44176973609,203.24489950036713,0.0,4.4252199617694865,8.691430379415904,-4.266210417646417
217.175,no_fallow,63297.884498750405,63455.89295525379,201.64258579588378,0.0,4.852166025484656,8.692588076062163,-3.8404220505775077
219.0,no_fallow,63307.00893400026,63464.748158250295,199.94662648242672,0.0,4.852166025484656,8.693801117568535,-3.8416350920838793
220.825,no_fallow,63316.136379518255,63473.59362351151,198.2520178830694,0.0,4.419970650460984,8.695012825138564,-4.27504217467758
222.65,no_fallow,63325.504646487054,63481.66006994859,196.66546641169217,0.0,4.419970650460984,8.696117817801179,-4.276147167340195
224.475,no_fallow,63334.87291345586,63489.72651638569,195.07891494031495,0.0,4.419970650460984,8.697222810463794,-4.27725216000281
226.3,no_fallow,63344.41054481856,63497.813986346926,193.52390837191547,0.0,4.441177443184304,8.698330683061224,-4.25715323987692
228.125,no_fallow,63354.09059623976,63505.91913518073,191.99542819920188,0.0,4.441177443184304,8.69944097742202,-4.258263534237716
229.95,no_fallow,63363.791089624494,63514.049871452706,190.4668023011068,0.0,4.6304543830173825,8.70055477691133,-4.070100393893948
231.775,no_fallow,63373.74710755356,63522.500450701715,188.93635483574346,0.0,4.6304543830173825,8.701712390507085,-4.0712580074897025
233.6,no_fallow,63383.703125482614,63530.951029950724,187.40590737038013,0.0,4.6304543830173825,8.70287000410284,-4.072415621085457
235.425,no_fallow,63393.86128713267,63539.59307262259,185.87417423279,0.0,4.8038794571244905,8.70405384556474,-3.9001743884402496
237.25,no_fallow,63404.151461008674,63548.360152631845,184.34160147252123,0.0,4.8038794571244905,8.70525481542902,-3.90137535830453
239.075,no_fallow,63414.48665561221,63557.165525116245,182.80890704438673,0.0,4.9583845872232395,8.706461030837843,-3.748076443614604
240.9,no_fallow,63425.10834575457,63566.21457698792,181.2754383661975,0.0,4.9583845872232395,8.707700626984648,-3.7493160397614087
242.725,no_fallow,63435.73003589692,63575.263628859604,179.74196968800834,0.0,4.9583845872232395,8.708940223131453,-3.7505556359082135
244.55,no_fallow,63446.535714255515,63584.480194595955,178.20815237442366,0.0,5.096067215716681,8.71020276638301,-3.6141355506663286
246.375,no_fallow,63457.43338672222,63593.78051726464,176.6741607431413,0.0,5.096067215716681,8.711476783186939,-3.615409567470258
248.2,no_fallow,63468.36152456574,63603.30751094012,175.10649085220007,0.0,5.724846378410502,8.712781850813716,-2.9879354724032137
250.025,no_fallow,63479.41342800253,63613.75535558072,173.4020030313946,0.0,5.724846378410502,8.71421306240832,-2.989366683997817
251.85,no_fallow,63490.46533143932,63624.20320022132,171.69751521058916,0.0,5.724846378410502,8.715644274002921,-2.9907978955924186
253.675,no_fallow,63501.5527787109,63634.18223243836,170.01184731115856,0.0,5.372175783491413,8.717011264717584,-3.3448354812261716
255.5,no_fallow,63512.6534796158,63643.98645324323,168.3331970095288,0.0,5.372175783491413,8.718354308663457,-3.3461785251720446
257.325,no_fallow,63523.79788161468,63653.47522108966,166.6920638224709,0.0,4.7054650298330865,8.719654139875297,-4.014189110042211
259.15,no_fallow,63535.06714388207,63662.062694769105,165.15812239133265,0.0,4.7054650298330865,8.720830506132755,-4.015365476299668
260.975,no_fallow,63546.336406149465,63670.650168448556,163.62418096019434,0.0,4.7054650298330865,8.722006872390214,-4.016541842557127
262.8,no_fallow,63557.71630519062,63679.30560227212,162.09405216772274,0.0,4.752594924298762,8.723192548256456,-3.970597623957694
264.625,no_fallow,63569.1255921248,63687.979088008964,160.56493610739693,0.0,4.752594924298762,8.72438069698753,-3.9717857726887686
266.45,no_fallow,63580.563671399905,63696.664665978395,159.03795436096956,0.0,4.773237091620676,8.725570502188821,-3.952333410568145
268.275,no_fallow,63592.06265755003,63705.3758236706,157.5154875093273,0.0,4.773237091620676,8.726763811461726,-3.95352671984105
270.1,no_fallow,63603.56164370015,63714.08698136281,155.99302065768498,0.0,4.773237091620676,8.727957120734633,-3.9547200291139566
271.925,no_fallow,63615.09929988749,63722.78704080934,154.47819704055988,0.0,4.766098255804601,8.72914890969991,-3.9630506538953094
273.75,no_fallow,63626.6436812987,63731.48517012618,152.96470268161167,0.0,4.766098255804601,8.730340434263862,-3.964242178459261
275.575,no_fallow,63638.240887772416,63740.152551302876,151.4561442524279,0.0,4.722075288914189,8.73152774675382,-4.009452457839631
277.4,no_fallow,63649.92329595987,63748.770338705144,149.95554700028345,0.0,4.722075288914189,8.732708265576049,-4.01063297666186
279.225,no_fallow,63661.60570414732,63757.38812610741,148.45494974813897,0.0,4.722075288914189,8.733888784398276,-4.011813495484088
281.05,no_fallow,63673.30290945919,63767.49552539847,146.79800557735277,0.0,5.615511519882793,8.735273359643628,-3.1197618397608347
282.875,no_fallow,63685.001514499054,63777.743833922264,145.12627183318156,0.0,5.615511519882793,8.7366772375236,-3.121165717640806
284.7,no_fallow,63696.63150202714,63787.58397065893,143.45998163517658,0.0,5.11228602892043,8.738025201460129,-3.6257391725396992
286.525,no_fallow,63708.175717665516,63796.913892661716,141.80049586987943,0.0,5.11228602892043,8.73930327296736,-3.6270172440469306
288.35,no_fallow,63719.71993330388,63806.24381466449,140.1410101045822,0.0,5.11228602892043,8.74058134447459,-3.62829531555416
290.175,no_fallow,63731.15215404412,63812.75885004093,138.6842945562229,0.0,3.5308342048603674,8.741473815074102,-5.210639610213734
292.0,no_fallow,63742.58153947047,63819.2026224648,137.2327124310772,0.0,3.5308342048603674,8.742356523625316,-5.211522318764949
293.825,no_fallow,63753.975120163734,63825.39873796591,135.79589606071312,0.0,3.262739173206497,8.743205306570674,-5.480466133364177
295.65,no_fallow,63765.333769410085,63831.35323695701,134.37348530477007,0.0,3.262739173206497,8.744020991363975,-5.481281818157478
297.475,no_fallow,63776.689470372425,63837.285141835884,132.9523843388957,0.0,2.928470115559886,8.74483358107341,-5.816363465513524
299.3,no_fallow,63787.96851595053,63842.62959979678,131.56533791480808,0.0,2.928470115559886,8.7455656986023,-5.8170955830424145
301.125,no_fallow,63799.247561528646,63847.97405775768,130.17829149072048,0.0,2.928470115559886,8.74629781613119,-5.8178277005713035
302.95,no_fallow,63810.457924179005,63853.16994543145,128.79554492774167,0.0,2.785120583014968,8.747009581565953,-5.961888998550985
304.775,no_fallow,63821.61602807998,63858.252790495455,127.4160699982152,0.0,2.785120583014968,8.747705861711708,-5.96258527869674
306.6,no_fallow,63832.75054108121,63863.61571092096,126.00945100696623,0.0,4.338963342055236,8.748440508345338,-4.409477166290102
308.425,no_fallow,63843.66978712217,63871.53431902021,124.35514245249989,0.0,4.338963342055236,8.749525249180852,-4.410561907125616
310.25,no_fallow,63854.58903316312,63879.45292711946,122.70083389803355,0.0,4.338963342055236,8.750609990016367,-4.41164664796113
312.075,no_fallow,63865.29800889717,63882.68124130061,121.30688551752588,0.0,0.2571604157475854,8.751052224835702,-8.493891809088117
313.9,no_fallow,63875.88329621537,63883.15055905935,120.06609018052332,0.0,0.2571604157475854,8.751116514939639,-8.493956099192054
315.725,no_fallow,63886.442332945495,63883.35578738425,118.83786743597697,0.0,-0.6444726355078628,8.751144628408802,-9.395617263916666
317.55,no_fallow,63896.864058907224,63882.17962482445,117.67540902120184,0.0,-0.6444726355078628,8.750983510249926,-9.39545614575779
319.375,no_fallow,63907.285784868945,63881.00346226465,116.51295060642673,0.0,-0.6444726355078628,8.750822392091049,-9.395295027598912
321.2,no_fallow,63917.522053679204,63882.66909044135,115.17421022099822,0.0,1.6078272632849648,8.751050560334432,-7.143223297049468
323.025,no_fallow,63927.67552911827,63885.60337519684,113.7567725272423,0.0,1.6078272632849648,8.751452517150254,-7.143625253865289
324.85,no_fallow,63937.73356760854,63886.20748637024,112.43627991122464,0.0,-4.137806226827928,8.751535272105514,-12.889341498933442
326.675,no_fallow,63947.45757677802,63878.65599000628,111.45509506729105,0.0,-4.137806226827928,8.750500820548806,-12.888307047376735
328.5,no_fallow,63957.1815859475,63871.10449364231,110.47391022335748,0.0,-4.137806226827928,8.749466368992099,-12.887272595820027
330.325,no_fallow,63966.716034119796,63861.149240868814,109.59617662584236,0.0,-5.8867778789505545,8.748102635735455,-14.63488051468601
332.15,no_fallow,63976.18833114548,63850.40587123973,108.75236146977593,0.0,-5.8867778789505545,8.746630941265717,-14.633408820216271
333.975,no_fallow,63985.57951235965,63839.48592036723,107.88834119745133,0.0,-6.227530248614268,8.745135057584553,-14.97266530619882
335.8,no_fallow,63994.76614065785,63828.12067766351,106.97336889282357,0.0,-6.227530248614268,8.7435781750224,-14.971108423636668
337.625,no_fallow,64003.95276895604,63816.75543495979,106.05839658819583,0.0,-6.227530248614268,8.742021292460247,-14.969551541074516
339.45,no_fallow,64012.96411442529,63798.67626176676,105.42195092569693,0.0,-10.742502184137738,8.739544693392709,-19.482046877530447
341.275,no_fallow,64021.93562288795,63779.07119528071,104.84880677277278,0.0,-10.742502184137738,8.736859067846673,-19.47936125198441
343.1,no_fallow,64030.84227077801,63755.670753760394,104.42777857495997,0.0,-16.758654391094115,8.733653527912384,-25.4923079190065
344.925,no_fallow,64039.62614686994,63725.08620949665,104.29468414932224,0.0,-16.758654391094115,8.72946386431461,-25.488118255408725
346.75,no_fallow,64048.41002296187,63694.5016652329,104.1615897236845,0.0,-16.758654391094115,8.725274200716836,-25.48392859181095
348.575,no_fallow,64057.18020045904,63654.83045719903,104.48364036986727,0.0,-22.438914976701533,8.719839788657403,-31.158754765358935
350.4,no_fallow,64065.94844857667,63613.87943736655,104.86979595574306,0.0,-22.438914976701533,8.714230059913227,-31.15314503661476
352.225,no_fallow,64074.830644162226,63565.70227747377,105.72502619392672,0.0,-32.15775839528275,8.707630448969011,-40.86538884425176
354.05,no_fallow,64083.87858151931,63507.01436840238,107.2625468354672,0.0,-32.15775839528275,8.69959100937019,-40.857349404652936
355.875,no_fallow,64092.92651887639,63448.32645933099,108.80006747700769,0.0,-32.15775839528275,8.691551569771368,-40.84930996505412
357.7,no_fallow,64102.69052771174,63376.563815967485,112.3179409382659,0.0,-39.7933278088459,8.681721070680478,-48.47504887952638
359.525,no_fallow,64112.50164651276,63303.94099271634,115.96610076924237,0.0,-39.7933278088459,8.671772738728267,-48.46510054757417
361.35,no_fallow,64122.943457306705,63240.80211212222,120.78056713241867,0.0,-28.7161921892564,8.663123577003045,-37.379315766259445
363.175,no_fallow,64134.098945882106,63188.395061376825,126.91480141361022,0.0,-28.7161921892564,8.65594452895573,-37.37213671821213
