t,cycle,biomass_kg,stock_value,feed_cost,premium_cost,premium_rate,hazard_rate,indemnity
69.5238095238095,1,0.1,0.24728698198358734,0.0,0.0,310.38490082602885,0.028668301342928245,8000.0
70.09801341947926,1,0.18105584349629178,0.4477637453403144,0.07918942254828339,178.46658517828047,311.17039138969307,0.028127529743102845,8178.939080390989
70.67221731514903,1,0.29642594697139,0.7331664829671686,0.21450889244487156,357.3393381579389,311.750836754237,0.02758630775553743,8358.340489858763
71.24642121081878,1,0.4517096886185202,1.1174114365964893,0.42728380471314803,536.5009080126074,312.127595491427,0.02704519906303703,8538.108201905532
71.82062510648855,1,0.6523153228083048,1.6139804533685624,0.7420015845763799,715.8348957903306,312.3026522268982,0.02650474915912723,8718.150306456902
72.3948290021583,1,0.9034618269770296,2.235936256744192,1.186202706781522,895.2262056001267,312.2785895752924,0.025965484749169043,8898.379246517141
72.96903289782806,1,1.2101808320021414,2.9959387332347798,1.7903728172916342,1074.561380850068,312.05855817908065,0.025427913231276005,9078.712054012625
73.54323679349783,1,1.5773186320477661,3.9062620767294156,2.5878359337970913,1253.7289206219696,311.6462440131522,0.024892522255581626,9259.070545177732
74.11744068916758,1,2.009538270025933,4.978812643428029,3.6146488512977832,1432.6195753047216,311.04583506556867,0.02435977936011405,9439.381537893174
74.69164458483733,1,2.51132169719502,6.225147386894252,4.909496751904875,1611.1266318834444,310.26198501613675,0.023830131681268876,9619.576995233665
75.2658484805071,1,3.086972001531655,7.656492743447106,6.513590052066836,1789.146159249513,309.2997771072632,0.023304005736628747,9799.594197558494
75.84005237617686,1,3.7406157010200043,9.283763851837252,8.470562542787208,1966.5772592585015,308.1646869168181,0.022781807277660018,9979.375887709988
76.41425627184663,1,4.476205097414427,11.11758399931294,10.826370863730777,2143.3222680604877,306.862543437991,0.022263921209622912,10158.870351932168
76.98846016751638,1,5.297520694580713,13.168304216746176,13.629195382187373,2319.2869529239215,305.39949128355926,0.02175071157586317,10338.031533861662
77.56266406318613,1,6.208173667269796,15.446022908873623,16.92934240348502,2494.3806920657526,303.78195273031,0.021242521603506308,10516.819124731586
78.1368679588559,1,7.2116083884072255,17.960605469498216,20.77914771716754,2668.516601047428,302.0165888507515,0.020739673807455148,10695.198585328862
78.71107185452566,1,8.31110499359653,20.721703766001173,25.232881736812054,2841.611685568475,300.1102617392481,0.020242470149491456,10873.141170019351
79.28527575019542,1,9.509781993128035,23.73877546383928,30.346656528320935,3013.58693090338,298.0699987782489,0.01975119224920566,11050.623990012653
79.85947964586518,1,10.810598937096044,27.021103157427106,36.17833312735227,3184.3673836776793,295.90295550608033,0.019266101643424474,11227.62995643698
80.43368354153493,1,12.2163591207132,30.577813233995204,42.78743154202764,3353.8822289517134,293.61638100128374,0.01878744009076942,11404.147763932047
81.0078874372047,1,13.72971229909783,34.417894357442606,50.23504268250274,3522.064827385033,291.21758451000585,0.01831542991796595,11580.17185558699
81.58209133287446,1,15.35315748536879,38.55021572966586,58.58373920678374,3688.8527360542084,288.71390395655703,0.017850274404524236,11755.702394564632
82.15629522854422,1,17.089045709912586,42.98354479574494,67.89749246045338,3854.1877331856635,286.1126737561001,0.017392158202433547,11930.74510738156
82.73049912421398,1,18.939582836737006,47.72656461596216,78.24158570460023,4018.0157798277196,283.4211967059273,0.016941247787548526,12105.311226606551
83.30470301988373,1,20.90683241867653,52.78789084459616,89.68253416970688,4180.287014270124,280.64671743600115,0.01649769193939635,12279.4174140588
83.8789069155535,1,22.992718580289054,58.176088276944114,102.28800201559473,4340.955713948353,277.79639718042165,0.016061622246198747,12453.085647043954
84.45311081122325,1,25.19902890585017,63.899686899616704,116.12672545235387,4499.980252946402,274.8772888371738,0.015633153631979656,12626.34300155986
85.02731470689301,1,27.527417273032736,69.9671972844389,131.26843250779928,4657.322985619723,271.8963160344764,0.015212384902717709,12799.221534043896
85.60151860256278,1,29.979406882331038,76.38712597554391,147.78377097496391,4812.950187967256,268.8602548676544,0.014799399308599985,12971.758203005716
86.17572249823253,1,32.55639306501045,83.16798978745007,165.74422877100602,4966.832009401492,265.7757155777836,0.014394265119541564,13143.994670707507
86.7499263939023,1,35.25964619645333,90.31832986441907,185.22206899187682,5118.942350377931,262.6491259752566,0.013997036211247066,13315.977080059654
87.32413028957205,1,38.0903146406935,97.84672531837566,206.29024973965673,5269.258724037813,259.48671720309613,0.013607752659213502,13487.755846187949
87.89833418524181,1,41.04942770479931,105.76180639933918,229.0223643161526,5417.762122215742,256.2945138682972,0.013226441338196504,13659.385609621744
88.47253808091158,1,44.137898601375404,114.0722672049191,253.49256716851622,5564.436985553458,253.07832260518973,0.012853116524793751,13830.924974635547
89.04674197658133,1,47.35652739493038,122.7868778759026,279.77550945052,5709.271023546383,249.84372365403064,0.012487780500930426,14002.436323700544
89.6209458722511,1,50.70600369380303,131.91449563800103,307.9462802282716,5852.255092470471,246.59606242566127,0.012130424156167054,14173.985506985211
90.19514976792085,1,54.18690993742661,141.46407701015,338.0803327732677,5993.382976992169,243.34044657013658,0.01178102758688575,14345.641809824403
90.7693536635906,1,57.799724082333974,151.44468795533217,370.25343553675464,6132.651367672793,240.08174150168514,0.011439560690546838,14517.477711250984
91.34355755926038,1,61.54482240036622,161.86551390345596,404.5416092297135,6270.059696211095,236.82456823358459,0.011105983753343665,14689.568707599554
91.91776145493013,1,65.42248237459283,172.7358696357931,441.02106109667875,6405.610006021647,233.57330043623418,0.01078024802971804,14861.992966297386
92.4919653505999,1,69.4328855887853,184.06520876723644,479.76814318301314,6539.30671156412,230.3320659041896,0.010462296312330897,15034.831228052459
93.06616924626965,1,73.57612060861337,195.86313283933546,520.8592904459653,6671.1565119012785,227.1047488684259,0.010152063491213477,15208.166705735264
93.6403731419394,1,77.85218585860132,208.13940005318497,564.3709615130862,6801.168339498106,223.89499107753022,0.009849477100950847,15382.084796679328
94.21457703760917,1,82.26099248495593,220.90393363474766,610.3796026167931,6929.353136709343,220.70619497693485,0.009554457854873733,15556.672888919835
94.78878093327893,1,86.8023669959248,234.16682923939717,658.9615914978644,7055.723743379291,217.54152699126018,0.009266920165353913,15732.020098455914
95.36298482894868,1,91.476053610337,247.93836117095336,710.193178493132,7180.294674211937,214.4039241425028,0.008986772649413978,15908.217255009238
95.93718872461845,1,96.28171807202628,262.22899262702407,764.1504589671041,7303.082105697601,211.29609874489245,0.008713918618973275,16085.3566574757
96.5113926202882,1,101.21894955602578,277.0493801018654,820.9093230049222,7424.103745980201,208.22054473314017,0.008448256555157298,16263.53193262701
97.08559651595797,1,106.28726327018259,292.41037952395175,880.5453995949252,7543.378683703254,205.17954296206665,0.008189680566199438,16442.83773675339
97.65980041162773,1,111.48610312519868,308.3230523535134,943.134027915183,7660.927226799861,202.17516891779533,0.007938080828559065,16623.369662761295
97.65980041162773,2,0.1,0.24728698198358734,0.0,0.0,126.11627403163614,0.007938080828559065,8000.0
103.46493796528608,2,2.4522403689951253,6.0783374550222256,5.429378058347899,688.1783914496245,111.21272741501703,0.00575923683900818,8697.585474213935
109.27007551894445,2,10.252127022834387,25.61094378064894,39.12080055458865,1296.9149296546893,98.67410530448923,0.004153116270640079,9343.994303357034
115.0752130726028,2,25.373458033195096,64.35390205602654,138.77477031081767,1840.982062948031,88.76735179310387,0.002991544811218525,9991.699439601023
120.88035062626118,2,48.622916601885095,126.23421644933552,349.7402999638467,2335.0954073328817,81.25851313549231,0.002161776349603119,10700.765519148177
126.68548817991953,2,80.05337536347147,214.51102937273558,719.7609177003864,2791.9109107448894,75.70857280282132,0.0015728717686216058,11531.592011746943
132.4906257335779,2,119.21981744575896,332.3250689547667,1295.3695675696058,3221.4208743605927,71.6570321726977,0.0011555434801360938,12540.70418338669
138.29576328723627,2,165.37985162961905,482.9906418496396,2119.6040331408276,3631.1118419902036,68.70655645176717,0.0008590044110290766,13778.62634303728
144.1009008408946,2,217.64429862152312,670.1333252131262,3230.7369006531226,4026.4184484604134,66.5465116463271,0.0006469892023736844,15289.065791829258
149.90603839455298,2,275.08531491608284,897.7505647952395,4661.7518685064315,4411.216966936503,64.9471624309137,0.0004940384779832882,17108.882333064474
155.71117594821135,2,336.8096533827017,1170.245136991973,6440.342551613316,4788.249760149013,63.7437942983897,0.0003824589468128584,19268.512163101987
161.51631350186972,2,402.00510869348057,1492.4653568538183,8589.255613645708,5159.452894569436,62.82012590688737,0.0003000147747198401,21792.637786935837
167.32145105552806,2,469.96644067973284,1869.770027144958,11126.840707334617,5526.195110947181,62.09453579424695,0.00023825300657355142,24700.97775242749
173.12658860918643,2,540.1069531658961,2308.132661677766,14067.707935611596,5889.447188072723,61.50978223419826,0.00019132358964405033,28009.11283730496
178.9317261628448,2,611.9600655166639,2814.2925375736004,17423.421502339537,6249.900911313071,61.02577299250541,0.00015516244715089227,31729.299090437515
184.73686371650317,2,685.1746592677896,3395.961210798862,21203.183739543118,6608.053207893539,60.614644161050855,0.00012693122055247257,35871.23581675098
190.5420012701615,2,759.5068044682195,4062.0925668034506,25414.480994433285,6964.266786638046,60.25744728932353,0.00010463433501727061,40442.772056540605
196.34713882381988,2,834.8098230487991,4823.227703344398,30063.67620685313,7318.814850459686,59.94188901123831,8.685704842168372e-5,45450.544104938155
202.15227637747824,2,911.0240488806954,5691.93074792567,35156.54321882092,7671.914750243859,59.66072644908888,7.258574434491247e-5,50900.54304084508
207.9574139311366,2,988.1670134343676,6683.336238069288,40698.74247834669,8023.753555099933,59.41056420787479,6.10843719497086e-5,56798.61601824761
213.76255148479495,2,1066.3248777357317,7815.8426762046265,46696.24413541006,8374.50772086618,59.19091610385117,5.1809617683140074e-5,63150.90980744246
219.56768903845332,2,1145.6448332422824,9111.988436975867,53155.70329593212,8724.357597809587,59.0034833947476,4.4353145845575594e-5,69964.26062036333
225.3728265921117,2,1226.32942547642,10599.581689792913,60084.79895100393,9073.498656235812,58.851662226223304,3.840296179345161e-5,77246.54206506569
231.17796414577006,2,1308.6315462798361,12313.14670632125,67492.54085954127,9422.15065024145,58.74032815416632,3.371835137726486e-5,85006.98348740542
236.9831016994284,2,1392.851589102966,14295.826298309805,75389.5529549488,9770.566145638648,58.67596572089798,3.0114472168147175e-5,93256.46264451751
242.78823925308677,2,1479.3348757570623,16601.863353778055,83788.34365205355,10119.041820833403,58.66723341830954,2.7453886250998166e-5,102007.78319232563
248.59337680674514,2,1568.4706214130736,19299.904253948585,92703.56570102893,10467.933231313827,58.726099395089975,2.564336094463823e-5,111275.95410529112
254.3985143604035,2,1660.6915672709797,22477.413042716133,102152.2680814267,10817.68058097057,58.869777524835754,2.463526259542626e-5,121078.46469255659
260.2036519140619,2,1756.473691804742,26246.600990107218,112154.15417644294,11168.8456853229,59.12387730347795,2.443394383416262e-5,131435.5797380513
266.00878946772025,2,1856.3367483715451,30752.49382054456,122731.83300668575,11522.177069758834,59.52751269217454,2.510883547627226e-5,142370.65778439716
271.81392702137856,2,1960.844368559088,36183.94320398719,133911.07701103695,11878.70807518577,60.141708844844324,2.6817779777020614e-5,153910.50246063477
277.61906457503693,2,2070.6038563422926,42788.782073672606,145721.081553155,12239.923722724157,61.06350964731989,2.9846975149560047e-5,166085.79789905358
283.4242021286953,2,2186.2650163454255,50894.79320564437,158194.71242942146,12608.034107044945,62.45010699052104,3.4678591035252385e-5,178931.61475796913
289.22933968235367,2,2308.518194098393,60938.92821910297,171368.75950939118,12986.43260755529,64.56080929142409,4.2105078926782635e-5,192488.14083391597
295.03447723601204,2,2438.090050148996,73508.10386800082,185284.15354805003,13380.485925904746,67.83102262301131,5.342278056917792e-5,206801.67230165156
300.8396147896704,2,2575.737315135555,89396.38193346364,199986.17373575084,13798.904674283029,73.00394940178947,7.076025664868068e-5,221926.19424174048
306.6447523433288,2,2722.2380668393716,109685.13945195611,215524.59368546953,14256.150383633298,81.36630553972354,9.763405110157398e-5,237925.95640207647
312.44988989698714,2,2878.3785376008173,135854.83641916414,231953.77652154324,14776.70378669669,95.17029015140511,0.0001398826557837504,254879.78431995353
318.25502745064546,2,3044.9379083508697,169939.9803751753,249332.68477224908,15402.652826800126,118.38445718701253,0.00020721270035867258,272888.73399378307
324.0601650043038,2,3222.666635786029,214739.53058028207,267724.78162851144,16207.15408512962,158.012095382793,0.00031569402332945343,292089.4252986343
329.8653025579622,2,3412.2627422554247,274095.24518220377,287197.78809037426,17318.07403770262,226.35641623603692,0.0004916272975442634,312677.45989754173
335.67044011162056,2,3614.3417622675415,353240.11020030966,307823.3315282816,18958.88035395092,344.7949700228175,0.000777181954485648,334947.9121563198
341.47557766527893,2,3829.404694067741,459195.9708831132,329676.32505284547,21517.652842879914,549.8254448326342,0.0012378623294907773,359363.79171694076
347.2807152189373,2,4057.8023809362917,601143.3023266753,352834.26976728585,25660.076974909425,902.3113193805971,0.0019708888504895087,386668.27266959264
353.0858527725957,2,4299.699266949938,790586.6127313508,377376.19499791175,32507.98656581361,1500.9595168693736,0.0031116504864386624,418062.2376619481
358.89099032625404,2,4555.038076789091,1.0409904031733891e6,403381.57315586833,43911.38441298503,2501.208733462062,0.0048325095893678345,455475.1148261645
364.69612787991235,2,4823.508789633591,1.3664183102539582e6,430928.83537072135,62849.96553465786,4141.228581626607,0.007325421129041077,501965.09643470723
370.5012654335707,2,5104.52198729979,1.7787330067578105e6,460093.9252028022,94013.20485092809,6777.908362205324,0.010759637133260808,562297.5432212598
376.3064029872291,2,5397.197097804409,2.2834134280784074e6,490948.532529977,144628.30032982613,10936.656793193095,0.015211908234109471,643771.3772105912
382.11154054088746,2,5700.3546688298875,2.87511878168113e6,523558.4616828383,225621.30958602947,17375.364408764646,0.020581293340441058,757378.4460502779
434.5238095238095,3,0.1,0.24728698198358734,0.0,0.0,310.38490082602897,0.02866830134292826,8000.0
434.78281572474793,3,0.13267941289923835,0.3281096144222297,0.030002079056874915,80.44312384175846,310.76465791590095,0.028424467962693913,8080.650530584015
435.0418219256864,3,0.1717011246763623,0.4246249083630738,0.069279407975506,160.98204532076042,311.1025909576423,0.02818047869534298,8161.40614033948
435.3008281266248,3,0.21759357651063146,0.5381437330661328,0.11954364813915619,241.60594417444852,311.39877579112357,0.027936386608635493,8242.25772064721
435.5598343275633,3,0.2708772171908922,0.669958329891603,0.18264235783780441,322.30402295352803,311.65331533845114,0.027692244047966105,8323.19632187896
435.8188405285017,3,0.3320645353773012,0.8213425668707589,0.2605569313794909,403.06551388792394,311.86633911570965,0.027448102623104778,8404.213157158674
436.0778467294402,3,0.4016600926239158,0.993552204215875,0.35540054618244443,483.8796858588204,312.03800279731655,0.027204013195624377,8485.299608467818
436.3368529303786,3,0.48016055712011746,1.1878251700213573,0.4694161184577396,564.7358507935417,312.16848772807754,0.02696002586701223,8566.447231708993
436.59585913131707,3,0.5680547381429073,1.4053818455115021,0.6049742678992729,645.6233709546501,312.25800033719753,0.026716189967461744,8647.64775908755
436.8548653322555,3,0.6658236212423111,1.6474253592841197,0.7645712892147869,726.5316642039387,312.306771620347,0.02647255404534,8728.89310425221
437.11387153319396,3,0.7739404041325495,1.9151418898954469,0.950827142305373,807.450211463256,312.3150566230131,0.026229165857326014,8810.175368050004
437.3728777341324,3,0.8928705332566728,2.209700976138331,1.1664834346743402,888.3685626729537,312.2831338732159,0.02598607235921499,8891.486843103448
437.63188393507085,3,1.023071740966283,2.532255834319706,1.414401420692078,969.2763416269717,312.21130468864493,0.025743319697381303,8972.820014478457
437.89089013600926,3,1.1649940835162471,2.883943682501744,1.6975600384636753,1050.1632528903629,312.09989263677153,0.025500953200896005,9054.167565978743
438.14989633694773,3,1.3190799794798016,3.265886070216935,2.019053884772889,1131.0190886024275,311.9492428312307,0.025259017374289178,9135.52238112752
438.40890253788615,3,1.4857642488932898,3.679189213928661,2.3820912981132003,1211.8337313562222,311.75972144178405,0.02501755589095269,9216.877552015127
438.6679087388246,3,1.6654741530463468,4.124944337552936,2.789992352252802,1292.5971601781407,311.53171498749117,0.02477661158717265,9298.226380883078
438.92691493976304,3,1.858629434890097,4.6042280175150445,3.246186948748304,1373.299457597457,311.26562958252737,0.024536226456786395,9379.562380123909
439.18592114070145,3,2.0656423600537117,5.1181025318766435,3.7542128383531805,1453.9308145976204,310.9618902690988,0.024296441646452265,9460.879275535954
439.4449273416399,3,2.2869177583854206,5.667616212901653,4.317713746240821,1534.4815323781188,310.6209404287501,0.02405729745152606,9542.171012700894
439.70393354257834,3,2.5228530657512156,6.253803801991425,4.940437371562381,1614.9420288121885,310.24324097864377,0.02381883331253274,9623.43175558357
439.9629397435168,3,2.773838367365185,6.877686809764337,5.626233618554654,1695.3028426745736,309.82926982707124,0.02358108781222457,9704.655894870504
440.22194594445523,3,3.0402564405236627,7.540273875622016,6.379052495001412,1775.5546410505706,309.37952110987993,0.02334409867321583,9785.838048268597
440.4809521453937,3,3.322482798219332,8.242561130109667,7.202942492808269,1855.6882196850372,308.89450442225615,0.023107902756182738,9866.973060505268
440.7399583463321,3,3.6208857333889743,8.985532559118752,8.102048447621954,1935.694506349076,308.3747440547736,0.022872536058619837,9948.056003328309
440.9989645472706,3,3.93582636368167,9.77016036932557,9.080609860293581,2015.5645661649726,307.8207783756302,0.02263803371413923,10029.082181119984
441.257970748209,3,4.267658676735297,10.59740535452571,10.142959058076102,2095.2896048023176,307.2331591259416,0.02240442999230477,10110.04713314048
441.5169769491475,3,4.616729575953083,11.468217262548285,11.293519105459175,2174.860975000911,306.6124506174678,0.022171758298986488,10190.946631690897
441.7759831500859,3,4.983378926768038,12.383535162439545,12.53680235865635,2254.2701766453074,305.95922912649434,0.021940051177226683,10271.776687912532
442.03498935102436,3,5.367939603379883,13.344287811610966,13.877408393190034,2333.5088573427115,305.27408214682754,0.021709340308603192,10352.533551794753
442.2939955519628,3,5.770737534371573,14.35139401871561,15.32002213416776,2412.568819605777,304.5576076510479,0.021479656515080405,10433.213712174866
442.55300175290125,3,6.192091751870897,15.405763013669915,16.869412434591354,2491.4420193884926,303.81041336078357,0.02125102976133343,10513.813896738233
442.81200795383967,3,6.632314439643989,16.508294813081694,18.530429923998934,2570.120572998217,303.03311602656885,0.021023489157535175,10594.331072018167
443.0710141547781,3,7.091710980037868,17.659880580642593,20.308005269621507,2648.596758951193,302.2263407178075,0.020797062962592677,10674.762443396023
443.33002035571656,3,7.570580002625245,18.861402989421173,22.207147792550717,2726.8630179724855,301.39072014957856,0.02057177858782039,10755.105456249357
443.58902655665497,3,8.069213433249303,20.113736582615388,24.232943381205608,2804.911953025985,300.52689413566935,0.02034766260103874,10835.357802269009
443.84803275759344,3,8.58789654346013,21.417748132567453,26.39055261188031,2882.736334270751,299.63550880651485,0.02012474073108311,10915.51741516725
444.10703895853186,3,9.126908000330737,22.774296997845084,28.68520957269211,2960.3290992636785,298.717215883008,0.01990303787271354,10995.582468078292
444.36604515947033,3,9.686519916646551,24.18423547822007,31.12221995503409,3037.683354454418,297.7726720235449,0.01968257809190884,11075.55137356749
444.62505136040875,3,10.266997901455733,25.64840916736929,33.70695880666086,3114.792378194423,296.8025381835704,0.01946338463153591,11155.422783631217
444.8840575613472,3,10.868601110974227,27.167657303149916,36.444869643700656,3191.6496207370883,295.80747898813786,0.01924547991737771,11235.195589696992
445.14306376228564,3,11.491582299833118,28.74281311529541,39.34146262917914,3268.24870423761,294.7881621178202,0.01902888556451069,11314.868922623356
445.4020699632241,3,12.136187871843372,30.37470416833015,42.402312539982915,3344.5834227531177,293.7452577079241,0.018813622384015457,11394.442152685422
445.6610761641625,3,12.802657926018888,32.06415268877656,45.63305710445565,3420.647743072152,292.67943761555006,0.0185997103900104,11473.914882492734
445.920082365101,3,13.491226319370966,33.81197593108086,49.03939604137391,3496.4358080211664,291.5913750504253,0.018387168806994026,11553.286956531274
446.1790885660394,3,14.20212071393697,35.61898649980898,52.62708918242963,3571.94193480454,290.4817439190171,0.018176016077483845,11632.558456472534
446.4380947669779,3,14.93556262721835,37.485992676490135,56.40195425091236,3647.160614397122,289.3512180986914,0.017966269869938895,11711.729691920624
446.6971009679163,3,15.69176748470542,39.41379874773712,60.36986574001204,3722.086511550769,288.20047092189674,0.017757947086953545,11790.801200412137
446.95610716885477,3,16.470944672662146,41.40320532995831,64.5367537366801,3796.7144647944665,287.03017467487143,0.01755106387370958,11869.77374741628
447.2151133697932,3,17.273297591157373,43.45500969057344,68.90860219951978,3871.0394864342124,285.8410001109775,0.017345635626674762,11948.648326334749
447.2151133697932,4,0.1,0.24728698198358734,0.0,0.0,209.7389833482201,0.017345635626674762,8000.0
453.2107965466268,4,3.0709214327599286,7.616562095895313,6.786802956520259,1197.91660816786,188.7998952814644,0.013022299645750267,9208.81173183977
459.20647972346046,4,13.475387682872917,33.77179335409766,51.832160488797825,2260.6272230832387,165.1676606483862,0.009558565944221645,10320.679394714449
465.20216290029407,4,34.13307807746622,87.33432633078074,189.07889402667766,3185.076378934526,142.91439675477395,0.006904933351860179,11386.490364619614
471.1978460771277,4,66.33256830366564,175.3019197480566,484.63067687538074,3986.535065605725,124.0961908871237,0.004939818422218878,12487.619285954002
477.19352925396134,4,110.22526330650216,304.46013705827505,1008.7773055601753,4687.586222088457,109.20597716145701,0.003520127906267926,13716.938909899995
483.18921243079495,4,165.17452832234827,482.2376530685706,1830.2504770090513,5310.878457559579,97.87668943294713,0.0025115026105098034,15165.829543741078
489.18489560762856,4,230.04804836075937,717.1421941591994,3012.4022326891754,5875.72113032589,89.42565540912095,0.0018019255934412673,16916.95260845543
495.1805787844622,4,303.4499050645442,1018.928609495603,4610.953221416405,6397.210240366904,83.15830673401021,0.0013046748306004882,19041.124637297726
501.17626196129584,4,383.8952031976321,1398.6180279338848,6672.956449028767,6886.592823890093,78.49196724013437,0.0009558322515240288,21596.6457327706
507.17194513812944,4,469.9338653550845,1868.4528263682796,9236.650773550104,7352.042556748126,74.98083288999649,0.0007098173041952096,24629.928712175828
513.167628314963,4,560.2315748166991,2441.845055288483,12331.92459698271,7799.439521215402,72.29945733015995,0.0005348209436818039,28176.74172107532
519.1633114917968,4,653.6179595203823,3133.3705065473982,15981.162020575592,8233.008983056356,70.2153060119401,0.0004089356697393926,32263.694236196738
525.1589946686304,4,749.1083670397254,3958.831993362854,20200.296738695695,8655.798458156645,68.56324939884199,0.00031717686908398963,36909.76738867346
531.154677845464,4,845.9091866898292,4935.438828710511,24999.942708886178,9070.018670109945,67.22577541552464,0.0002493175854348319,42127.785954824096
537.1503610222976,4,943.4103713567769,6082.111623182928,30386.51905666332,9477.283653090964,66.118902114972,0.00019836946398062359,47925.78309534288
543.1460441991312,4,1041.1712963791367,7419.945223822749,36363.30720990647,9878.780695639523,65.18258350620727,0.0001595398255469049,54308.2275907292
549.1417273759648,4,1138.9029912887956,8972.85013017633,42931.41238622468,10275.392995487002,64.37429107346877,0.00012952409528520356,61277.10792841629
555.1374105527985,4,1236.449267872776,10768.400097396488,50090.615212301425,10667.790701962878,63.66468213656517,0.00010602802744545693,68832.87465347789
561.1330937296322,4,1333.7684037932809,12838.922212550277,57840.11123507322,11056.500291406635,63.0345575282435,8.744501407727777e-5,76975.24949187692
567.1287769064658,4,1430.9165791516882,15222.88490839147,66179.14644580154,11441.958087292329,62.47257658001591,7.26375091932043e-5,85703.91511437926
573.1244600832994,4,1528.0331002174953,17966.64411102301,75107.55876606728,11824.551500985826,61.973420133379705,6.078860206576918e-5,95019.09772151714
579.120143260133,4,1625.3286952775582,21126.675780834543,84626.24196978864,12204.65070976683,61.53627129175949,5.130135804523283e-5,104922.05991579448
585.1158264369666,4,1723.0751759866525,24772.39086105728,94737.54206765754,12582.631642127197,61.163613445389196,4.3731137231029754e-5,115415.52359331203
591.1115096138003,4,1821.598548860883,28989.7947050281,105445.60159107731,12958.893110863859,60.86042386729307,3.7740943160942725e-5,126504.03197937754
597.1071927906339,4,1921.2729529340236,33886.18278456292,116756.67041108987,13333.870940629036,60.63387841305488,3.307293874983553e-5,138194.26832071657
603.1028759674675,4,2022.5172178652224,39596.31525429966,128679.38248149677,13708.05119588685,60.49369822229238,2.9531332874069836e-5,150495.35417229717
609.0985591443011,4,2125.7925461094724,46290.54107416554,141225.01772180412,14081.989628332165,60.45329705814164,2.6973387299473533e-5,163419.12505788662
615.0942423211347,4,2231.600846405725,54185.5474569565,154407.75745520694,14456.338094042383,60.531974338032626,2.530662476730073e-5,176980.41305043938
621.0899254979685,4,2340.484948753862,63558.80462242916,168244.92312691745,14831.892479412658,60.75859192124069,2.4491620976115712e-5,191197.33780313007
627.0856086748021,4,2453.027953017593,74767.87946847631,182757.23258505398,15209.66373206772,61.177551818903616,2.4551199737054454e-5,206091.62449102814
633.0812918516357,4,2569.853558993075,88276.60114286914,197969.0345788933,15591.000869393976,61.8585840001901,2.5588667896127994e-5,221688.97666726404
639.0769750284693,4,2691.6255602738047,104690.49101755045,213908.564829708,15977.787060569157,62.91310019536831,2.782036793610143e-5,238019.50394907
645.0726582053029,4,2819.0468227943334,124804.93355931292,230608.17623407734,16372.763883675072,64.52213738461806,3.163208278625107e-5,255118.31455068983
651.0683413821365,4,2952.8565854882872,149670.54893969765,248104.58111816432,16780.086486561737,66.98506366006784,3.767607322250805e-5,273026.2581588722
657.0640245589702,4,3093.826154541809,180681.7166830749,266439.047908384,17206.26580228191,70.80588697912161,4.7038092001825055e-5,291791.1355902132
663.0597077358038,4,3242.7524994734467,219695.5320935152,285657.59335985343,17661.816578736285,76.84809724519012,6.152541499173694e-5,311469.4557240255
669.0553909126374,4,3400.4474168872584,269188.7669316323,305811.09839514625,18164.174510385903,86.6146974987314,8.416362861723364e-5,332129.54583964386
675.0510740894711,4,3567.725388049801,332460.73545826075,326955.36977913673,18742.91118761924,102.75597060117987,0.0001200496166173307,353856.8030289678
681.0467572663047,4,3745.384471416142,413882.2311849579,349151.1109402352,19449.10809380624,129.9867882925327,0.00017779907934792506,376762.971489825
687.0424404431383,4,3934.185392190001,519179.4321200644,372463.7606982274,20372.202265042557,176.7252368611051,0.00027194990308404603,401002.94921337726
693.038123619972,4,4134.8239116026025,655707.4579747953,396963.18493379443,21670.05874589624,257.9614983201218,0.0004268121807554063,426804.47443111584
699.0338067968056,4,4347.899848537979,832614.5574787362,422723.2337337156,23621.812319550903,400.1330984912784,0.000682300963755769,454520.5197059615
705.0294899736392,4,4573.882119256249,1.0607088761348675e6,449821.00237768923,26718.652230935935,649.0865453503941,0.0011020353226293459,484719.39133571484
711.0251731504728,4,4813.070963664743,1.351738795875186e6,478336.0270514011,31814.988622612047,1082.4673606070162,0.0017830565381461694,518335.0077654968
717.0208563273064,4,5065.560103283381,1.7167529975222072e6,508349.0477959314,40371.045239519764,1828.031600135632,0.0028644361432493422,556908.3618364356
723.01653950414,4,5331.200477784104,2.1633629566880246e6,539940.7890375364,54827.29967836593,3089.5362551717467,0.004528625331086632,602960.5962123998
729.0122226809738,4,5609.566791754702,2.692259162122903e6,573190.2681154256,79162.7992962366,5182.57105595597,0.006985564947438186,660549.8603305634
735.0079058578074,4,5899.937775144787,3.2942158708596732e6,608173.1999688342,119708.60916636918,8584.5600146838,0.010428315041415549,736082.8650390926
741.003589034641,4,6201.278871997681,3.9494141539274747e6,644960.043534376,186319.84976919828,14005.15144458997,0.014955160592376681,839485.2213443054
799.5238095238095,5,0.1,0.24728698198358734,0.0,0.0,310.3849008260291,0.028668301342928273,8000.0
805.6716655124737,5,3.5406143090423345,8.785627133049013,7.857440765761759,1914.6119022273726,308.5151333445324,0.022934513318064686,9926.68197719098
811.8195215011378,5,16.057173823530864,40.34637552803336,62.31420313098634,3757.39720620542,287.6497199906176,0.01765998236859972,11828.140234327911
817.9673774898021,5,41.41393213325412,106.73998618745027,231.87130497479455,5435.495546488427,255.90894967285374,0.013181129518977269,13680.015392152776
824.1152334784662,5,81.48873092669415,218.66016174001308,602.2376458993276,6907.305968980045,221.2562511051023,0.009604961719164907,15526.415445990773
830.2630894671304,5,136.67499489020415,387.7005187987073,1265.971763455977,8172.813883239083,189.06041619505868,0.006881739428951529,17459.88435279349
836.4109454557945,5,206.27764428358978,627.7106014094973,2314.587046170123,9255.96142380634,161.82739494997298,0.004880855939700673,19595.877574874965
842.5588014444587,5,288.8729262391296,955.6027133553316,3832.986755161328,10189.379781920568,140.04330563327494,0.0034481778424450796,22051.929611620242
848.7066574331228,5,382.6142261970527,1391.7653254895463,5895.947588834167,11005.0739179505,123.15335959891503,0.0024398820001033843,24934.822108792832
854.854513421787,5,485.4757402098513,1960.203716327588,8566.291718880417,11730.312980201254,110.24823739725598,0.0017372164426741191,28334.64641962527
861.0023694104513,5,595.4348503951583,2688.498587609089,11894.366569454101,12386.694207937671,100.42310252228282,0.0012492763212372476,32323.34719196675
867.1502253991154,5,710.5985446265504,3607.655536887221,15918.468103890567,12990.673682769131,92.91594667313234,0.0009098562176356438,36955.67646193096
873.2980813877796,5,829.282152991006,4751.915667338781,20665.89281854666,13554.553847285953,87.13257178676706,0.0006723086222430635,42271.23328163382
879.4459373764437,5,950.0516621808657,6158.621495208868,26154.355568047118,14087.462045887562,82.62641468769746,0.0005044587443171229,48296.85974005373
885.5937933651079,5,1071.7365248914334,7868.200760213787,32393.57606207163,14596.160365625086,79.06715599968327,0.00038439255842682236,55049.03759405972
891.741649353772,5,1193.4247110190554,9924.387286437552,39386.8832949565,15085.666498016017,76.21167455328279,0.00029727634232084275,62536.113546130284
897.8895053424362,5,1314.44419102131,12374.730694551652,47132.74985007948,15559.714871724667,73.88116068282768,0.00023308332322877307,70760.29458511222
904.0373613311003,5,1434.3380318632555,15271.48623651953,55626.18865825425,16021.096653731083,71.94431516191331,0.00018502254718598667,79719.38485364836
910.1852173197645,5,1552.8366777984777,18672.94883273869,64859.98878442431,16471.91225406607,70.30539071533968,0.00014847453259552544,89408.27367323045
916.3330733084287,5,1669.8301764737166,22645.298830904594,74825.77986602,16913.761765077496,68.89570547016237,0.00012027761887234526,99820.19128503573
922.4809292970929,5,1785.3422182203801,27265.038698687447,85514.93150236708,17347.891179466937,67.6674766005596,9.825101100312942e-5,110947.75340435366
928.6287852857571,5,1899.507427798072,32622.143443310248,96919.30437181878,17775.30573957297,66.58912376649378,8.087556643169909e-5,122783.82492975364
934.7766412744212,5,2012.5513362092256,38824.02984951049,109031.86897440025,18196.857240170386,65.64149138864889,6.707946179497878e-5,135322.22839723926
940.9244972630854,5,2124.774942807158,46000.63324632945,121847.21556011014,18613.310173417307,64.81471005928701,5.6094058339432516e-5,148558.31972314764
947.0723532517495,5,2236.5412819734283,54310.76107053171,135361.97780236453,19025.39109991623,64.10563617631966,4.735736495627119e-5,162489.45788671242
953.2202092404137,5,2348.2664393191476,63950.27631833652,149575.18784587912,19433.823333971875,63.515954546736786,4.045023276744534e-5,177115.3984020838
959.3680652290778,5,2460.412139160387,75162.5126177659,164488.5774401186,19839.35294166919,63.051097837414936,3.505527134600813e-5,192438.62034579957
965.5159212177421,5,2573.48101856995,88251.74665168283,180106.84904746243,20242.771345702313,62.72015653465034,3.09315845350985e-5,208464.61563805485
971.6637772064062,5,2688.0141966784972,103600.76710186669,196437.91914736904,20644.939603497845,62.53696888574436,2.7900584393084953e-5,225202.16453699826
977.8116331950704,5,2804.5889094027298,121693.63952516789,213493.15073505134,21046.826410398604,62.52266064157773,2.5839865180553232e-5,242663.59493775456
983.9594891837346,5,2923.818779267901,143145.78172009077,231287.57881143372,21449.562738281562,62.71012993006496,2.4683706202651415e-5,260865.07772349048
990.1073451723987,5,3046.3532778515373,168743.24668818567,249840.13458496705,21854.53930585626,63.15143661913965,2.4430432751113473e-5,279826.92844088527
996.2552011610629,5,3172.877762639415,199494.3234126735,269173.87143796275,22263.554047824,63.929932229040574,2.5158855026855963e-5,299574.00676983
1002.403057149727,5,3304.1131443969934,236696.97249467942,289316.18593736313,22679.065875467862,65.18054741626787,2.7058776303454626e-5,320136.15758134366
1008.5509131383913,5,3440.81462488557,282026.1985107067,310299.0381685609,23104.609046439742,67.12455161736955,3.0484937261706538e-5,341548.88908732263
1014.6987691270554,5,3583.7688381615058,337645.53944960446,332159.16042028787,23545.490524667654,70.13042647509455,3.6051207041209885e-5,363854.22026482254
1020.8466251157196,5,3733.788525678483,406345.5969251281,354938.2333975411,24010.003237511068,74.82243745858457,4.479487775303258e-5,387102.1550349517
1026.9944811043838,5,3891.705843912714,491709.896236538,378683.0405593735,24511.54459607245,82.2769549346708,5.8463822650316756e-5,411352.8392600482
1033.142337093048,5,4058.360038140775,598297.5743846289,403445.5520039063,25072.391162526474,94.3807235540553,8.001879655113219e-5,436680.5388821531
1039.290193081712,5,4234.583838040341,731819.7600342311,429282.9229299753,25730.50595714404,114.48699080470018,0.00011450893170684343,463180.39067917026
1045.4380490703763,5,4421.18300683079,899252.3335541582,456257.4163454204,26551.888641847858,148.6134650398253,0.0001705813156475095,490980.61073059577
1051.5859050590404,5,4618.912351879135,1.1087873361771533e6,484436.16522464546,27653.001691554884,207.60550970691162,0.00026302942949619156,520264.8197896877
1057.7337610477045,5,4828.446890092151,1.3694678491034948e6,513890.74522394955,29241.171332444603,310.96318112123697,0.00041694519873883317,551311.931890353
1063.8816170363687,5,5050.347550183352,1.6903086010098632e6,544696.6590980525,31686.344802980726,493.4058926137401,0.0006741144280777727,584567.377494111
1070.029473025033,5,5285.024984413319,2.078741599558391e6,576932.4203608497,35645.414890543536,815.6730868404782,0.0011020338218076457,620766.5904793233
1076.177329013697,5,5532.699167238477,2.538412012897637e6,610678.6286331072,42270.79525150561,1381.4133465808957,0.0018048634079129533,661142.558872442
1082.3251850023612,5,5793.361011540263,3.0667725735263852e6,646016.5711161278,53546.95893646594,2362.1965132694268,0.0029331607577853594,707761.0241553622
1088.4730409910253,5,6066.7362789176805,3.6534264345132858e6,683026.7822667075,72811.70422899777,4032.9097187905295,0.004685117288913548,764040.3699992683
1094.6208969796896,5,6352.254647295137,4.280372765975073e6,721787.2639776779,105535.60558665375,6820.923993967344,0.0072873960023070745,835529.1235227209
1100.7687529683537,5,6649.031094216922,4.924748013312891e6,762371.6195112404,160462.13991001123,11375.390577442126,0.010942390544716645,931044.4073499964
1164.5238095238094,6,0.1,0.24728698198358734,0.0,0.0,310.3849008260301,0.028668301342928387,8000.0
1170.6716655124735,6,3.540614309041959,8.785627133048079,7.857440746187509,1914.6119027732034,308.5151333448084,0.02293451331806489,9926.68197720172
1176.8195215011378,6,16.057173823531933,40.34637552803612,62.31420295842111,3757.397213896268,287.6497199920185,0.017659982368599815,11828.140234399241
1182.967377489802,6,41.413932133246156,106.7399861874289,231.87130410618727,5435.495554200523,255.9089496699866,0.013181129518977293,13680.015391956986
1189.115233478466,6,81.48873092668754,218.6601617399938,602.2376450570102,6907.305934907833,221.2562511078437,0.009604961719164975,15526.415446247533
1195.2630894671302,6,136.6749948901147,387.700518798419,1265.971762035648,8172.8138943909535,189.06041619385354,0.006881739428951621,17459.88435263565
1201.4109454557945,6,206.2776442837247,627.7106014099928,2314.5870461182335,9255.961432594539,161.8273949492056,0.0048808559397007035,19595.877574733342
1207.5588014444586,6,288.8729262393214,955.6027133561507,3832.986754453248,10189.379757900033,140.04330563301542,0.0034481778424451256,22051.92961155221
1213.7066574331227,6,382.61422619648977,1391.765325486708,5895.947594645862,11005.07390235003,123.15335959879143,0.002439882000103404,24934.822108747034
1219.854513421787,6,485.47574021092856,1960.203716334068,8566.291755923496,11730.312879307734,110.24823739776453,0.0017372164426741206,28334.64641988871
1226.0023694104511,6,595.4348503935423,2688.498587597404,11894.366526363492,12386.694231457655,100.42310252255034,0.0012492763212372609,32323.347192159126
1232.1502253991152,6,710.5985446271478,3607.655536892431,15918.468026874349,12990.673722129215,92.9159466742772,0.0009098562176356551,36955.67646306296
1238.2980813877793,6,829.2821529890966,4751.915667318659,20665.892802364837,13554.553895107862,87.13257178796286,0.0006723086222430707,42271.23328323415
1244.4459373764437,6,950.0516621866739,6158.621495282717,26154.35566648454,14087.462082407972,82.62641468843071,0.0005044587443171233,48296.85974136189
1250.5937933651078,6,1071.7365248910874,7868.200760208494,32393.576218623737,14596.160403314918,79.06715600034546,0.0003843925584268261,55049.03759560961
1256.741649353772,6,1193.4247110202364,9924.387286459243,39386.88348543765,15085.666534941975,76.21167455389852,0.0002972763423208454,62536.11354799381
1262.8895053424362,6,1314.444191021322,12374.730694551918,47132.75004236246,15559.714907704689,73.88116068326586,0.00023308332322877307,70760.29458680417
1269.0373613311003,6,1434.3380318625475,15271.486236501041,55626.188774619746,16021.096673364871,71.9443151622314,0.000185022547185987,79719.3848551955
1275.1852173197644,6,1552.8366777995886,18672.94883277304,64859.98868392947,16471.912213765358,70.3053907154274,0.00014847453259552676,89408.27367376133
1281.3330733084285,6,1669.8301764725566,22645.29883086225,74825.77957861447,16913.761725029133,68.89570546986398,0.00012027761887234611,99820.19128280238
1287.4809292970929,6,1785.3422182219035,27265.03869875273,85514.93137767525,17347.891213848936,67.66747660053919,9.825101100312942e-5,110947.7534041667
1293.628785285757,6,1899.5074277984722,32622.14344333031,96919.30469509274,17775.305755212692,66.58912376655152,8.087556643169952e-5,122783.82493039563
1299.776641274421,6,2012.5513362086326,38824.029849475795,109031.86896635214,18196.857192156982,65.64149138856331,6.707946179497937e-5,135322.22839608986
1305.9244972630854,6,2124.774942811513,46000.63324662565,121847.21520116243,18613.310201917186,64.8147100591867,5.6094058339432916e-5,148558.31972153706
1312.0723532517495,6,2236.541281968669,54310.761070156026,135361.97818287808,19025.39107956983,64.10563617638158,4.735736495627119e-5,162489.45788788897
1318.2202092404136,6,2348.266439319378,63950.27631835757,149575.18758407095,19433.8233459431,63.51595454655945,4.045023276744556e-5,177115.3983981372
1324.3680652290777,6,2460.4121391556873,75162.5126172684,164488.57743121972,19839.35296182673,63.05109783751734,3.5055271346008314e-5,192438.62034842768
1330.515921217742,6,2573.4810185729243,88251.74665204698,180106.84913687868,20242.77131273301,62.72015653454182,3.093158453509861e-5,208464.61563489653
1336.6637772064062,6,2688.014196683766,103600.76710261313,196437.91888456518,20644.939694140387,62.536968885935366,2.7900584393085004e-5,225202.16454315922
1342.8116331950703,6,2804.5889093947035,121693.63952385115,213493.15123089668,21046.82621940239,62.52266064156228,2.5839865180553323e-5,242663.5949372158
1348.9594891837346,6,2923.8187792729036,143145.78172104232,231287.57834549638,21449.562958456212,62.71012993031075,2.4683706202651415e-5,260865.07773245225
1355.1073451723987,6,3046.353277853964,168743.2466887217,249840.13517804776,21854.53886986846,63.15143661911695,2.4430432751113473e-5,279826.9284400491
1361.2552011610628,6,3172.87776264017,199494.32341286776,269173.8710587142,22263.55440716793,63.92993222937609,2.5158855026855963e-5,299574.0067818323
1367.403057149727,6,3304.1131443965864,236696.97249455724,289316.1860755331,22679.06622668913,65.1805474163131,2.705877630345453e-5,320136.1575828497
1373.5509131383913,6,3440.8146248907665,282026.1985125341,310299.0382642738,23104.608235164116,67.12455161780503,3.0484937261706538e-5,341548.88910017896
1379.6987691270554,6,3583.768838157325,337645.53944787703,332159.1599486052,23545.490300741018,70.13042647582469,3.605120704120969e-5,363854.2202830519
1385.8466251157195,6,3733.78852567342,406345.59692266333,354938.2341829577,24010.003937452668,74.8224374571567,4.4794877753032664e-5,387102.15500626265
1391.9944811043838,6,3891.7058439196594,491709.89624053286,378683.0416351896,24511.54513720922,82.27695493834891,5.8463822650316756e-5,411352.8393166697
1398.142337093048,6,4058.3600381338756,598297.5743799307,403445.5438835869,25072.39151741979,94.38072354548028,8.001879655113219e-5,436680.5387857066
1404.290193081712,6,4234.583838050992,731819.7600428241,429282.92179116484,25730.50510743632,114.48699081017726,0.00011450893170684343,463180.39072221826
1410.438049070376,6,4421.183006825412,899252.3335490252,456257.42966560024,26551.88912222865,148.61346505151522,0.00017058131564750677,490980.6107922807
1416.5859050590404,6,4618.912351885845,1.108787336184698e6,484436.1617792712,27653.001018497118,207.60550973187026,0.00026302942949619107,520264.8198750889
1422.7337610477045,6,4828.446890086585,1.369467849096179e6,513890.7516015476,29241.171823199686,310.9631811594626,0.0004169451987388328,551311.9319728657
1428.8816170363687,6,5050.347550183455,1.6903086010100192e6,544696.6540942909,31686.34524747855,493.4058926892361,0.0006741144280777721,584567.3775949051
1435.029473025033,6,5285.024984413558,2.0787415995588035e6,576932.421100475,35645.414313897134,815.6730868976241,0.0011020338218076457,620766.5905259928
1441.177329013697,6,5532.699167236688,2.5384120128942253e6,610678.6299843903,42270.79562186686,1381.413346688169,0.0018048634079129533,661142.5589259343
1447.3251850023612,6,5793.361011541694,3.066772573529327e6,646016.5671169736,53546.958263906105,2362.1965129694004,0.002933160757785357,707761.0240633038
1453.4730409910253,6,6066.736278940407,3.6534264345618947e6,683026.7861434756,72811.70368122579,4032.90971932334,0.004685117288913536,764040.3701016221
1459.6208969796896,6,6352.254647277542,4.280372765937212e6,721787.262730907,105535.6055665571,6820.923994362669,0.0072873960023070675,835529.1235715447
1465.7687529683537,6,6649.031094216853,4.924748013312747e6,762371.6199066307,160462.1399085984,11375.390577491416,0.010942390544716636,931044.4073540512
1529.5238095238094,7,0.1,0.24728698198358734,0.0,0.0,310.3849008260302,0.028668301342928398,8000.0
1530.2980138614932,7,0.21705614274558166,0.5368142854411084,0.11893199254148351,240.7294966932437,311.3957815600152,0.02793903918790559,8241.37873372855
1531.072218199177,7,0.4000548228732796,0.9895797999991076,0.3531440364789358,482.12300735018636,312.03471074126895,0.027209316660395323,8483.536817487586
1531.8464225368607,7,0.6624760504770206,1.639137096651537,0.7589631362105643,723.8940873776651,312.3058216298843,0.02648049216850606,8726.244134605613
1532.6206268745445,7,1.0171724516366656,2.5176393751532538,1.4029156960253906,965.7602457824081,312.21525178140746,0.025753862635942794,8969.284719290441
1533.3948312122284,7,1.4763778200998499,3.655911372600363,2.3612461342289586,1207.4444470225997,311.7710099794877,0.025030661142273473,9212.45778011418
1534.1690355499122,7,2.051716145345311,5.083526396657583,3.719442274068031,1448.6765051732157,310.9828309401753,0.02431205503313691,9455.578622737943
1534.943239887596,7,2.754211092236228,6.828887327204728,5.5717677583538965,1689.1943622096771,309.8620196703371,0.023599144485838202,9698.479444483732
1535.71744422528,7,3.594295902718209,8.919310533023245,8.020802065553779,1928.745235039402,308.42128949768517,0.02289296151296071,9941.01005320234
1536.4916485629635,7,4.581823683289973,11.381111743469988,11.1769882080195,2167.0866583846314,306.6745937725497,0.02219446938417919,10183.038417507683
1537.2658529006474,7,5.726078069100968,14.239693087407842,15.158188454743918,2403.9873575568545,304.63695566927026,0.021504562444361674,10424.451122051065
1538.0400572383312,7,7.035784222661733,17.519630528980976,20.08924846634939,2639.228036736466,302.32429832268673,0.020824066304320852,10665.153733415435
1538.814261576015,7,8.519120135596006,21.244761048104987,26.101570021861626,2872.6019848341593,299.7532738022308,0.020153738379176132,10905.070924662466
1539.5884659136989,7,10.183728202736605,25.438269001418888,33.33269255510799,3103.9156068696,296.9410997646033,0.01949426874824868,11144.146651187413
1540.3626702513825,7,12.036727092355319,30.122771316296912,41.92588362236266,3332.9887673089115,293.90539754142435,0.018846281309676804,11382.344042436489
1541.1368745890663,7,14.084723810182625,35.32040092620793,52.02973869398908,3559.655076028741,290.66403955884147,0.01821033520252435,11619.645286574698
1541.9110789267502,7,16.333826003112037,41.05288829455128,63.797790108742184,3783.7620018464518,287.2350052758048,0.017586926469017387,11856.051432042761
1542.685283264434,7,18.78965434383174,47.34164041440222,77.38812644292067,4005.1709364483677,283.636242573186,0.016976489929673124,12091.58189744939
1543.4594876021179,7,21.45735517075948,54.207817571152994,92.96302053023206,4223.757058645942,279.88554480384386,0.016379401244457626,12326.274160465804
1544.2336919398017,7,24.341613290088205,61.672407528256414,110.68856638384123,4439.40924599558,276.00043605224045,0.015795979133700084,12560.183244591479
1545.0078962774853,7,27.446664741796855,69.75629655859385,130.7343291364766,4652.029812376517,271.9980642760932,0.015226487733269426,12793.38093333602
1545.7821006151692,7,30.776309866543365,78.48033816387552,153.2730028274529,4861.534102453445,267.8951129412333,0.014671139059467592,13025.955303980678
1546.556304952853,7,34.33392609144954,87.8654179719576,178.48007491514142,5067.850195601035,263.7077202887809,0.01413009556019476,13258.010001548826
1547.3305092905368,7,38.122480969529676,97.932516226309,206.5335111926267,5270.91847460501,259.4514067782611,0.01360347273014281,13489.66324560777
1548.1047136282207,7,42.144545336301945,108.70276758199883,237.61343491097978,5470.690981912906,255.14102095272827,0.013091341769092194,13721.04724066886
1548.8789179659043,7,46.40230646100017,120.19751796622447,271.9018335217792,5667.131003683886,250.79069258981957,0.012593732263762047,13952.307358196005
1549.6531223035881,7,50.897580765973764,132.4383774302744,309.5822596968251,5860.212541704316,246.4137927753887,0.012110634875103927,14183.601047288264
1550.427326641272,7,55.63182732541502,145.4472723694455,350.8395554123845,6049.919577578636,242.0229091891307,0.011642004014395621,14415.097096917623
1551.2015309789558,7,60.60616027811104,159.24649217052854,395.8595748571039,6236.245488079592,237.62982980106025,0.011187760492974472,14646.974872572306
1551.9757353166397,7,65.8213616266311,173.85873436503482,444.82892889007854,6419.192563625379,233.24553079590783,0.010747794131931835,14879.423233572157
1552.7499396543233,7,71.27789414551462,189.30714770590453,497.93472338450107,6598.771269748737,228.8801745756064,0.010321966319559122,15112.639616199462
1553.524143992007,7,76.97591424860168,205.61537290860667,555.3643320698533,6774.999493039071,224.54311805801862,0.00991011250576726,15346.829429404319
1554.298348329691,7,82.91528473960109,222.80758098616653,617.3051421355763,6947.902193730412,220.24292212480728,0.009512044624102609,15582.205064172509
1555.0725526673748,7,89.09558624168912,240.90850577376793,683.9443601660919,7117.5106817065025,215.98736595908275,0.009127553433320161,15818.984837282174
1555.8467570050586,7,95.5161309641367,259.9434813852865,755.4687680869399,7283.861866480776,211.78347234073297,0.008756410771768605,16057.392551749886
1556.6209613427425,7,102.17597386118042,279.938470427215,832.0645435861035,7446.997865893356,207.63753140366512,0.008398371719054939,16297.656598450836
1557.395165680426,7,109.07392410846874,300.9200914178374,913.917059391095,7606.965468643366,203.55512735970862,0.008053176660609958,16540.009022184924
1558.16937001811,7,116.20855702774884,322.91564604916243,1001.2106800559375,7763.815499081439,199.54117104621042,0.007720553251845574,16784.684946070673
1558.9435743557938,7,123.57822589226876,345.9531448004659,1094.1286190123192,7917.602222161738,195.59993385584707,0.0074002182795975145,17031.921993133084
1559.7177786934776,7,131.18107360703982,370.0613310287585,1192.8527390954862,8068.383113112633,191.73508114383264,0.007091879419456961,17281.959517415788
1560.4919830311615,7,139.0150442583148,395.269703662361,1297.5634050954106,8216.21827819372,187.9497065512561,0.006795236888438518,17535.037829050747
1561.266187368845,7,147.07789317944994,421.6085341914368,1408.4393514671508,8361.169932830542,184.24637061322522,0.006509984993185977,17791.397933041884
1562.040391706529,7,155.3671965818428,449.1088811176171,1525.6575059723589,8503.302066172515,180.6271358301004,0.006235813574601092,18051.280863426255
1562.8145960442127,7,163.88036652361987,477.80262144322927,1649.3928769469653,8642.680179368088,177.09360194873057,0.0059724093503835275,18314.927081619622
1563.5888003818966,7,172.61465713195958,507.72245280497145,1779.8184406473865,8779.370866639385,173.64694157312755,0.005719457157501034,18582.57601884932
1564.3630047195804,7,181.56717452444207,538.9019067565679,1917.1049942965724,8913.441381517954,170.28793599724642,0.0054766410970699675,18854.465824456885
1565.1372090572643,7,190.73488680232956,571.3753618129308,2061.421052260282,9044.95946564746,167.0170079959456,0.005243645584521225,19130.83284890056
1565.9114133949479,7,200.1146338738579,605.1780555786243,2212.9327660083613,9173.99312994378,163.83425369899967,0.0050201563082554225,19411.91117273504
1566.6856177326317,7,209.70313711349192,640.3460960893211,2371.803811782593,9300.610362718477,160.7394743536448,0.004805861100262327,19697.9323670243
1567.4598220703156,7,219.49700882749815,676.9164723882391,2538.1952782158187,9424.878825970727,157.7322064132847,0.004600450722398503,19989.125266407
1567.4598220703156,8,0.1,0.24728698198358734,0.0,0.0,96.44845086576446,0.004600450722398503,8000.0
1573.075234370698,8,2.0352945783787706,5.042757649546916,4.490971067617181,515.1006553707987,87.27211713467628,0.0033489891221469685,8523.439276777674
1578.69064667108,8,8.183900367342785,20.40200834490566,30.822853065795893,984.5700562373763,80.03886681950674,0.0024420655525218007,9023.091175747357
1584.3060589714623,8,19.924073162043328,50.25750286754296,106.9773527128387,1418.731408759839,74.52437608536657,0.0017900253742633653,9537.260601043374
1589.9214712718447,8,37.85911050413194,97.23288940441805,266.401394688572,1826.338918513422,70.41124902023152,0.001322707501701656,10108.148703328417
1595.536883572227,8,62.0530793691447,163.29506113075564,544.3437899505248,2214.3363970895393,67.38092187367059,0.0009874634410503875,10777.948067608977
1601.152295872609,8,92.21757636185338,250.16130334217277,975.373820973808,2587.993543691328,65.15833841714546,0.0007459117297819786,11586.497745459807
1606.7677081729914,8,127.85469068666707,359.5338902180542,1591.8212997283858,2951.196889501507,63.525096243129376,0.0005706108689172778,12570.014013974653
1612.3831204733738,8,168.36268487132853,493.22963661720263,2422.910412914039,3306.762843879352,62.316290346996176,0.00044218195065911365,13760.537496446434
1617.998532773756,8,213.11087821371436,653.2534080858092,3494.3976711987234,3656.7123960221406,61.41112275302677,0.00034703437590788194,15185.8456786511
1623.6139450741382,8,261.49030968003376,841.8490416421939,4828.558180256157,4002.4890769023136,60.722614843899926,0.0002756637724584532,16869.65725687012
1629.2293573745205,8,312.9461026859209,1061.5492889359296,6444.4040384255695,4345.122570948374,60.18868604365801,0.00022142174747678115,18832.013958924552
1634.8447696749029,8,366.9957263775792,1315.2348798444832,8358.041886932402,4685.347832038028,59.76521512012572,0.00017964614430791308,21089.75743792939
1640.4601819752852,8,423.23783263181315,1606.213289256311,10583.105802986012,5023.690707061809,59.42096567369106,0.00014705423781640573,23657.047617119664
1646.0755942756673,8,481.3543734164652,1938.3212773110956,13131.219871312835,5360.5294866685645,59.134004815320075,0.00012132215998913696,26545.88686911308
1651.6910065760496,8,541.1085353687183,2316.056850599207,16012.460240111363,5696.139666636469,58.889215547943515,0.00010079388644068009,29766.626718128533
1657.306418876432,8,602.3402420053245,2744.746419948914,19235.798547325077,6030.726939356859,58.67656255301302,8.427954970833588e-5,33328.44453289595
1662.921831176814,8,664.9604488359878,3230.754427680469,22809.51628174836,6364.4520874920245,58.48985437760216,7.09152619069654e-5,37239.782648007866
1668.5372434771964,8,728.9452267845338,3781.7467261339125,26741.586902773295,6697.449878755424,58.325827837204706,6.0065530478626184e-5,41508.74942112498
1674.1526557775787,8,794.3299662652793,4407.020182957693,31040.024477157374,7029.843320767162,58.183451684355866,5.125548454487756e-5,46143.48175461055
1679.768068077961,8,861.2044526898974,5117.921546851525,35713.203029313314,7361.754794158307,58.063403611925295,4.412422286299369e-5,51152.47599353712
1685.3834803783432,8,929.7083971188323,5928.376778195258,40770.14960079153,7693.314495230013,57.96771466143874,3.839326962937575e-5,56544.88967081412
1690.9988926787255,8,1000.0283826482246,6855.576519237276,46220.81611269349,8024.667435999967,57.89960156951219,3.384587957387234e-5,62330.81955977696
1696.6143049791078,8,1072.3950538135607,7920.85476088936,52076.334560823896,8355.980337471648,57.86352496333505,3.031414273374212e-5,68521.56385374149
1702.2297172794902,8,1147.081807717979,9150.844847617318,58349.26171318533,8687.449116227846,57.865528739843825,2.7671759350179554e-5,75129.87662079926
1707.8451295798723,8,1224.4037239751474,10578.992544817504,65053.8182715227,9019.310097639229,57.91394545198759,2.5831147632619224e-5,82170.21314641496
1713.4605418802546,8,1304.7172255454855,12247.563619552553,72206.12043454505,9351.85524520791,58.02061080185599,2.474431065089945e-5,89658.9827443727
1719.075954180637,8,1388.4205747855594,14210.335392025712,79824.41718742743,9685.458187707669,58.202837031164044,2.4407703759975357e-5,97614.80848332151
1724.6913664810193,8,1475.953915863856,16536.204667204987,87929.32708918421,10020.611425849354,58.48658708055585,2.4872319854198583e-5,106058.79901689067
1730.3067787814014,8,1567.800004085168,19314.098697829937,96544.07395326099,10357.990900148274,58.91162956720798,2.6261534081490362e-5,115014.85789499496
1735.9221910817837,8,1664.4843507619833,22659.678028774713,105694.73497247139,10698.552442039767,59.54004882021515,2.8801249187820475e-5,124510.01395141252
1741.537603382166,8,1766.5751731328219,26724.57583246324,115410.47614264551,11043.696703126556,60.47054431707816,3.28701112904226e-5,134574.83749558293
1747.1530156825484,8,1874.6820290061642,31709.18860495998,125723.79771586652,11395.536938805677,61.862845046722946,3.9082942472794865e-5,145243.93975714679
1752.7684279829305,8,1989.4537985223676,37880.55022805416,136670.7590045436,11757.34827787671,63.979965101711066,4.842955183298838e-5,156556.65403815295
1758.3838402833128,8,2111.57460878169,45597.398209732884,148291.19491034708,12134.339080792553,67.26211160901865,6.250607210472738e-5,168558.03113758506
1763.9992525836951,8,2241.7574772450043,55345.50066760291,160628.89767508357,12534.979011734422,72.45684257868518,8.390033856245294e-5,181300.32108862023
1769.6146648840772,8,2380.736197979599,67787.68659278132,173731.76246673302,12973.311606994625,80.84887547439043,0.0001168309848310468,194845.46809111605
1775.2300771844596,8,2529.2526619150312,83834.53875831653,187651.87198948342,13473.006657084159,94.66473691116856,0.00016819607235460656,209269.2339797535
1780.845489484842,8,2688.04252476416,104744.42614180286,202445.50593946816,14074.46007339824,117.77899983670112,0.0002492612614039421,224668.28394275845
1786.4609017852242,8,2857.815159336239,132263.57344666656,218173.06387678147,14847.175043979849,156.92741465653802,0.000378296318673984,241172.51130194135
1792.0763140856063,8,3039.231440774318,168820.02605105593,234898.83439901748,15911.087497285174,223.74173248680688,0.0005845070965836116,258966.16161352905
1797.6917263859887,8,3232.8765874161213,217785.14868013802,252690.69347495295,17472.678324673416,338.0553377697969,0.0009135043714353304,278323.5767042154
1803.307138686371,8,3439.2305236508223,283811.7879803649,271619.5485924211,19884.582234967198,533.0652307066723,0.0014341146080055357,299668.3146779202
1808.9225509867533,8,3658.6356806316235,373239.4989091092,291758.71770324226,23741.059048094332,863.0417103111907,0.002245318347153582,323667.92896043713
1814.5379632871354,8,3891.264034317299,494513.044100333,313182.99939837,30025.771968120804,1414.3504887170136,0.0034803128147954474,351380.8973281007
1820.1533755875178,8,4137.0848947364375,658472.6699741514,335967.7006073288,40332.962240663575,2320.6962218554386,0.005302340070708438,384476.7729878021
1825.7687878879,8,4395.8373432200115,878235.1810384687,360187.3392303905,57189.26901629763,3783.9389326098767,0.007885071595514149,425556.69897250814
1831.3842001882824,8,4667.005209402029,1.168216315824009e6,385914.3580444866,84513.28162203776,6102.658979682745,0.011371207454735813,478611.713257228
1836.9996124886645,8,4949.804979571798,1.5417980655825038e6,413217.5680731476,128263.71733582365,9710.939457962306,0.01580922317978412,549669.3552456218
1842.6150247890469,8,5243.179212761827,2.007449051495844e6,442160.70145155105,197334.3875271725,15226.421107098378,0.021080824433401854,647687.1452311224
1894.5238095238094,9,0.1,0.24728698198358734,0.0,0.0,310.3849008260305,0.028668301342928425,8000.0
1894.6133969638297,9,0.11061927551072392,0.27354996628195205,0.00942920811723204,27.81289265623551,310.5209896300095,0.02858398299150841,8027.883683501283
1894.7029844038502,9,0.12195553642148195,0.3015867720740031,0.019841841953108307,55.63809421363127,310.65207023142693,0.02849964179709294,8055.78066008194
1894.7925718438705,9,0.13403097629446184,0.3314524107424063,0.031303141852969986,83.47515623523236,310.7781446545002,0.028415279984565552,8083.690546558665
1894.8821592838908,9,0.14686767370315318,0.36320162249766247,0.04388033209372777,111.32363047860407,310.89921531861125,0.02833089976873066,8111.612961914994
1894.971746723911,9,0.16048759238565619,0.39688887754278346,0.057642610578601663,139.18306893334903,311.0152850351957,0.028246503354243665,8139.547527291891
1895.0613341639316,9,0.17491258139961174,0.43256837725973957,0.07266113866240907,167.05302384731039,311.1263570084826,0.02816209293554191,8167.493866102048
1895.150921603952,9,0.19016437527825253,0.47029405541603364,0.08900903079880002,194.93304776179204,311.23243483273313,0.028077670696773166,8195.451604035843
1895.2405090439722,9,0.20626459418813997,0.5101195793923968,0.10676134440821924,222.82269357122942,311.3335224893329,0.027993238811731058,8223.420369061767
1895.3300964839925,9,0.22323474408786442,0.5520983514294158,0.12599506955817502,250.7215145292892,311.42962434378717,0.027908799443785808,8251.399791426149
1895.419683924013,9,0.24109621688824606,0.5962835098940285,0.146789119027194,278.6290642938465,311.52074514308316,0.027824354745820082,8279.389503664304
1895.5092713640333,9,0.25987029061261324,0.6427279305619751,0.16922431743774424,306.5448969340752,311.6068900182607,0.027739906860166096,8307.389140781519
1895.5988588040536,9,0.27957812956150213,0.6914842279265658,0.19338339243342534,334.46856701172163,311.6880644729374,0.027655457918539798,8335.398339982181
1895.688446244074,9,0.3002407844760079,0.7426047565190964,0.21935096256627362,362.3996296147008,311.76427438624586,0.027571010041982275,8363.416740863177
1895.7780336840945,9,0.32187919270239584,0.796141612247007,0.24721352883917824,390.33764035723607,311.8355260127339,0.027486565340795986,8391.443985514017
1895.8676211241147,9,0.344514178358321,0.8521466337502377,0.27705946466396997,418.2821554064764,311.9018259791911,0.02740212591448839,8419.479718516559
1895.957208564135,9,0.36816645250085106,0.9106714037759284,0.30897900328542677,446.2327315520069,311.9631812814255,0.027317693851711018,8447.523586945428
1896.0467960041556,9,0.3928566132952642,0.9717672505685211,0.3430642306940151,474.18892616233995,312.01959928103753,0.027233271230203502,8475.575240367809
1896.1363834441759,9,0.4186051461850397,1.0354852492759414,0.37940907522565953,502.1502973283073,312.07108770217724,0.027148860116738678,8503.634330843228
1896.2259708841962,9,0.4454324240636681,1.1018762233730648,0.4181092942585211,530.1164038746876,312.11765462827327,0.02706446256706565,8531.700512923984
1896.3155583242165,9,0.4733587074470592,1.1709907460990696,0.4592624674053375,558.0868053599218,312.15930849875485,0.026980080625857196,8559.77344365486
1896.405145764237,9,0.5024041446475719,1.242879141910856,0.5029679868911227,586.0610620762566,312.1960581072786,0.026895716326658027,8587.85278262381
1896.4947332042573,9,0.5325887719488144,1.317591487950106,0.5493270456361685,614.0387350847346,312.22791260885424,0.026811371691832838,8615.93819231325
1896.5843206442776,9,0.5639325137824067,1.3951776155265472,0.5984426251165306,642.0193863538159,312.254881498697,0.02672704873251523,8644.029337506488
1896.6739080842979,9,0.5964551829052102,1.475687111613401,0.6504194909152451,670.0025785803366,312.2769746189737,0.026642749448559877,8672.125885624964
1896.7634955243184,9,0.6301764805782009,1.559169320357603,0.7053641808063932,697.9878754085724,312.2942021585456,0.0265584758284939,8700.227506835601
1896.8530829643387,9,0.6651159967460445,1.6456733446020997,0.7633849922253508,725.9748414612806,312.3065746494918,0.026474229849471623,8728.333874050522
1896.942670404359,9,0.7012932102186904,1.7352480474231728,0.8245919712772956,753.9630423401242,312.3141029636029,0.026390013477226294,8756.444662927486
1897.0322578443793,9,0.7387274888479194,1.8279420536649797,0.8890969093201673,781.9520446253896,312.3167983088968,0.026305828666028687,8784.559551869588
1897.1218452843998,9,0.7774380897141892,1.923803751508945,0.9570133296195337,809.9414158761291,312.3146722260766,0.026221677358640613,8812.678222025412
1897.21143272442,9,0.8174441593188835,2.022881294065613,1.0284564771262361,837.930724629874,312.30773658502767,0.02613756148627596,8840.80035728874
1897.3010201644404,9,0.8587647337626855,2.125222600940887,1.1035433033982043,865.9195405720365,312.2960035812657,0.026053482968556668,8868.925644298988
1897.3906076044607,9,0.9014187389316983,2.230875359829869,1.1823924655573175,893.9074344976927,312.27948573239985,0.025969443713474472,8897.053772440908
1897.4801950444812,9,0.945424990685367,2.339887028123307,1.2651243133276804,921.8939781733384,312.2581958745749,0.025885445617351174,8925.184433844746
1897.5697824845015,9,0.9908021950448498,2.452304834522965,1.3518608822204896,949.8787446151961,312.2321471619926,0.025801490564802097,8953.31732349337
1897.6593699245218,9,1.0375689483836366,2.568175780670091,1.44272587449606,977.8613080914841,312.2013530771283,0.025717580428698584,8981.452139706755
1897.7489573645423,9,1.085743737618285,2.687546642781405,1.5378446522695144,1005.8412441222015,312.1658273979427,0.025633717070131498,9009.588583126375
1897.8385448045626,9,1.1353449404001972,2.810463973294594,1.6373442364809994,1033.8181294789156,312.12558421033935,0.025549902338379154,9037.726357272417
1897.928132244583,9,1.1863908253096072,2.9369741025259506,1.741353289551619,1061.7915421851912,312.0806379081505,0.025466138070871558,9065.86516867314
1898.0177196846032,9,1.2388995520494435,3.0671231403340458,1.8500021126746837,1089.7610615163,312.031003189427,0.02538242609315955,9094.004726864601
1898.1073071246237,9,1.292889171641028,3.200956977794066,1.96342262330525,1117.7262679993707,311.9766950527148,0.025298768218882856,9122.144744390802
1898.196894564644,9,1.3483776266200267,3.33852128887853,2.081748349283516,1145.6867435185934,311.91772879333695,0.025215166249741548,9150.284936803388
1898.2864820046643,9,1.4053827512348538,3.4798615321496804,2.2051144288232933,1173.6420715818479,311.85411999965123,0.025131621975464317,9178.425022662088
1898.3760694446846,9,1.4639222716447804,3.6250229524563595,2.333657594912048,1201.591836750413,311.785884549341,0.025048137173783555,9206.564723534426
1898.4656568847051,9,1.52401380611993,3.774050582640588,2.467516169079488,1229.5356250745535,311.7130386056557,0.02496471361040547,9234.703763995863
1898.5552443247254,9,1.5856748652414157,3.926989245249201,2.6068300457654807,1257.4730241460466,311.6355986136965,0.024881353038987197,9262.841871629515
1898.6448317647457,9,1.6489228521040706,4.0838835542564285,2.7517406768409947,1285.4036230986046,311.5535812966655,0.024798057201109457,9290.978777026576
1898.734419204766,9,1.7137750625186776,4.2447779167894,2.9023910716067562,1313.327012607594,311.46700365213053,0.024714827826253918,9319.114213786033
1898.8240066447866,9,1.7802486852161816,4.409716534862599,3.0589257949542414,1341.2427848901743,311.3758829483015,0.024631666631781606,9347.247918514813
1898.9135940848068,9,1.8483608020519033,4.578743407115986,3.2214909422435194,1369.150533705019,311.2802367202582,0.024548575322908654,9375.3796308275
1898.9135940848068,10,0.1,0.24728698198358734,0.0,0.0,273.76511398141025,0.024548575322908654,8000.0
1898.946053071475,10,0.10372276443698365,0.2564938465240954,0.0033060822828626943,8.885758854861967,273.7404356276739,0.024518487567007065,8008.911297169243
1898.9785120581432,10,0.1075356056860049,0.2659235532525814,0.00673447583939053,17.77074759603519,273.7152282501313,0.02448840928770225,8017.821946634948
1899.0109710448114,10,0.11143954302578875,0.2755786281084807,0.010288121569150046,26.6549490594372,273.68949252144483,0.02445834056491482,8026.731934173806
1899.0434300314796,10,0.11543559370973658,0.2854615922229116,0.01396999343952971,35.538346102638016,273.66322911892746,0.02442828147835639,8035.641245617503
1899.0758890181478,10,0.11952477296716628,0.2955749619261578,0.01778309841215474,44.42092160535509,273.6364387244991,0.024398232107527076,8044.549866852741
1899.108348004816,10,0.1237080940046764,0.3059212487554951,0.02173047638746207,53.302658469485586,273.60912202467495,0.024368192531716595,8053.4577838212335
1899.1408069914842,10,0.1279865680073951,0.316502959462771,0.025815200135309732,62.18353961913829,273.58127971061236,0.024338162830005297,8062.364982521913
1899.1732659781524,10,0.13236120414028574,0.3273225960221619,0.030040375219208115,71.06354800120982,273.55291247801244,0.024308143081261713,8071.271449008913
1899.2057249648205,10,0.13683300954943003,0.3383826556379119,0.03440913994766979,79.9426665844902,273.5240210269839,0.024278133364143712,8080.177169386948
1899.2381839514887,10,0.14140298936332732,0.3496856307521453,0.0389246653143227,88.82087836027155,273.49460606217684,0.02424813375709937,8089.082129816764
1899.270642938157,10,0.1460721466941947,0.3612340090527202,0.043590154891694245,97.69816634315092,273.46466829274306,0.02421814433836476,8097.9863165152365
1899.3031019248251,10,0.15084148263927147,0.3730302734811288,0.048408844804321,106.57451357103018,273.43420843232366,0.024188165185964932,8106.889715755375
1899.3355609114933,10,0.155711996282124,0.3850769022404319,0.053384003658464275,115.44990310511648,273.40322719903503,0.024158196377714877,8115.792313866318
1899.3680198981615,10,0.16068468469395517,0.39737636880324023,0.058518932496060196,124.32431802992119,273.37172531542325,0.02412823799121688,8124.694097233337
1899.4004788848297,10,0.16576054293491427,0.4099311419197337,0.06381696466349657,133.1977414532614,273.3397035084683,0.024098290103863437,8133.595052297832
1899.4329378714979,10,0.17094056405541128,0.42274368562572495,0.06928146578061754,142.07015650625814,273.30716250953725,0.024068352792834525,8142.495165557336
1899.465396858166,10,0.17622573909743192,0.4358164592507578,0.07491583371693449,150.94154634331494,273.2741030543711,0.02403842613509857,8151.394423565513
1899.4978558448342,10,0.18161705709585685,0.4491519174262528,0.08072349848384062,159.81189414444412,273.24052588307296,0.02400851020741362,8160.292812932156
1899.5303148315024,10,0.18711550507978128,0.4627525100936819,0.08670792222020841,168.68118311249256,273.2064317400645,0.023978605086324923,8169.190320323194
1899.5627738181706,10,0.1927220680738391,0.4766206825127953,0.09287259901907426,177.54939647304428,273.1718213740729,0.02394871084816599,8178.086932460681
1899.5952328048388,10,0.19843772909952972,0.4907588752698812,0.09922105491140716,186.4165174766691,273.13669553811843,0.02391882756905962,8186.982636122807
1899.627691791507,10,0.20426346917654306,0.5051695242860555,0.10575684786610949,195.28252939892243,273.1010549894718,0.023888955324915678,8195.87741814389
1899.6601507781752,10,0.21020026732409403,0.5198550608256105,0.11248356767676491,204.14741554034552,273.0649004896402,0.023859094191431972,8204.77126541438
1899.6926097648434,10,0.21624910056225305,0.5348179115043813,0.11940483592479655,213.0111592264651,273.02823280435626,0.0238292442440955,8213.664164880858
1899.7250687515116,10,0.22241094391328206,0.5500604982981578,0.12652430590675698,221.8737438077943,272.9910527035336,0.023799405558179977,8222.556103546038
1899.7575277381798,10,0.22868677040297208,0.5655852385511382,0.13384566246542765,230.735152659831,272.95336096125493,0.023769578208746988,8231.447068468764
1899.789986724848,10,0.2350775510619845,0.5813945449844123,0.1413726219895617,239.5953691830598,272.9151583557589,0.023739762270647013,8240.337046764007
1899.8224457115161,10,0.2415842549271937,0.5974908257044881,0.14910893241388395,248.4543768029503,272.87644566939736,0.023709957818517098,8249.226025602875
1899.8549046981843,10,0.2482078490430293,0.6138764842118447,0.15705837317979013,257.31215896995764,272.8372236886224,0.02368016492678195,8258.113992212602
1899.8873636848525,10,0.2549492984628303,0.6305539194095424,0.16522475500172226,266.16869915952344,272.79749320434036,0.023650383669655016,8267.000933890487
1899.9198226715207,10,0.2618095662501876,0.6475255256118346,0.17361192006527515,275.0239808721501,272.75725501145087,0.023620614121136155,8275.886837988066
1899.952281658189,10,0.26878961348029984,0.6647936925528501,0.1822237417105628,283.87798763856813,272.71650990855557,0.02359085635501267,8284.771691900502
1899.984740644857,10,0.2758903992413305,0.6823608053952935,0.1910641243750934,292.7307030127851,272.6752586983271,0.023561110444860485,8293.65548308101
1900.0171996315253,10,0.2831128806357588,0.700229244739171,0.20013700359376965,301.5821105717855,272.6335021874634,0.023531376464041714,8302.538199040848
1900.0496586181935,10,0.29045801278174344,0.7184013866305728,0.20944634599888864,310.43219391962805,272.5912411866772,0.02350165448570592,8311.419827349331
1900.0821176048617,10,0.2979267488144904,0.7368796025704903,0.21899614931954206,319.2809366874451,272.5484765106812,0.02347194458279098,8320.300355633819
1900.1145765915298,10,0.3055200398872794,0.7556662595228243,0.2287904420888443,328.12832253344357,272.5052089781455,0.023442246828020957,8329.179771579718
1900.147035578198,10,0.3132388351731136,0.7747637199239588,0.23883328379598073,336.9743351429044,272.46143941168486,0.023412561293907105,8338.058062930488
1900.1794945648662,10,0.32108408186656223,0.794174341692832,0.2491287647995076,345.8189582281826,272.41716863784603,0.023382888052748997,8346.935217487633
1900.2119535515344,10,0.3290567251846692,0.8139004782387408,0.2596810060493207,354.66217552870734,272.37239748706037,0.02335322717663184,8355.81122311071
1900.2444125382026,10,0.3371577083683461,0.8339444784703581,0.2704941590866557,363.5039708109819,272.3271267936488,0.023323578737429428,8364.686067717323
1900.2768715248708,10,0.34538797268374544,0.8543086868047276,0.28157240604408773,372.3443278685831,272.28135739577425,0.02329394280680151,8373.559739283124
1900.309330511539,10,0.3537484574236383,0.8749954431763006,0.29291995964553236,381.18323052216346,272.2350901354301,0.023264319456194924,8382.432225841816
1900.3417894982072,10,0.36224009990879336,0.8960070830460055,0.3045410632062427,390.02066261944793,272.18832585842637,0.023234708756844608,8391.30351548515
1900.3742484848754,10,0.3708638354893567,0.9173459374103293,0.31643999045494686,398.8566080352354,272.14106541434666,0.023205110779771356,8400.173596362923
1900.4067074715435,10,0.3796205975462373,0.9390143328104608,0.32862104527046565,407.69105067140237,272.0933096565359,0.023175525595782974,8409.042456682986
1900.4391664582117,10,0.3885113174924912,0.961014591341439,0.341088562172329,416.52397445689337,272.04505944208745,0.023145953275475313,8417.910084711235
1900.47162544488,10,0.3975369247747104,0.98334903066134,0.35384690574345484,425.3553633477325,271.99631563179946,0.02311639388923001,8426.776468771619
1900.504084431548,10,0.4066983468744131,1.0060199640005028,0.36690047059457315,434.1852013270339,271.94707909016296,0.023086847507215676,8435.64159724613
