t,scenario,k,m,lambda
0,baseline,0.005399435230304014,0.00022103418361512928,0.0008300292306841371
1,baseline,0.005436498825114265,0.00022179315686222446,0.0008559972521176766
2,baseline,0.0054733191608924295,0.00022254791549178042,0.000882455797443978
3,baseline,0.005509876851393534,0.00022329817403321758,0.0009093922310465952
4,baseline,0.005546152385316126,0.0002240436463025218,0.0009367923559219449
5,baseline,0.005582126143355909,0.00022478404555915607,0.0009646403769525275
6,baseline,0.005617778415788493,0.00022551908466642736,0.0009929188683790195
7,baseline,0.005653089420561074,0.00022624847625519337,0.0010216087458651767
8,baseline,0.00568803932187104,0.00022697193289077252,0.0010506892435453944
9,baseline,0.005722608249207963,0.00022768916724292298,0.001080137896437703
10,baseline,0.005756776316833858,0.00022839989225873942,0.0011099305285947661
11,baseline,0.005790523643674808,0.00022910382133831757,0.0011400412473519714
12,baseline,0.005823830373595744,0.0002298006685130248,0.001170442444014909
13,baseline,0.005856676696028448,0.00023049014862620842,0.0012011048013082762
14,baseline,0.005889042866921509,0.0002311719775161688,0.0012319973078846282
15,baseline,0.005920909229979462,0.00023184587220121625,0.0012630872801642735
16,baseline,0.005952256238157119,0.00023251155106662074,0.0012943403917470917
17,baseline,0.005983064475373613,0.00023316873405326662,0.0013257207106032378
18,baseline,0.006013314678409684,0.0002338171428478077,0.00135719074421253
19,baseline,0.006042987758950459,0.0002344565010741227,0.0013887114927821909
20,baseline,0.006072064825734915,0.00023508653448585346,0.0014202425106293838
21,baseline,0.00610052720677245,0.0002357069711598164,0.0014517419757692413
22,baseline,0.006128356471585809,0.00023631754169006774,0.001483166767700666
23,baseline,0.006155534453439099,0.0002369179793823888,0.0015144725533317634
24,baseline,0.0061820432715088925,0.00023750802044897353,0.0015456138809343991
25,baseline,0.006207865352955759,0.00023808740420307856,0.0015765442819635413
26,baseline,0.00623298345485328,0.00023865587325340112,0.001607216380522125
27,baseline,0.0062573806859311295,0.00023921317369794958,0.001637582010196547
28,baseline,0.006281040528088726,0.00023975905531715839,0.001667592337932073
29,baseline,0.006303946857635717,0.0002402932717660104,0.001697197994561766
30,baseline,0.006326083966215733,0.00024081558076491908,0.0017263492115477
31,baseline,0.006347436581369899,0.00024132574428911919,0.0017549959634394644
32,baseline,0.006367989886696991,0.00024182352875632982,0.001783088115503018
33,baseline,0.006387729541567329,0.0002423087052124289,0.0018105755759231933
34,baseline,0.006406641700348372,0.00024278104951490101,0.0018374084519361112
35,baseline,0.006424713031100253,0.00024324034251380796,0.0018635372092039762
36,baseline,0.006441930733700637,0.00024368637023003653,0.0018889128337046426
37,baseline,0.006458282557358974,0.0002441189240305758,0.0019134869953724568
38,baseline,0.00647375681748137,0.00024453780080059074,0.0019372122126954773
39,baseline,0.006488342411848435,0.0002449428031120386,0.0019600420174480603
40,baseline,0.006502028836069814,0.0002453337393886037,0.0019819311187166916
41,baseline,0.006514806198280394,0.00024571042406670927,0.0020028355653619375
42,baseline,0.0065266652330448,0.0002460726777523796,0.0020227129060500088
43,baseline,0.006537597314438385,0.0002464203273737248,0.0020415223459845228
44,baseline,0.006547594468274689,0.0002467532063288332,0.002059224899472386
45,baseline,0.006556649383451046,0.00024707115462884875,0.002075783537467521
46,baseline,0.006564755422386139,0.00024737401903603064,0.002091163329252617
47,baseline,0.0065719066305250816,0.0002476616531965863,0.00210533157744192
48,baseline,0.006578097744889985,0.0002479339177680893,0.0021182579455174284
49,baseline,0.006583324201655785,0.0002481906805412818,0.002129914577146472
50,baseline,0.006587582142733703,0.00024843181655609186,0.002140276206570392
51,baseline,0.006590868421346684,0.00024865720821167766,0.0021493202594014458
52,baseline,0.006593180606583748,0.0002488667453703497,0.002157026943218133
53,baseline,0.0065945169869224725,0.0002490603254551989,0.0021633793274071287
54,baseline,0.006594876572711199,0.00024923785354128797,0.002168363411762673
55,baseline,0.006594259097605172,0.0002493992424402731,0.002171968183421083
56,baseline,0.006592665018953148,0.0002495444127783144,0.002174185661778436
57,baseline,0.006590095517133548,0.00024967329306716955,0.0021750109311128216
58,baseline,0.0065865524938417954,0.0002497858197683486,0.0021744421607083645
59,baseline,0.00658203856933283,0.00024988193735024156,0.0021724806123556363
60,baseline,0.006576557078625345,0.00024996159833812556,0.0021691306351817818
61,baseline,0.0065701120666767565,0.0002500247633569736,0.0021643996478425327
62,baseline,0.006562708282540333,0.00025007140116700227,0.0021582981081870387
63,baseline,0.006554351172518185,0.0002501014886919013,0.002150839470584219
64,baseline,0.006545046872326308,0.00025011501103969983,0.002142040131175412
65,baseline,0.006534802198290043,0.00025011196151624045,0.002131919361391999
66,baseline,0.006523624637590606,0.0002500923416312367,0.0021204992301476384
67,baseline,0.00651152233758541,0.00025005616109690683,0.0021078045151822497
68,baseline,0.006498504094227037,0.0002500034378191857,0.0020938626040983696
69,baseline,0.0064845793396076795,0.00024993419788152643,0.0020787033856893692
70,baseline,0.006469758128657758,0.0002498484755213199,0.0020623591322130753
71,baseline,0.006454051125029331,0.0002497463130989671,0.0020448643733127197
72,baseline,0.00643746958619636,0.0002496277610596521,0.0020262557623300643
73,baseline,0.00642002534780584,0.0002494928778878745,0.0020065719357922314
74,baseline,0.006401730807315007,0.00024934173005481406,0.001985853366884275
75,baseline,0.006382598906951343,0.0002491743919586052,0.0019641422137436403
76,baseline,0.006362643116033343,0.00024899094585761607,0.0019414821634302268
77,baseline,0.006341877412691106,0.0002487914817968341,0.0019179182724368175
78,baseline,0.006320316265026898,0.00024857609752746985,0.0018934968046091614
79,baseline,0.006297974611756589,0.00024834489841990494,0.0018682650673432282
80,baseline,0.0062748678423738555,0.0002480979973701109,0.0018422712469189422
81,baseline,0.006251011776879347,0.0002478355146996891,0.0018155642438156963
82,baseline,0.006226422645117921,0.00024755757804967895,0.0017881935088349904
83,baseline,0.006201117065767021,0.00024726432226829194,0.0017602088808302621
84,baseline,0.006175112025019843,0.00024695588929274733,0.0017316604268135397
85,baseline,0.006148424855006923,0.0002466324280253796,0.001702598285173469
86,baseline,0.006121073211999701,0.0002462940942042066,0.0016730725126999249
87,baseline,0.006093075054439733,0.0002459410502681502,0.0016431329360672253
88,baseline,0.006064448620836678,0.0002455734652171048,0.0016128290083815536
89,baseline,0.006035212407578074,0.00024519151446706353,0.0015822096713488723
90,baseline,0.006005385146693332,0.00024479537970051096,0.0015513232235680023
91,baseline,0.005974985783613768,0.00024438524871230147,0.0015202171954001242
92,baseline,0.005944033454969847,0.00024396131525124327,0.00148893823081124
93,baseline,0.005912547466466056,0.0002435237788576147,0.0014575319765286062
94,baseline,0.005880547270872808,0.00024307284469685073,0.00142604297879628
95,baseline,0.005848052446173892,0.00024260872338962192,0.0013945145879592506
96,baseline,0.0058150826739069425,0.00024213163083855688,0.0013629888710505445
97,baseline,0.005781657717733061,0.00024164178805184292,0.001331506532501583
98,baseline,0.00574779740227078,0.00024113942096394615,0.0013001068430434845
99,baseline,0.005713521592227939,0.00024062476025370352,0.001268827576816122
100,baseline,0.00567885017186396,0.0002400980411600232,0.0012377049566529822
101,baseline,0.005643803024813346,0.00023955950329545216,0.0012067736074636217
102,baseline,0.005608400014299964,0.00023900939045784755,0.0011760665175917621
103,baseline,0.005572660963769931,0.00023844795044040837,0.0011456150079864101
104,baseline,0.005536605637969553,0.00023787543484030848,0.0011154487089856243
105,baseline,0.005500253724493013,0.00023729209886617962,0.0010855955444781227
106,baseline,0.0054636248158230144,0.00023669820114469148,0.001056081723176806
107,baseline,0.005426738391885731,0.00023609400352646661,0.0010269317367105045
108,baseline,0.005389613803140045,0.0002354797708915726,0.0009981683642159911
109,baseline,0.005352270254219065,0.000234855770954833,0.0009698126830914474
110,baseline,0.00531472678814045,0.00023422227407118742,0.0009418840855551188
111,baseline,0.0052770022711003,0.00023357955304133298,0.0009144003006388398
112,baseline,0.005239115377863671,0.00023292788291787395,0.0008873774212352734
113,baseline,0.005201084577763207,0.00023226754081220855,0.0008608299358100992
114,baseline,0.0051629281213156405,0.0002315988057023612,0.0008347707643857462
115,baseline,0.005124664027464275,0.00023092195824198406,0.0008092112984015696
116,baseline,0.005086310071454127,0.00023023728057072813,0.0007841614440563683
117,baseline,0.005047883773344558,0.00022954505612619614,0.0007596296687426574
118,baseline,0.0050094023871630035,0.00022884556945766398,0.0007356230501880665
119,baseline,0.0049708828907016065,0.00022813910604177113,0.0007121473279272104
120,baseline,0.00493234197595739,0.00022742595210036102,0.0006892069567374657
121,baseline,0.0048937960402149205,0.00022670639442064764,0.0006668051616837815
122,baseline,0.0048552611777693,0.00022598072017788646,0.0006449439944309984
123,baseline,0.004816753172285788,0.00022524921676071095,0.0006236243904967339
124,baseline,0.004778287489791281,0.00022451217159928915,0.0006028462271337178
125,baseline,0.004739879272291531,0.0002237698719964605,0.0005826083815470988
126,baseline,0.004701543332006902,0.00022302260496198862,0.0005629087891697405
127,baseline,0.004663294146218383,0.00022227065705006675,0.0005437445017365098
128,baseline,0.004625145852714469,0.00022151431420021,0.0005251117449169394
129,baseline,0.004587112245828665,0.00022075386158164974,0.0005070059752842956
130,baseline,0.004549206773056321,0.00021998958344134601,0.0004894219364177413
131,baseline,0.004511442532238766,0.0002192217629557241,0.00047235371395289605
132,baseline,0.0044738322693018895,0.0002184506820862309,0.00045579478941451356
133,baseline,0.004436388376535564,0.00021767662143880616,0.00043973809268306745
134,baseline,0.004399122891399648,0.00021689986012734576,0.00042417605296470696
135,baseline,0.004362047495841777,0.0002161206756412368,0.00040910064815116
136,baseline,0.004325173516111464,0.00021533934371702792,0.0003945034524727058
137,baseline,0.004288511923054739,0.00021455613821429797,0.000380375682363191
138,baseline,0.00425207333287292,0.00021377133099577451,0.00036670824047117296
139,baseline,0.004215868008328963,0.00021298519181174724,0.0003534917577656416
140,baseline,0.004179905860384322,0.00021219798818881082,0.0003407166336982652
141,baseline,0.004144196450249198,0.00021140998532297615,0.0003283730743968084
142,baseline,0.004108748991828643,0.0002106214459771626,0.00031645112887617306
143,baseline,0.0040735723545470654,0.000209832630383097,0.0003049407232644524
144,baseline,0.00403867506653336,0.00020904379614762413,0.00029383169305146527
145,baseline,0.004004065318149038,0.00020825519816343533,0.00028311381337642696
146,baseline,0.00396975096584159,0.00020746708852420652,0.00027277682737974617
147,baseline,0.003935739536305359,0.00020667971644414414,0.00026281047265145057
148,baseline,0.003902038230932444,0.00020589332818191734,0.0002532045058154038
149,baseline,0.0038686539305360203,0.00020510816696895428,0.00024394872529438213
150,baseline,0.003835593200328858,0.00020432447294208377,0.00023503299230619434
151,baseline,0.003802862295139876,0.00020354248308047658,0.00022644725014543156
152,baseline,0.0037704671648518422,0.00020276243114686237,0.00021818154180914872
153,baseline,0.0037384134600435726,0.0002019845476329663,0.00021022602602782244
154,baseline,0.0037067065378203353,0.0002012090597091276,0.0002025709917653898
155,baseline,0.0036753514678163454,0.00020043619117804244,0.00019520687125402006
156,baseline,0.0036443530383537216,0.0001996661624325719,0.00018812425163062868
157,baseline,0.003613715762742572,0.00019889919041756143,0.00018131388524297135
158,baseline,0.003583443885707209,0.0001981354885955983,0.0001747666986935552
159,baseline,0.0035535413899239737,0.00019737526691664223,0.00016847380068958764
160,baseline,0.0035240120026565685,0.0001966187317914577,0.00016242648876678827
161,baseline,0.003494859202475098,0.00019586608606876661,0.00015661625495416763
162,baseline,0.0034660862260456568,0.00019511752901605044,0.00015103479044585548
163,baseline,0.0034376960749775603,0.0001943732563039107,0.00014567398934476792
164,baseline,0.0034096915227159238,0.0001936334599939107,0.0001405259515414017
165,baseline,0.0033820751214676545,0.00019289832852980752,0.0001355829847893248
166,baseline,0.003354849209149479,0.00019216804673208543,0.00013083760603705143
167,baseline,0.003328015916347019,0.00019144279579570112,0.00012628254207398265
168,baseline,0.0033015771732744703,0.00019072275329094527,0.00012191072954595138
169,baseline,0.0032755347167248944,0.00019000809316732775,0.0001177153143937032
170,baseline,0.0032498900970015787,0.00018929898576038704,0.00011368965076534859
171,baseline,0.0032246446848214426,0.0001885955978013317,0.00010982729945149986
172,baseline,0.003199799678181919,0.00018789809242941038,0.000106122025889443
173,baseline,0.0031753561091831637,0.00018720662920691247,0.00010256779778032967
174,baseline,0.0031513148507979843,0.00018652136413670068,9.915878236101059e-5
175,baseline,0.003127676623582242,0.00018584244968217472,9.588934336978943e-5
176,baseline,0.003104442002319031,0.00018517003478956366,9.275403774306016e-5
177,baseline,0.0030816114225902286,0.00018450426491244609,8.97476120775209e-5
178,baseline,0.0030591851872696246,0.00018384528203839893,8.686499889043865e-5
179,baseline,0.003037163472932055,0.00018319322471767321,8.410131270826793e-5
180,baseline,0.0030155463361735604,0.00018254822809379205,8.145184601183729e-5
181,baseline,0.002994333719837807,0.00018191042393598001,7.891206506428021e-5
182,baseline,0.0029735254591445525,0.00018127994067331096,7.647760564593964e-5
183,baseline,0.0029531212877162063,0.0001806569034304881,7.41442687185935e-5
184,baseline,0.002933120843498902,0.0001800414340651492,7.190801603955757e-5
185,baseline,0.002913523674574917,0.00017943365120660223,6.976496574450359e-5
186,baseline,0.002894329244863524,0.00017883367029589674,6.77113879162023e-5
187,baseline,0.00287553693970773,0.00017824160362713275,6.574370015485301e-5
188,baseline,0.0028571460713446403,0.00017765756038991347,6.385846316419787e-5
189,baseline,0.002839155884257505,0.00017708164671285045,6.205237636623525e-5
190,baseline,0.002821565560407763,0.00017651396570802803,6.0322273556049106e-5
191,baseline,0.0028043742243456567,0.0001759546175163381,5.8665118607048494e-5
192,baseline,0.0027875809481983007,0.0001754036993535938,5.70780012357703e-5
193,baseline,0.0027711847565342427,0.00017486130555733877,5.5558132834331214e-5
194,baseline,0.0027551846311038622,0.00017432752763426305,5.4102842377620916e-5
195,baseline,0.002739579515455098,0.00017380245430814444,5.270957241140839e-5
196,baseline,0.0027243683194242644,0.00017328617156823041,5.13758751266774e-5
197,baseline,0.0027095499235018318,0.0001727787627179815,5.0099408524717936e-5
198,baseline,0.002695123183073296,0.00017228030842409822,4.8877932676778785e-5
199,baseline,0.00268108693253534,0.00017179088676575353,4.77093060814146e-5
200,baseline,0.0026674399892877335,0.00017131057328395472,4.6591482122055815e-5
201,baseline,0.0026541811576014734,0.0001708394410309641,4.552250562677165e-5
202,baseline,0.002641309232363859,0.00017037756061970524,4.450050953169332e-5
203,baseline,0.002628823002701246,0.00016992500027308675,4.3523711649107146e-5
204,baseline,0.002616721255480398,0.00016948182587317193,4.2590411540816125e-5
205,baseline,0.0026050027786893885,0.00016904810101013741,4.169898749699988e-5
206,baseline,0.0025936663646991404,0.00016862388703094548,4.0847893620474226e-5
207,baseline,0.0025827108134067003,0.00016820924308767862,4.003565701595909e-5
208,baseline,0.0025721349352614636,0.00016780422618546868,3.926087508370742e-5
209,baseline,0.0025619375541756184,0.0001674088912299683,3.852221291662266e-5
210,baseline,0.0025521175103200653,0.00016702329107430526,3.78184007997982e-5
211,baseline,0.0025426736628071643,0.00016664747656546398,3.71482318112459e-5
212,baseline,0.0025336048922616635,0.00016628149659004667,3.651055952243829e-5
213,baseline,0.002524910103281191,0.0001659253981193581,3.590429579717599e-5
214,baseline,0.002516588226787676,0.00016557922625377075,3.532840868719133e-5
215,baseline,0.002508638222271119,0.0001652430242663159,3.478192042283038e-5
216,baseline,0.0025010590799270822,0.0001649168336454637,3.426390549709477e-5
217,baseline,0.0024938498226892663,0.00016460069413704235,3.377348884128761e-5
218,baseline,0.0024870095081585756,0.00016429464378525687,3.3309844090484184e-5
219,baseline,0.0024805372304299625,0.00016399871897277026,3.287219193703728e-5
220,baseline,0.002474432121818392,0.000163712954459801,3.245979857033203e-5
221,baseline,0.002468693354485204,0.00016343738342220992,3.207197420101844e-5
222,baseline,0.0024633201419660858,0.00016317203748853179,3.17080716679765e-5
223,baseline,0.002458311740601881,0.00016291694677592546,3.136748512630428e-5
224,baseline,0.0024536674508733643,0.00016267213992500742,3.104964881466186e-5
225,baseline,0.0024493866186410785,0.00016243764413353528,3.0754035900356964e-5
226,baseline,0.002445468636291261,0.00016221348518891915,3.0480157400616185e-5
227,baseline,0.002441912943788861,0.00016199968749952648,3.0227561178550752e-5
228,baseline,0.0024387190296385436,0.00016179627412475823,2.9995831012395737e-5
229,baseline,0.0024358864317545292,0.00016160326680387093,2.9784585736678017e-5
230,baseline,0.002433414738240046,0.0001614206859835202,2.959347845404704e-5
231,baseline,0.0024313035880771197,0.00016124855084400302,2.9422195816587057e-5
232,baseline,0.0024295526717273003,0.0001610868793241829,2.9270457375515685e-5
233,baseline,0.002428161731643906,0.0001609356881450717,2.913801499826504e-5
234,baseline,0.0024271305626962733,0.00016079499283205403,2.9024652352033e-5
235,baseline,0.0024264590125063572,0.0001606648077357381,2.8930184452988656e-5
236,baseline,0.0024261469816980836,0.00016054514605141378,2.8854457280411428e-5
237,baseline,0.002426194424059603,0.0001604360198371062,2.8797347455143127e-5
238,baseline,0.002426601346618678,0.00016033744003021252,2.8758761981831908e-5
239,baseline,0.0024273678096312134,0.00016024941646270357,2.8738638054547326e-5
240,baseline,0.0024284939264829605,0.00016017195787488867,2.873694292544849e-5
241,baseline,0.002429979863504287,0.0001601050719277268,2.8753673836289918e-5
242,baseline,0.002431825839697823,0.0001600487652136751,2.878885801265209e-5
243,baseline,0.002434032126378756,0.00016000304326607356,2.8842552720886844e-5
244,baseline,0.0024365990467274004,0.00015996791056705205,2.8914845387872242e-5
245,baseline,0.002439526975253644,0.00015994337055395713,2.9005853783772638e-5
246,baseline,0.0024428163371727667,0.00015992942562429485,2.9115726268104333e-5
247,baseline,0.002446467607692058,0.00015992607713918584,2.924464209950782e-5
248,baseline,0.0024504813112075667,0.00015993332542532863,2.939281180972914e-5
249,baseline,0.002454858020410285,0.00015995116977546978,2.956047764241386e-5
250,baseline,0.0024595983553009288,0.00015997960844738555,2.974791405741491e-5
251,baseline,0.0024647029821125107,0.0001600186386613676,2.995542830141327e-5
252,baseline,0.002470172612139699,0.0001600682565962217,3.0183361045746423e-5
253,baseline,0.00247600800047403,0.00016012845738377684,3.0432087092431207e-5
254,baseline,0.002482209944643904,0.00016019923510191458,3.07020161494606e-5
255,baseline,0.002488779283158231,0.00016028058276611626,3.099359367653868e-5
256,baseline,0.002495716893952609,0.0001603724923195393,3.130730180250614e-5
257,baseline,0.002503023692736793,0.00016047495462162973,3.1643660315785105e-5
258,baseline,0.002510700631242227,0.00016058795943527378,3.2003227729252155e-5
259,baseline,0.0025187486953683466,0.00016071149541250482,3.238660242101746e-5
260,baseline,0.00252716890322632,0.00016084555007877147,3.279442385265413e-5
261,baseline,0.0025359623030789193,0.00016099010981577677,3.3227373866482774e-5
262,baseline,0.0025451299711750975,0.00016114515984290824,3.368617806356871e-5
263,baseline,0.0025546730094779496,0.0001613106841972636,3.417160726413367e-5
264,baseline,0.002564592543284631,0.00016148666571229358,3.4684479052122646e-5
265,baseline,0.0025748897187368508,0.00016167308599507625,3.522565940569187e-5
266,baseline,0.0025855657002205627,0.0001618699254022368,3.5796064415403134e-5
267,baseline,0.0025966216676534715,0.0001620771630145377,3.639666209191293e-5
268,baseline,0.0026080588136590077,0.00016229477661015404,3.702847426494016e-5
269,baseline,0.0026198783406254644,0.00016252274263665566,3.769257857527316e-5
270,baseline,0.0026320814576489735,0.00016276103618172275,3.839011056154157e-5
271,baseline,0.0026446693773591397,0.00016300963094261338,3.912226584342577e-5
272,baseline,0.0026576433126261033,0.00016326849919441207,3.9890302402904075e-5
273,baseline,0.0026710044731479304,0.00016353761175708355,4.0695542965049463e-5
274,baseline,0.0026847540619173295,0.000163816937961362,4.153937747977056e-5
275,baseline,0.0026988932715666714,0.00016410644561350396,4.242326570576029e-5
276,baseline,0.0027134232805905117,0.0001644061009589358,4.3348739897750536e-5
277,baseline,0.0027283452494448347,0.0001647158686448294,4.431740759798262e-5
278,baseline,0.002743660316522415,0.00016503571168164047,4.53309545325859e-5
279,baseline,0.0027593695940037544,0.00016536559140364318,4.639114761330485e-5
280,baseline,0.0027754741635832667,0.0001657054674285006,4.7499838044728855e-5
281,baseline,0.002791975072070494,0.00016605529761590834,4.8658964536861053e-5
282,baseline,0.0028088733268663056,0.00016641503802535587,4.987055662249492e-5
283,baseline,0.002826169891314219,0.00016678464287304,5.113673807847116e-5
284,baseline,0.002843865679927183,0.00016716406448798624,5.24597304494334e-5
285,baseline,0.002861961553490331,0.00016755325326741138,5.384185667220973e-5
286,baseline,0.002880458314040472,0.00016795215763138442,5.5285544798398184e-5
287,baseline,0.002899356699723303,0.00016836072397683263,5.679333181213812e-5
288,baseline,0.0029186573795295287,0.00016877889663094057,5.836786753939023e-5
289,baseline,0.0029383609479114313,0.0001692066178040006,6.001191864433725e-5
290,baseline,0.002958467919281562,0.0001696438275417661,6.172837270773658e-5
291,baseline,0.0029789787223956695,0.00017009046367736608,6.352024238121876e-5
292,baseline,0.00299989369462213,0.0001705464617828401,6.539066961061143e-5
293,baseline,0.0030212130761005486,0.00017101175512035082,6.734292992039272e-5
294,baseline,0.003042937003792531,0.00017148627459314373,6.938043675032407e-5
295,baseline,0.0030650655054278446,0.00017196994869631032,7.150674583418063e-5
296,baseline,0.0030875984933497265,0.0001724627034674266,7.372555960929714e-5
297,baseline,0.003110535758263254,0.00017296446243713452,7.604073164435705e-5
298,baseline,0.0031338769628912614,0.00017347514657973324,7.845627107148895e-5
299,baseline,0.0031576216355425064,0.00017399467426385624,8.097634700728432e-5
300,baseline,0.0031817691635973038,0.00017452296120330657,8.360529294581598e-5
301,baseline,0.0032063187869162076,0.0001750599204081252,8.634761110512929e-5
302,baseline,0.0032312695911777198,0.00017560546213596972,8.920797670696756e-5
303,baseline,0.0032566205011515044,0.00017615949384388783,9.219124216772255e-5
304,baseline,0.003282370273913937,0.00017672192014055716,9.530244117673493e-5
305,baseline,0.0033085174920133467,0.00017729264273908413,9.854679263612601e-5
306,baseline,0.003335060556592686,0.00017787156041044084,0.00010192970443433583
307,baseline,0.0033619976804778926,0.00017845856893762717,0.00010545677702344538
308,baseline,0.0033893268812406237,0.00017905356107064533,0.00010913380676821849
309,baseline,0.003417045974244568,0.00017965642648237992,0.000112966789032582
310,baseline,0.0034451525656849034,0.000180267051725467,0.0001169619209669983
311,baseline,0.0034736440456311266,0.0001808853201902534,0.00012112560395788723
312,baseline,0.00350251758108375,0.00018151111206393032,0.00012546444569789996
313,baseline,0.0035317701090559965,0.00018214430429094462,0.00012998526183350304
314,baseline,0.0035613983296920266,0.00018278477053477627,0.00013469507714395528
315,baseline,0.0035913986994336937,0.00018343238114118415,0.00013960112620339408
316,baseline,0.003621767424248318,0.0001840870031030151,0.00014471085347542503
317,baseline,0.003652500452930431,0.00018474850002667644,0.0001500319127872982
318,baseline,0.003683593470490839,0.00018541673210037006,0.00015557216612853335
319,baseline,0.0037150418916468727,0.00018609155606418842,0.00016133968171670163
320,baseline,0.003746840854428008,0.00018677282518217469,0.0001673427312710319
321,baseline,0.003778985213911597,0.00018746038921644453,0.00017358978643260863
322,baseline,0.0038114695361036923,0.00018815409440347514,0.00018008951426817612
323,baseline,0.0038442880919804263,0.0001888537834326558,0.0001868507717930176
324,baseline,0.0038774348517057427,0.0001895592954272107,0.00019388259944705258
325,baseline,0.003910903479041548,0.0001902704659275832,0.00020119421345720048
326,baseline,0.003944687325966778,0.0001909871268773938,0.00020879499701831282
327,baseline,0.003978779427522013,0.0001917091066120612,0.00021669449022448603
328,baseline,0.004013172496896657,0.00019243622985019417,0.00022490237868249427
329,baseline,0.004047858920775832,0.00019316831768784388,0.00023342848073940208
330,baseline,0.0040828307549643245,0.00019390518759572196,0.0002422827332571528
331,baseline,0.0041180797203051655,0.00019464665341947554,0.0002514751758682005
332,baseline,0.004153597198910411,0.00019539252538311184,0.00026101593364799043
333,baseline,0.004189374230721807,0.0001961426100956704,0.00027091519814245095
334,baseline,0.004225401510419149,0.00019689671056122765,0.00028118320669158763
335,baseline,0.004261669384693938,0.0001976546261923271,0.0002918302199938528
336,baseline,0.00429816784990606,0.0001984161528269175,0.00030286649786025107
337,baseline,0.004334886550140975,0.00019918108274888578,0.00031430227311211336
338,baseline,0.0043718147756848244,0.00019994920471226403,0.0003261477235822167
339,baseline,0.004408941461934603,0.00020072030396918746,0.000338412942185491
340,baseline,0.004446255188760268,0.0002014941623016803,0.00035110790503284454
341,baseline,0.004483744180335406,0.00020227055805734147,0.0003642424375698797
342,baseline,0.004521396305452589,0.00020304926618899312,0.0003778261787312638
343,baseline,0.004559199078339217,0.00020383005829836018,0.00039186854311144327
344,baseline,0.0045971396599890834,0.0002046127026838419,0.0004063786811631818
345,baseline,0.0046352048600243525,0.00020539696439242458,0.0004213654374470248
346,baseline,0.004673381139102052,0.0002061826052757925,0.00043683730696735006
347,baseline,0.0047116546118784455,0.00020696938405068146,0.00045280238964401034
348,baseline,0.004750011050543995,0.00020775705636351312,0.0004692683429827682
349,baseline,0.004788435888940694,0.00020854537485935162,0.0004862423330227282
350,baseline,0.004826914227272831,0.00020933408925520797,0.0005037309836546579
351,baseline,0.004865430837421186,0.0002101229464177217,0.0005217403244205425
352,baseline,0.0049039701688697954,0.00021091169044523597,0.0005402757369217123
353,baseline,0.0049425163552532314,0.0002117000627542791,0.000559341899980461
354,baseline,0.004981053221531381,0.00021248780217046525,0.0005789427337180954
355,baseline,0.005019564291797434,0.00021327464502380466,0.0005990813427306904
356,baseline,0.005058032797723624,0.00021406032524843107,0.0006197599585624317
357,baseline,0.00509644168764799,0.00021484457448672187,0.0006409798816950919
358,baseline,0.005134773636304027,0.00021562712219779895,0.0006627414232908129
359,baseline,0.005173011055193878,0.000216407695770382,0.0006850438469438613
360,baseline,0.005211136103604071,0.00021718602063996108,0.0007078853107150489
361,baseline,0.0052491307002615435,0.00021796182041024833,0.0007312628097401276
362,baseline,0.0052869765356260805,0.00021873481697886056,0.0007551721197202941
363,baseline,0.005324655084813713,0.00021950473066717675,0.0007796077416188828
364,baseline,0.005362147621144226,0.00022027128035431148,0.0008045628479032219
0,medium_risk,0.0065948850828005156,0.00037569681485755964,0.002877301338002866
1,medium_risk,0.006685682059234844,0.00037860134175206003,0.003023588375881043
2,medium_risk,0.006776375800755197,0.00038149296029137375,0.0031751716091651017
3,medium_risk,0.006866880583121639,0.00038436959505338853,0.003332034152779911
4,medium_risk,0.006957108581986082,0.0003872291493601707,0.0034941379507084256
5,medium_risk,0.007046970011513013,0.0003900695080759817,0.0036614224460226417
6,medium_risk,0.007136373274341466,0.0003928885405209077,0.0038338033113028015
7,medium_risk,0.007225225122670726,0.00039568410349462643,0.004011171255815406
8,medium_risk,0.007313430830183607,0.00039845404440421004,0.004193390926314519
9,medium_risk,0.007400894374451022,0.0004011962044893186,0.004380299918641999
10,medium_risk,0.007487518629391075,0.00040390842213753887,0.004571707917409341
11,medium_risk,0.007573205567285583,0.0004065885362820968,0.004767395980927575
12,medium_risk,0.0076578564697870185,0.0004092343898736319,0.004967115988196024
13,medium_risk,0.0077413721472802954,0.0004118438334172116,0.00517059026415081
14,medium_risk,0.007823653165896912,0.00041441472856530557,0.005377511398500625
15,medium_risk,0.007904600081414656,0.00041694495175698094,0.00558754227233331
16,medium_risk,0.007984113679214297,0.0004194323978931705,0.005800316305260587
17,medium_risk,0.008062095219407185,0.0004218749840375045,0.006015437934182766
18,medium_risk,0.008138446686193549,0.0004242706531318684,0.006232483332808346
19,medium_risk,0.008213071040462596,0.000426617377715547,0.006451001378868813
20,medium_risk,0.008285872474601545,0.00042891316363660774,0.006670514873545126
21,medium_risk,0.008356756668442926,0.0004311560537439638,0.006890522014993712
22,medium_risk,0.00842563104524762,0.0004333441315484335,0.007110498125056226
23,medium_risk,0.008492405026596215,0.0004354755248410367,0.0073298976252931854
24,medium_risk,0.008556990285042924,0.00043754840925673354,0.007548156255435421
25,medium_risk,0.008619300993376055,0.0004395610117718386,0.007764693524244122
26,medium_risk,0.008679254069325515,0.0004415116141234517,0.007978915379654452
27,medium_risk,0.008736769414562764,0.00044339855613936244,0.00819021708199996
28,medium_risk,0.008791770146851076,0.0004452202389671173,0.008397986261125836
29,medium_risk,0.008844182824224648,0.0004469751281911721,0.00860160613534972
30,medium_risk,0.008893937660103284,0.0004486617568273944,0.008800458867570348
31,medium_risk,0.008940968728285837,0.0004502787281845298,0.008993929031407161
32,medium_risk,0.008985214156809255,0.0004518247185826886,0.009181407158124794
33,medium_risk,0.009026616309711346,0.00045329847991938075,0.009362293333298433
34,medium_risk,0.009065121955793523,0.00045469884207414887,0.009536000810749196
35,medium_risk,0.009100682423544849,0.00045602471514343397,0.009701959610255429
36,medium_risk,0.009133253741459313,0.00045727509149792104,0.009859620064953051
37,medium_risk,0.009162796763055411,0.0004584490476552638,0.010008456284196072
38,medium_risk,0.009189277275988277,0.0004595457459617985,0.010147969497968243
39,medium_risk,0.009212666094731098,0.0004605644360775717,0.010277691249722337
40,medium_risk,0.009232939136392325,0.00046150445625976457,0.010397186405770567
41,medium_risk,0.00925007747932765,0.0004623652344403919,0.010506055951043855
42,medium_risk,0.009264067404301463,0.00046314628909493717,0.01060393954315826
43,medium_risk,0.00927490041804859,0.000463847229899415,0.010690517799244544
44,medium_risk,0.009282573259184773,0.00046446775817417555,0.010765514292873394
45,medium_risk,0.009287087886511461,0.0004650076671136011,0.010828697241602373
46,medium_risk,0.009288451449857044,0.00046546684180167236,0.010879880869130446
47,medium_risk,0.009286676243691548,0.0004658452590142275,0.010918926429717913
48,medium_risk,0.009281779643844221,0.0004661429868095424,0.010945742886357015
49,medium_risk,0.009273784027742914,0.00046636018390968314,0.01096028723809874
50,medium_risk,0.009262716678680076,0.00046649709887586324,0.010962564495894812
51,medium_risk,0.009248609674691242,0.0004665540690818162,0.010952627310238288
52,medium_risk,0.009231499762708609,0.00046653151948992494,0.010930575257720166
53,medium_risk,0.009211428218722872,0.00046642996123558145,0.010896553797306628
54,medium_risk,0.00918844069475198,0.0004662499900259038,0.010850752910626937
55,medium_risk,0.009162587053473243,0.00046599228435959927,0.010793405443795452
56,medium_risk,0.009133921191428201,0.0004656576035753549,0.010724785171229604
57,medium_risk,0.009102500851753468,0.0004652467857366934,0.01064520460453047
58,medium_risk,0.009068387427429407,0.0004647607453617446,0.01055501257173241
59,medium_risk,0.00903164575606834,0.000464200471006852,0.010454591594080295
60,medium_risk,0.008992343907287335,0.00046356702271333595,0.01034435508893981
61,medium_risk,0.008950552963726236,0.00046286152932711514,0.010224744428480176
62,medium_risk,0.00890634679677994,0.00046208518570117475,0.010096225884387914
63,medium_risk,0.008859801838115243,0.000461239249791161,0.009959287489080378
64,medium_risk,0.008810996848036955,0.00046032503965455073,0.009814435843702491
65,medium_risk,0.008760012681755287,0.00045934393036402814,0.009662192902627393
66,medium_risk,0.008706932054588185,0.0004582973508457771,0.009503092763266443
67,medium_risk,0.00865183930710688,0.0004571867806534627,0.00933767848875546
68,medium_risk,0.008594820171203133,0.0004560137466886593,0.009166498989556182
69,medium_risk,0.008535961538020213,0.00045477981987844605,0.008990105988229899
70,medium_risk,0.00847535122865002,0.00045348661182076757,0.008809051089644639
71,medium_risk,0.008413077768453339,0.0004521357714080436,0.008623882976707162
72,medium_risk,0.008349230165812275,0.00045072898143928614,0.008435144749407342
73,medium_risk,0.008283897696072063,0.0004492679552307895,0.008243371422567326
74,medium_risk,0.008217169691374804,0.00044775443323515676,0.008049087595238447
75,medium_risk,0.00814913533703155,0.0004461901796781432,0.007852805302225586
76,medium_risk,0.008079883475020266,0.0004445769792224503,0.007655022055776254
77,medium_risk,0.008009502415138207,0.00044291663366723464,0.00745621908308263
78,medium_risk,0.00793807975427677,0.00044121095869170977,0.007256859762940464
79,medium_risk,0.0078657022042266,0.00043946178065078293,0.0070573882627144304
80,medium_risk,0.007792455428360606,0.00043767093343025104,0.0068582283746978735
81,medium_risk,0.0077184238874831125,0.0004358402553685992,0.0066597825490462845
82,medium_risk,0.007643690695074801,0.00043397158625199206,0.006462431118720831
83,medium_risk,0.007568337482106369,0.0004320667643885545,0.006266531710314662
84,medium_risk,0.0074924442715384384,0.00043012762376754644,0.006072418833256609
85,medium_risk,0.007416089362572349,0.0004281559913085411,0.005880403638697961
86,medium_risk,0.00733934922466546,0.0004261536842052163,0.0056907738383907705
87,medium_risk,0.0072622984012766624,0.000424122507367872,0.00550379377305615
88,medium_risk,0.007185009423262101,0.0004220642509682742,0.005319704619115031
89,medium_risk,0.007107552731798955,0.0004199806880899584,0.005138724722203736
90,medium_risk,0.007029996610675376,0.0004178735724866196,0.004961050045613087
91,medium_risk,0.006952407127748626,0.0004157446364507523,0.0047868547216624695
92,medium_risk,0.0068748480853404095,0.0004135955887942388,0.004616291694035569
93,medium_risk,0.006797380979308533,0.0004114281129421375,0.004449493439251136
94,medium_risk,0.006720064966507508,0.0004092438651404817,0.004286572755703861
95,medium_risk,0.006642956840327444,0.0004070444727784904,0.0041276236090753175
96,medium_risk,0.006566111013980497,0.00040483153282519415,0.0039727220233669045
97,medium_risk,0.006489579511187028,0.00040260661038008747,0.0038219270073323397
98,medium_risk,0.0064134119638998765,0.0004003712373370764,0.003675281506673121
99,medium_risk,0.006337655616693823,0.0003981269111606372,0.0035328133729923177
100,medium_risk,0.0062623553374393185,0.0003958750937727949,0.00339453634116842
101,medium_risk,0.006187553633873893,0.0003936172105492278,0.003260451007499963
102,medium_risk,0.006113290675681507,0.00039135464942253474,0.0031305458016721503
103,medium_risk,0.0060396043216895305,0.0003890887600904535,0.0030047979462995283
104,medium_risk,0.0059665301517945165,0.00038682085332658757,0.0028831743984950842
105,medium_risk,0.0058941015032312975,0.00038455220039098893,0.0027656327685980854
106,medium_risk,0.005822349510805579,0.00038228403253777124,0.002652122211854598
107,medium_risk,0.005751303150717081,0.0003800175406167592,0.0025425842894795945
108,medium_risk,0.005680989287609008,0.0003777538747660302,0.0024369537961342167
109,medium_risk,0.00561143272448947,0.00037549414419210805,0.0023351595514216946
110,medium_risk,0.005542656255181755,0.000373239417034441,0.002237125153538539
111,medium_risk,0.005474680718972451,0.0003709907203107326,0.002142769693711717
112,medium_risk,0.005407525057139469,0.0003687490399396269,0.002052008430506296
113,medium_risk,0.005341206371055821,0.0003665153208372017,0.0019647534235015373
114,medium_risk,0.005275739981579336,0.0003642904670837006,0.0018809141262059212
115,medium_risk,0.005211139489453324,0.0003620753421569155,0.0018003979384145533
116,medium_risk,0.005147416836458338,0.0003598707692286397,0.0017231107185060697
117,medium_risk,0.005084582367070446,0.00035767753152062454,0.001648957256432522
118,medium_risk,0.005022644890396935,0.00035549637271650627,0.001577841708376199
119,medium_risk,0.004961611742175725,0.00035332799742620143,0.0015096679942337974
120,medium_risk,0.004901488846640107,0.00035117307169933243,0.0014443401592431316
121,medium_risk,0.004842280778065582,0.00034903222358430064,0.0013817627011926872
122,medium_risk,0.004783990821830356,0.0003469060437296928,0.0013218408647521376
123,medium_risk,0.004726621034835741,0.0003447950860247969,0.0012644809045348347
124,medium_risk,0.004670172305146762,0.0003426998682760728,0.00120959031855356
125,medium_risk,0.004614644410727047,0.00034062087291652745,0.0011570780537606953
126,medium_risk,0.004560036077155301,0.00033855854774504337,0.0011068546853758472
127,medium_risk,0.0045063450342235165,0.00033651330669279663,0.001058832571699771
128,medium_risk,0.004453568071329074,0.0003344855306140209,0.0010129259860954679
129,medium_risk,0.004401701091584702,0.00033247556809847624,0.0009690512277873137
130,medium_risk,0.004350739164581216,0.0003304837363030884,0.0009271267130889705
131,medium_risk,0.004300676577748435,0.00032851032180034615,0.0008870730486222234
132,medium_risk,0.004251506886269475,0.00032655558144113815,0.0008488130880334413
133,medium_risk,0.004203222961512916,0.0003246197432298503,0.0008122719736533307
134,medium_risk,0.004155817037955939,0.0003227030072096273,0.0007773771644805752
135,medium_risk,0.004109280758579553,0.0003208055463558374,0.0007440584518016711
136,medium_risk,0.004063605218724488,0.0003189275074758714,0.0007122479636891437
137,medium_risk,0.004018781008403166,0.0003170690121135325,0.0006818801595489929
138,medium_risk,0.003974798253069464,0.00031523015745635243,0.000652891815816655
139,medium_risk,0.003931646652853682,0.0003134110172443106,0.0006252220038295861
140,medium_risk,0.0038893155202754785,0.0003116116426784885,0.0005988120608343912
141,medium_risk,0.0038477938164519173,0.00030983206332833244,0.0005736055550176764
142,medium_risk,0.003807070185822304,0.0003080722880362489,0.0005495482453830591
143,medium_risk,0.0037671329894150007,0.0003063323058183834,0.0005265880372321507
144,medium_risk,0.0037279703366846608,0.00030461208676049587,0.0005046749339452941
145,medium_risk,0.003689570115951321,0.0003029115829079381,0.0004837609856984852
146,medium_risk,0.0036519200234750256,0.00030123072914880366,0.0004638002356963712
147,medium_risk,0.0036150075912018704,0.00029956944408941955,0.0004447486644477333
148,medium_risk,0.0035788202132188652,0.0002979276309213889,0.00042656413255924927
149,medium_risk,0.0035433451709565513,0.00029630517827948326,0.00040920632247590157
150,medium_risk,0.003508569657179165,0.0002947019610897237,0.0003926366795518351
151,medium_risk,0.0034744807988030357,0.00029311784140706795,0.00037681835279399455
152,medium_risk,0.0034410656785842163,0.0002915526692421545,0.0003617161355822456
153,medium_risk,0.0034083113557166938,0.00029000628337661475,0.00034729640663390903
154,medium_risk,0.0033762048853824755,0.0002884785121665091,0.0003335270714476052
155,medium_risk,0.0033447333372945707,0.00028696917433347787,0.00032037750443088297
156,medium_risk,0.0033138838132735493,0.00028547807974323494,0.0003078184918882128
157,medium_risk,0.0032836434638977854,0.0002840050301710815,0.00029582217602040393
158,medium_risk,0.003253999504266639,0.00028254982005412004,0.00028436200006325715
159,medium_risk,0.0032249392289151633,0.00028111223722990925,0.0002734126546721596
160,medium_risk,0.003196450025917686,0.0002796920636612895,0.0002629500256401844
161,medium_risk,0.0031685193902167654,0.0002782890761471615,0.0002529511430200654
162,medium_risk,0.003141134936212631,0.00027690304701900376,0.00024339413170489926
163,medium_risk,0.0031142844096471,0.00027553374482292025,0.00023425816350858378
164,medium_risk,0.003087955698814544,0.00027418093498705713,0.0002255234107746572
165,medium_risk,0.0030621368451311803,0.0002728443804741985,0.0002171710015312473
166,medium_risk,0.0030368160530925147,0.00027152384241939327,0.00020918297620016623
167,medium_risk,0.0030119816996472845,0.0002702190807524572,0.00020154224585969502
168,medium_risk,0.0029876223430149447,0.0002689298548052057,0.00019423255205320265
169,medium_risk,0.002963726730972079,0.00026765592390327593,0.00018723842812929948
170,medium_risk,0.002940283808631864,0.0002663970479424072,0.00018054516209370668
171,medium_risk,0.0029172827257391127,0.00026515298794905037,0.00017413876094830654
172,medium_risk,0.0028947128435021217,0.0002639235066251722,0.00016800591648884346
173,medium_risk,0.0028725637409810875,0.0002627083688771321,0.00016213397252944463
174,medium_risk,0.0028508252210515408,0.0002615073423285195,0.0001565108935193923
175,medium_risk,0.002829487315959873,0.00026032019781681157,0.0001511252345153992
176,medium_risk,0.0028085402924868537,0.00025914670987375285,0.00014596611247091838
177,medium_risk,0.00278797465673376,0.00025798665718933207,0.00014102317880273336
178,medium_risk,0.0027677811585445585,0.00025683982305924584,0.00013628659319416453
179,medium_risk,0.00274795079557659,0.0002557059958157409,0.00013174699859362776
180,medium_risk,0.00272847481703104,0.0002545849692417354,0.00012739549736700645
181,medium_risk,0.0027093447270536398,0.00025347654296810877,0.00012322362856224159
182,medium_risk,0.002690552287815083,0.000252380522854083,0.00011922334624473053
183,medium_risk,0.0026720895222798265,0.00025129672135059175,0.00011538699886248765
184,medium_risk,0.002653948716671235,0.0002502249578465731,0.00011170730960055666
185,medium_risk,0.0026361224226403713,0.00024916505899810727,0.00010817735768481977
186,medium_risk,0.0026186034591450906,0.0002481168590403407,0.0001047905605961395
187,medium_risk,0.0026013849140456187,0.0002470802000821528,0.0001015406571566422
188,medium_risk,0.0025844601454224035,0.00024605493238352434,9.842169145090434e-5
189,medium_risk,0.0025678227826216047,0.00024504091461558734,9.542799754582197e-5
190,medium_risk,0.002551466727033318,0.00024403801410335154,9.255418497400673e-5
191,medium_risk,0.0025353861526074854,0.0002430461070511094,8.97951249466521e-5
192,medium_risk,0.0025195755061122164,0.0002420650787505569,8.714593726293196e-5
193,medium_risk,0.002504029507139261,0.00024109482377166605,8.460197788414765e-5
194,medium_risk,0.0024887431478613016,0.00024013524613637524,8.215882714197345e-5
195,medium_risk,0.0024737116925458644,0.00023918625947519189,7.981227855130267e-5
196,medium_risk,0.0024589306768307523,0.00023824778716679688,7.755832819934644e-5
197,medium_risk,0.00244439590676603,0.00023731976246080263,7.539316468375506e-5
198,medium_risk,0.0024301034576279298,0.00023640212858379637,7.331315957365794e-5
199,medium_risk,0.002416049672510207,0.00023549483882886321,7.131485836861402e-5
200,medium_risk,0.002402231160698935,0.00023459785662877854,6.93949719315335e-5
201,medium_risk,0.0023886447958369633,0.00023371115561310592,6.755036837269095e-5
202,medium_risk,0.002375287713884718,0.00023283471964944178,6.577806536296808e-5
203,medium_risk,0.0023621573108844776,0.00023196854286909954,6.40752228554659e-5
204,medium_risk,0.0023492512405356796,0.00023111262967752218,6.243913619559243e-5
205,medium_risk,0.0023365674115892045,0.00023026699474976161,6.0867229600669333e-5
206,medium_risk,0.0023241039850692338,0.00022943166301137548,5.9357049991014394e-5
207,medium_risk,0.0023118593713315864,0.00022860666960512104,5.790626115533236e-5
208,medium_risk,0.002299832226968045,0.00022779205984385312,5.6512638234096395e-5
209,medium_risk,0.0022880214515666,0.0002269878891500468,5.5174062505424655e-5
210,medium_risk,0.002276426184338095,0.0002261942229824042,5.388851645874262e-5
211,medium_risk,0.0022650458006200774,0.0002254111367500105,5.265407914229149e-5
212,medium_risk,0.0022538799082693086,0.00022463871571453702,5.146892177126575e-5
213,medium_risk,0.00224292834395459,0.00022387705488100264,5.033130358408452e-5
214,medium_risk,0.002232191169362137,0.00022312625887762797,4.923956793496991e-5
215,medium_risk,0.0022216686673259926,0.0002223864418253228,4.819213861167133e-5
216,medium_risk,0.002211361337896325,0.00022165772719738566,4.7187516367802616e-5
217,medium_risk,0.0022012698943587737,0.00022094024766997522,4.6224275659867176e-5
218,medium_risk,0.0021913952592182142,0.00022023414496395515,4.530106157963963e-5
219,medium_risk,0.0021817385601605745,0.00021953956967870822,4.4416586973134584e-5
220,medium_risk,0.0021723011260064125,0.00021885668111852786,4.356962973794202e-5
221,medium_risk,0.0021630844826701526,0.00021818564711219453,4.275903029124006e-5
222,medium_risk,0.0021540903491389174,0.00021752664382636622,4.198368920130808e-5
223,medium_risk,0.0021453206334848705,0.00021687985557338884,4.124256497585631e-5
224,medium_risk,0.0021367774289249675,0.00021624547461415538,4.053467200097705e-5
225,medium_risk,0.002128463009941929,0.00021562370095662574,3.985907862498539e-5
226,medium_risk,0.0021203798284800653,0.00021501474215061936,3.921490538187774e-5
227,medium_risk,0.0021125305102294117,0.00021441881307948448,3.8601323349581e-5
228,medium_risk,0.0021049178510113486,0.00021383613574924351,3.801755263860457e-5
229,medium_risk,0.0020975448132786187,0.00021326693907579376,3.746286100713176e-5
230,medium_risk,0.002090414522742247,0.00021271145867073673,3.6936562599013404e-5
231,medium_risk,0.002083530265137481,0.000212169936626395,3.643801680153877e-5
232,medium_risk,0.0020768954831404595,0.00021164262130054845,3.596662722027355e-5
233,medium_risk,0.002070513773446741,0.000211129767101411,3.5521840768662246e-5
234,medium_risk,0.0020643888840223426,0.0002106316342733485,3.510314687050043e-5
235,medium_risk,0.002058524711537348,0.00021014848868380518,3.471007677378998e-5
236,medium_risk,0.0020529252989914784,0.0002096806016118924,3.434220297489919e-5
237,medium_risk,0.0020475948335404543,0.0002092282495390581,3.399913875236246e-5
238,medium_risk,0.0020425376445311737,0.00020879171394223617,3.3680537810069695e-5
239,medium_risk,0.002037758201753091,0.00020837128108982977,3.338609403002018e-5
240,medium_risk,0.002033261113912422,0.00020796724184087392,3.311554133524465e-5
241,medium_risk,0.002029051127334977,0.00020757989144766826,3.286865366394032e-5
242,medium_risk,0.002025133124902674,0.00020720952936214903,3.264524505631674e-5
243,medium_risk,0.002021512125227961,0.00020685645904623448,3.244516985611315e-5
244,medium_risk,0.002018193282069482,0.0002065209877863414,3.226832302923119e-5
245,medium_risk,0.0020151818839915614,0.0002062034265122262,3.2114640602423705e-5
246,medium_risk,0.0020124833542691243,0.0002059040896202815,3.198410022549825e-5
247,medium_risk,0.0020101032510388204,0.00020562329480137295,3.18767218610357e-5
248,medium_risk,0.0020080472676962564,0.00020536136287325614,3.179256860618657e-5
249,medium_risk,0.0020063212335382948,0.00020511861761759437,3.173174765170111e-5
250,medium_risk,0.0020049311146484784,0.00020489538562153963,3.169441138397153e-5
251,medium_risk,0.002003883015022742,0.00020469199612380896,3.1680758636516415e-5
252,medium_risk,0.0020031831779316325,0.00020450878086515734,3.169103609803016e-5
253,medium_risk,0.0020028379875143216,0.00020434607394308998,3.1725539884848164e-5
254,medium_risk,0.0020028539705987704,0.00020420421167063858,3.178461728644949e-5
255,medium_risk,0.002003237798741461,0.00020408353243897497,3.1868668693436934e-5
256,medium_risk,0.0020039962904791595,0.00020398437658360603,3.197814971829883e-5
257,medium_risk,0.0020051364137842077,0.00020390708625384383,3.211357352017939e-5
258,medium_risk,0.0020066652887138978,0.00020385200528523208,3.2275513345860346e-5
259,medium_risk,0.0020085901902435,0.00020381947907453899,3.246460530019458e-5
260,medium_risk,0.0020109185512714985,0.0002038098544569293,3.2681551360339676e-5
261,medium_risk,0.002013657965784678,0.0002038234795848613,3.292712264931351e-5
262,medium_risk,0.0020168161921695895,0.00020386070380824233,3.320216298564602e-5
263,medium_risk,0.002020401156655967,0.00020392187755533287,3.3507592727232336e-5
264,medium_risk,0.0020244209568766273,0.00020400735221386135,3.384441292891078e-5
265,medium_risk,0.002028883865527265,0.00020411748001177634,3.421370983479799e-5
266,medium_risk,0.0020337983341085306,0.00020425261389704416,3.461665972801577e-5
267,medium_risk,0.002039172996731651,0.00020441310741585458,3.50545341621545e-5
268,medium_risk,0.0020450166739676865,0.00020459931458858942,3.552870560062824e-5
269,medium_risk,0.002051338376719415,0.00020481158978286258,3.6040653492007395e-5
270,medium_risk,0.002058147310093559,0.00020505028758293535,3.6591970811457715e-5
271,medium_risk,0.0020654528772499443,0.00020531576265477,3.718437110058513e-5
272,medium_risk,0.0020732646832027817,0.00020560836960597855,3.7819696040286895e-5
273,medium_risk,0.002081592538548102,0.00020592846283988846,3.8499923593640835e-5
274,medium_risk,0.0020904464630899207,0.00020627639640294227,3.922717675844018e-5
275,medium_risk,0.0020998366893363782,0.0002066525238246208,4.000373297169782e-5
276,medium_risk,0.0021097736658356775,0.00020705719794906777,4.083203421130918e-5
277,medium_risk,0.002120268060320141,0.00020749077075758873,4.1714697843076904e-5
278,medium_risk,0.0021313307626252367,0.00020795359318116562,4.2654528264471455e-5
279,medium_risk,0.0021429728873488436,0.00020844601490214003,4.365452939982156e-5
280,medium_risk,0.0021552057762144164,0.00020896838414420217,4.471791810510513e-5
281,medium_risk,0.0021680410001001164,0.00020952104744980917,4.584813854413982e-5
282,medium_risk,0.002181490360694247,0.00021010434944416845,4.704887760174583e-5
283,medium_risk,0.0021955658917356493,0.00021071863258491147,4.832408140337605e-5
284,medium_risk,0.0022102798597959487,0.00021136423689658331,4.967797301475541e-5
285,medium_risk,0.0022256447645587316,0.000212041499689088,5.111507139925099e-5
286,medium_risk,0.002241673338549043,0.00021275075525922324,5.264021171497445e-5
287,medium_risk,0.0022583785462645754,0.00021349233457446172,5.4258567037992374e-5
288,medium_risk,0.002275773582658294,0.00021426656493813218,5.59756716024572e-5
289,medium_risk,0.002293871870920245,0.00021507376963518943,5.779744565295182e-5
290,medium_risk,0.0023126870595045457,0.000215914267557766,5.973022200881854e-5
291,medium_risk,0.002332233018345703,0.00021678837280972183,6.178077444469672e-5
292,medium_risk,0.002352523834206614,0.00021769639428944509,6.39563479958528e-5
293,medium_risk,0.0023735738050988885,0.0002186386352501772,6.6264691301119e-5
294,medium_risk,0.002395397433714389,0.00021961539283717053,6.871409110028452e-5
295,medium_risk,0.0024180094198052783,0.00022062695760102406,7.131340900653354e-5
296,medium_risk,0.002441424651448386,0.0002216736129865931,7.407212067792653e-5
297,medium_risk,0.002465658195128161,0.00022275563479690104,7.700035751485796e-5
298,medium_risk,0.0024907252845713388,0.00022387329063153886,8.010895101280811e-5
299,medium_risk,0.0025166413082651296,0.00022502683929910347,8.340947990140399e-5
300,medium_risk,0.00254342179558996,0.0002262165302032605,8.691432020167517e-5
301,medium_risk,0.0025710824014968364,0.00022744260270211509,9.063669833330036e-5
302,medium_risk,0.002599638889659018,0.00022870528544061648,9.459074740239747e-5
303,medium_risk,0.0026291071140273283,0.0002300047956558157,9.879156679783445e-5
304,medium_risk,0.0026595029987184176,0.00023134133845486787,0.00010325528521994437
305,medium_risk,0.0026908425161657045,0.00023271510606576632,0.00010799912725963891
306,medium_risk,0.0027231416634632463,0.00023412627706087143,0.00011304148363805844
307,medium_risk,0.0027564164368340826,0.00023557501555342218,0.00011840198520672403
308,medium_risk,0.0027906828041557577,0.0002370614703672902,0.00012410158079545703
309,medium_risk,0.0028259566754780347,0.00023858577418037595,0.00013016261897973438
310,medium_risk,0.0028622538714698966,0.00024014804264213806,0.00013660893382036495
311,medium_risk,0.0028995900897361673,0.0002417483734658907,0.00014346593460605117
312,medium_risk,0.0029379808689474563,0.00024338684549660402,0.00015076069960313332
313,medium_risk,0.0029774415507313736,0.00024506351775510497,0.00015852207378629977
314,medium_risk,0.003017987239277658,0.0002467784284596947,0.00016678077048880435
315,medium_risk,0.0030596327586153876,0.00024853159402634143,0.00017556947687041977
316,medium_risk,0.0031023926075266924,0.00025032300804877535,0.00018492296305553936
317,medium_risk,0.00314628091206812,0.0002521526402599425,0.00019487819474209804
318,medium_risk,0.003191311375678738,0.00025402043547644607,0.0002054744490239577
319,medium_risk,0.0032374972268625025,0.0002559263125277713,0.00021675343310464408
320,medium_risk,0.003284851164441707,0.000257870163172234,0.0002287594055085079
321,medium_risk,0.003333385300388691,0.0002598518510017925,0.00024153929931619683
322,medium_risk,0.003383111100253967,0.00026187121033800613,0.0002551428468643822
323,medium_risk,0.0034340393212209737,0.00026392804512162245,0.00026962270525491384
324,medium_risk,0.0034861799478305353,0.0002660221277984336,0.00028503458191564814
325,medium_risk,0.0035395421254318256,0.00026815319820422927,0.0003014373593441589
326,medium_risk,0.003594134091431429,0.00027032096245184197,0.000318893218046396
327,medium_risk,0.0036499631044275113,0.00027252509182347626,0.0003374677565552351
328,medium_risk,0.0037070353713325134,0.00027476522167165,0.0003572301072790705
329,medium_risk,0.0037653559726051806,0.00027704095033229896,0.00037825304678869726
330,medium_risk,0.0038249287857304126,0.0002793518380537186,0.0004006130990021542
331,medium_risk,0.0038857564071045295,0.00028169740594519973,0.00042439062957308845
332,medium_risk,0.003947840072502642,0.00028407713494938265,0.0004496699296293772
333,medium_risk,0.004011179576324903,0.0002864904648424854,0.00047653928684670996
334,medium_risk,0.004075773189839088,0.0002889367932667135,0.0005050910416781934
335,medium_risk,0.004141617578657457,0.0002914154747992928,0.0005354216263975613
336,medium_risk,0.004208707719707603,0.00029392582006268806,0.0005676315844526453
337,medium_risk,0.004277036817977831,0.0002964670948806775,0.000601825567469781
338,medium_risk,0.004346596223339448,0.000299038519485055,0.0006381123071016533
339,medium_risk,0.004417375347769462,0.00030163926777780387,0.0006766045587740681
340,medium_risk,0.004489361583318269,0.0003042684666536727,0.0007174190142644916
341,medium_risk,0.004562540221187632,0.0003069251953880976,0.0007606761799411493
342,medium_risk,0.004636894372304082,0.0003096084850954834,0.0008065002174098316
343,medium_risk,0.004712404889792111,0.0003123173182628419,0.0008550187432608742
344,medium_risk,0.004789050293769864,0.0003150506283637675,0.0009063625845859287
345,medium_risk,0.004866806698906545,0.0003178072995577244,0.0009606654869474433
346,medium_risk,0.004945647745196709,0.00032058616647953045,0.0010180637715389194
347,medium_risk,0.005025544532420084,0.0003233860141238576,0.0010786959383754424
348,medium_risk,0.005106465558767444,0.0003262055778294533,0.0011427022125070263
349,medium_risk,0.005188376664123143,0.0003290435433676511,0.0012102240304569596
350,medium_risk,0.00527124097850189,0.00033189854713958213,0.0012814034643578228
351,medium_risk,0.005355018876142436,0.0003347691764862964,0.00135638258159409
352,medium_risk,0.0054396679357627655,0.0003376539701157905,0.0014353027381653928
353,medium_risk,0.005525142907480277,0.0003405514186506921,0.0015183038044622559
354,medium_risk,0.005611395686896355,0.0003434599653000644,0.0016055233226986603
355,medium_risk,0.005698375296836826,0.0003463780066584977,0.001697095595874269
356,medium_risk,0.00578602787722885,0.00034930389363530364,0.001793150708844459
357,medium_risk,0.005874296683579546,0.00035223593251628804,0.0018938134828569285
358,medium_risk,0.005963122094502883,0.00035517238616015735,0.0019992023657673936
359,medium_risk,0.006052441628718735,0.0003581114753312194,0.0021094282610701945
360,medium_risk,0.00614218997192084,0.00036105138016957343,0.0022245932998659385
361,medium_risk,0.0062322990138797395,0.0003639902417995318,0.0023447895609314162
362,medium_risk,0.006322697896111631,0.00036692616407651345,0.0024700977451464316
363,medium_risk,0.006413313070405048,0.00036985721547212947,0.0026005858116574378
364,medium_risk,0.006504068368454138,0.00037278143109666014,0.0027363075843057603
0,high_risk,0.008055010829881904,0.0005676270194373028,0.007480636841111042
1,high_risk,0.008221899063177888,0.0005744650777000027,0.008010031554551801
2,high_risk,0.008389656740860223,0.0005812955567803978,0.008568458706529263
3,high_risk,0.008558094892978776,0.0005881124295546061,0.009156487610286335
4,high_risk,0.008727015858722292,0.0005949095349701305,0.009774578065300327
5,high_risk,0.008896213569496448,0.0006016805873572284,0.010423066446734085
6,high_risk,0.009065473883342376,0.000608419186443064,0.011102151669565529
7,high_risk,0.009234574971235972,0.000615118828053454,0.011811881193705381
8,high_risk,0.009403287755452119,0.000621772915482907,0.012552137253418933
9,high_risk,0.009571376399801903,0.0006283747715094701,0.013322623509831922
10,high_risk,0.009738598851155675,0.0006349176510267272,0.014122852338716494
11,high_risk,0.009904707431255294,0.00064139475426111,0.014952132976606731
12,high_risk,0.01006944947739811,0.0006477992405385754,0.015809560756076552
13,high_risk,0.0102325680301469,0.0006541242425606394,0.016694007665241192
14,high_risk,0.010393802565788758,0.0006603628811458494,0.017604114466769686
15,high_risk,0.010552889770836302,0.0006665082803889835,0.018538284607527974
16,high_risk,0.010709564355440654,0.0006725535831866709,0.019494680141090938
17,high_risk,0.010863559902173612,0.0006784919670747439,0.020471219871532966
18,high_risk,0.011014609746239225,0.0006843166603195006,0.021465579908006113
19,high_risk,0.011162447882800419,0.0006900209582022014,0.0224751967956247
20,high_risk,0.011306809896755352,0.0006955982394335785,0.023497273359217568
21,high_risk,0.011447433909980459,0.0007010419826329375,0.02452878736282741
22,high_risk,0.011584061540772366,0.0007063457828045806,0.025566503049826987
23,high_risk,0.011716438869977018,0.0007115033677428524,0.02660698558670532
24,high_risk,0.011844317408093302,0.0007165086142960288,0.02764661838862279
25,high_risk,0.011967455057484517,0.0007213555644187023,0.02868162325752208
26,high_risk,0.01208561706372711,0.0007260384409420945,0.02970808321481486
27,high_risk,0.01219857695007427,0.0007305516629920407,0.03072196786142921
28,high_risk,0.012306117429014937,0.0007348898609850926,0.03171916104935856
29,high_risk,0.012408031284966507,0.0007390478911344086,0.03269549060190399
30,high_risk,0.012504122222254083,0.0007430208493987132,0.03364675977566151
31,high_risk,0.012594205672698883,0.0007468040848097551,0.03456878011707405
32,high_risk,0.01267810955736324,0.0007503932121161882,0.03545740533109508
33,high_risk,0.012755674997278383,0.0007537841236848113,0.036308565750161156
34,high_risk,0.012826756968310149,0.0007569730006034626,0.037118302969104025
35,high_risk,0.012891224895695387,0.0007599563229336332,0.037882804196556104
36,high_risk,0.012948963184203814,0.0007627308790650096,0.03859843586637355
37,high_risk,0.012999871680342171,0.0007652937741285957,0.03926177605397035
38,high_risk,0.01304386606351505,0.0007676424374298414,0.03986964525239218
39,high_risk,0.013080878163584594,0.000769774628868226,0.04041913508140582
40,high_risk,0.013110856202823777,0.0007716884443150043,0.040907634529575576
41,high_risk,0.01313376496082868,0.0007733823199262406,0.04133285336376983
42,high_risk,0.0131495858615385,0.0007748550353738795,0.041692842382116894
43,high_risk,0.013158316982101828,0.0007761057159832403,0.04198601023425836
44,high_risk,0.013159972983915929,0.0007771338337711074,0.042211136585817884
45,high_risk,0.013154584966748786,0.0007779392073843231,0.04236738146117578
46,high_risk,0.013142200247422502,0.0007785220009445284,0.04245429065867494
47,high_risk,0.013122882065087143,0.0007788827218103432,0.04247179719397945
48,high_risk,0.013096709215639936,0.0007790222172738338,0.04242021878913673
49,high_risk,0.013063775618340165,0.0007789416702134652,0.042300251485638235
50,high_risk,0.013024189818131636,0.0007786425937309652,0.042112959518164746
51,high_risk,0.012978074427605577,0.0007781268248044373,0.04185976164054242
52,high_risk,0.012925565512916523,0.000777396516994776,0.04154241414565928
53,high_risk,0.012866811928295923,0.0007764541322468027,0.04116299086574355
54,high_risk,0.012801974604092638,0.0007753024318306196,0.0407238604777169
55,high_risk,0.012731225793503421,0.0007739444664723545,0.0402276614696965
56,high_risk,0.012654748283338214,0.0007723835657268458,0.03967727514871308
57,high_risk,0.01257273457429519,0.0007706233266477091,0.039075797086110774
58,high_risk,0.012485386036298536,0.0007686676018128032,0.038426507405859
59,high_risk,0.012392912044478536,0.0007665204867652082,0.03773284032227846
60,high_risk,0.012295529101350062,0.0007641863069315395,0.03699835332777483
61,high_risk,0.012193459950674857,0.0007616696040806973,0.0362266964185474
62,high_risk,0.012086932688375934,0.000758975122386993,0.03542158172749198
63,high_risk,0.011976179875713311,0.0007561077941620478,0.03458675390935081
64,high_risk,0.011861437659731185,0.0007530727253198793,0.03372596159436668
65,high_risk,0.011742944905752985,0.0007498751806392195,0.03284293019411862
66,high_risk,0.011620942346433745,0.0007465205688863616,0.03194133630773329
67,high_risk,0.011495671751585675,0.0007430144278607287,0.031024783939164594
68,high_risk,0.011367375122675338,0.0007393624094238851,0.030096782697586397
69,high_risk,0.011236293915553934,0.0007355702645709447,0.029160728113983795
70,high_risk,0.011102668294630977,0.0007316438286012491,0.028219884168536817
71,high_risk,0.010966736421339109,0.000727589006442844,0.027277368086076222
72,high_risk,0.010828733779369736,0.0007234117581827013,0.026336137421381477
73,high_risk,0.010688892538787425,0.0007191180848518019,0.025398979422922085
74,high_risk,0.010547440960762376,0.0007147140145112419,0.024468502633254972
75,high_risk,0.010404602844294397,0.0007102055886823323,0.023547130657023425
76,high_risk,0.010260597015946697,0.0007055988491604133,0.022637098003602182
77,high_risk,0.010115636863261687,0.000700899825248712,0.021740447891044203
78,high_risk,0.009969929912200477,0.0006961145214451133,0.020859031881171188
79,high_risk,0.00982367744863281,0.0006912489056112442,0.01999451120238809
80,high_risk,0.009677074183607777,0.0006863088976497215,0.019148359606996228
81,high_risk,0.00953030796185936,0.000681300358711946,0.01832186760327766
82,high_risk,0.009383559512745955,0.000676229080955331,0.017516147899208603
83,high_risk,0.009237002242590497,0.0006711007778654232,0.016732141894087203
84,high_risk,0.009090802067178494,0.0006659210751550712,0.01597062705634321
85,high_risk,0.00894511728298528,0.000660695502249508,0.015232225030032158
86,high_risk,0.008800098475541657,0.0006554294843630877,0.014517410318688867
87,high_risk,0.008655888463208023,0.0006501283351704243,0.013826519403004193
88,high_risk,0.008512622274511548,0.0006447972500717786,0.013159760157881667
89,high_risk,0.008370427157107365,0.0006394413000498598,0.012517221444523687
90,high_risk,0.008229422616352806,0.000634065426112617,0.011898882764001284
91,high_risk,0.008089720481432765,0.0006286744343142327,0.01130462387001446
92,high_risk,0.007951424996942326,0.0006232729913443161,0.010734234250005331
93,high_risk,0.007814632937819256,0.0006178656206732617,0.010187422395231927
94,high_risk,0.0076794337455226205,0.0006124566992398949,0.00966382479165493
95,high_risk,0.007545909683372399,0.0006070504546658543,0.009163014574373438
96,high_risk,0.007414136008998364,0.0006016509629797008,0.008684509798737295
97,high_risk,0.007284181161891966,0.0005962621468324195,0.008227781291053657
98,high_risk,0.007156106964111875,0.0005908877741848879,0.007792260050915871
99,high_risk,0.007029968832260663,0.0005855314574469093,0.007377344185554036
100,high_risk,0.006905815998924766,0.0005801966530466644,0.006982405364203308
101,high_risk,0.006783691741852073,0.0005748866614087917,0.006606794787290702
102,high_risk,0.006663633619229148,0.0005696046273188714,0.006249848671252428
103,high_risk,0.006545673709511692,0.000564353540651765,0.005910893255026846
104,high_risk,0.006429838854357814,0.0005591362374410972,0.00558924933874612
105,high_risk,0.006316150903310497,0.0005539554012671304,0.005284236368909704
106,high_risk,0.006204626958974574,0.0005488135649403698,0.004995176087406086
107,high_risk,0.006095279621532329,0.0005437131124584108,0.004721395764203719
108,high_risk,0.0059881172315399255,0.0005386562812138975,0.004462231035410705
109,high_risk,0.0058831441100437604,0.0005336451644317842,0.004217028369757193
110,high_risk,0.005780360795150911,0.0005286817138146462,0.003985147187441749
111,high_risk,0.005679764274279764,0.0005237677423752969,0.0037659616557553692
112,high_risk,0.005581348211406411,0.0005189049274366133,0.003558862186008204
113,high_risk,0.005485103168708003,0.0005140948137791655,0.003363256656085254
114,high_risk,0.005391016822086246,0.0005093388169179631,0.0031785713824958703
115,high_risk,0.0052990741701318565,0.0005046382264904263,0.0030042518651032433
116,high_risk,0.005209257736164689,0.0004999942097384894,0.002839763326865134
117,high_risk,0.0051215477630528645,0.0004954078150685979,0.002684591069924317
118,high_risk,0.005035922400579475,0.0004908799756742029,0.002538240668289675
119,high_risk,0.004952357885184739,0.0004864115132062432,0.0024002380161779343
120,high_risk,0.004870828711967831,0.00048200314147798184,0.00227012924986746
121,high_risk,0.0047913077988827844,0.00047765547019144205,0.0021474805596729267
122,high_risk,0.004713766643110243,0.00047336900867356476,0.002031877907402878
123,high_risk,0.004638175469628602,0.00046914416961109433,0.0019229266634275524
124,high_risk,0.004564503372046486,0.0004649812727740353,0.0018202511762762947
125,high_risk,0.00449271844579264,0.0004608805487183813,0.0017234942865129454
126,high_risk,0.004422787913789536,0.0004568421424596295,0.0016323167955133479
127,high_risk,0.00435467824476367,0.00045286611710939565,0.001546396898697698
128,high_risk,0.004288355264368834,0.0004489524574682192,0.0014654295917573262
129,high_risk,0.004223784259318432,0.00044510107356838646,0.0013891260574634306
130,high_risk,0.004160930074739979,0.00044131180416132754,0.0013172130397565863
131,high_risk,0.004099757204978868,0.00043758442014481155,0.00124943221099093
132,high_risk,0.004040229878090022,0.00043391862792583404,0.0011855395374457164
133,high_risk,0.003982312134264915,0.0004303140727156871,0.0011253046475181174
134,high_risk,0.0039259678984484726,0.0004267703417543148,0.0010685102063732132
135,high_risk,0.003871161047404752,0.0004232869674615774,0.0010149513002475246
136,high_risk,0.0038178554714934916,0.000419863430513584,0.0009644348330787355
137,high_risk,0.0037660151314206454,0.00041649916284272555,0.0009167789376634103
138,high_risk,0.003715604110225778,0.0004131935505604799,0.0008718124031232629
139,high_risk,0.0036665866607675335,0.0004099459368024813,0.0008293741200859436
140,high_risk,0.003618927248965574,0.00040675562449572625,0.000789312544654662
141,high_risk,0.003572590593053405,0.000403621879048109,0.0007514851819493478
142,high_risk,0.0035275416990918403,0.00040054393096082634,0.0007157580897470251
143,high_risk,0.0034837458929870254,0.00039752097836444204,0.0006820054025275217
144,high_risk,0.0034411688492508663,0.00039455218947966395,0.0006501088760396497
145,high_risk,0.0033997766167345868,0.0003916367050041044,0.000619957452339525
146,high_risk,0.003359535641558936,0.00038877364042648645,0.0005914468451141847
147,high_risk,0.0033204127874566823,0.0003859620882699184,0.000564479144987425
148,high_risk,0.0032823753537348874,0.00038320112026599807,0.0005389624444085097
149,high_risk,0.0032453910910561893,0.00038048978946162186,0.0005148104816458358
150,high_risk,0.0032094282152296248,0.0003778271322604572,0.0004919423033447483
151,high_risk,0.0031744554191928615,0.0003752121704011103,0.0004702819450595694
152,high_risk,0.0031404418833589085,0.00037264391287405155,0.00044975812913290416
153,high_risk,0.00310735728449147,0.00037012135777939737,0.00043030397926870876
154,high_risk,0.0030751718032642904,0.00036764349412764865,0.00041185675112820607
155,high_risk,0.0030438561306509295,0.0003652093035854647,0.00039435757826806106
156,high_risk,0.003013381473282653,0.0003628177621685315,0.0003777512327372917
157,high_risk,0.0029837195579033504,0.0003604678418835392,0.00036198589965204714
158,high_risk,0.0029548426350418074,0.00035815851232121266,0.0003470129650747839
159,high_risk,0.002926723482013088,0.0003558887422022851,0.0003327868165357016
160,high_risk,0.0028993354053524507,0.00035365750087820713,0.0003192646555488031
161,high_risk,0.00287265224277691,0.0003514637597882988,0.00030640632149205434
162,high_risk,0.0028466483647615845,0.0003493064938749523,0.00029417412624023487
163,high_risk,0.0028212986758098697,0.0003471846829583722,0.0002825326989597483
164,high_risk,0.002796578615488921,0.00034509731307223827,0.00027144884049646635
165,high_risk,0.002772464159294288,0.0003430433777615449,0.00026089138681027865
166,high_risk,0.0027489318194001402,0.0003410218793437447,0.00025083108093307526
167,high_risk,0.00272595864534447,0.00033903183013420205,0.00024124045295017695
168,high_risk,0.0027035222246916306,0.0003370722536368249,0.00023209370752850806
169,high_risk,0.0026816006837079047,0.00033514218570060856,0.00022336661853790675
170,high_risk,0.002660172688079214,0.0003332406756427061,0.00021503643033472463
171,high_risk,0.0026392174436939797,0.0003313667873384844,0.00020708176529918288
172,high_risk,0.0026187146975079284,0.000329519600278931,0.00019948253723969044
173,high_risk,0.002598644738502079,0.0003276982105956085,0.00019221987029846368
174,high_risk,0.002578988398739523,0.0003259017320532698,0.00018527602301319444
175,high_risk,0.002559727054521461,0.00032412929701010383,0.00017863431720919958
176,high_risk,0.0025408426276380264,0.00032238005734548636,0.0001722790714154128
177,high_risk,0.0025223175867047968,0.0003206531853549874,0.0001661955385156896
178,high_risk,0.002504134948571549,0.00031894787461231197,0.00016036984736423148
179,high_risk,0.0024862782797858765,0.00031726334079773837,0.00015478894811046418
180,high_risk,0.002468731698090575,0.00031559882249255166,0.00014944056099442182
181,high_risk,0.0024514798739303455,0.00031395358193889145,0.00014431312838863734
182,high_risk,0.002434508031940503,0.00031232690576437467,0.00013939576987671007
183,high_risk,0.002417801952387597,0.0003107181056707935,0.0001346782401721179
184,high_risk,0.0024013479725297653,0.00030912651908615726,0.00013015088969354295
185,high_risk,0.0023851329878626162,0.0003075515097793103,0.0001258046276249128
186,high_risk,0.0023691444532150867,0.00030599246843634326,0.00012163088729967086
187,high_risk,0.002353370383658486,0.0003044488131979951,0.00011762159375937204
188,high_risk,0.002337799355191279,0.00030291999015726436,0.00011376913334669705
189,high_risk,0.002322420505161852,0.0003014054738164458,0.00011006632520233984
190,high_risk,0.0023072235323914688,0.0002999047675028564,0.0001065063945440055
191,high_risk,0.0022921986969601646,0.0002984174037425136,0.00010308294761398577
192,high_risk,0.0022773368196190745,0.00029694294459113346,9.978994818947205e-5
193,high_risk,0.0022626292807939,0.00029548098192181993,9.662169555696877e-5
194,high_risk,0.0022480680191457867,0.00029403113766892557,9.357280385887037e-5
195,high_risk,0.002233645529657712,0.00029259306402762376,9.063818272654017e-5
196,high_risk,0.002219354861216823,0.0002911664436088312,8.781301912004887e-5
197,high_risk,0.0022051896136655535,0.0002897509895492124,8.509276030016464e-5
198,high_risk,0.002191143934297351,0.00028834644557610643,8.247309786323274e-5
199,high_risk,0.002177212513775784,0.0002869525860273336,7.994995277425579e-5
200,high_risk,0.002163390581459294,0.00028556921582595005,7.751946133784823e-5
201,high_risk,0.002149673900117301,0.00028419617041015687,7.517796205075444e-5
202,high_risk,0.002136058760027253,0.0002828333156186973,7.292198328336046e-5
203,high_risk,0.0021225419724460273,0.0002814805475322039,7.074823174108546e-5
204,high_risk,0.0021091208624531973,0.0002801377922711049,6.865358165972724e-5
205,high_risk,0.0020957932611678255,0.00027880500575083576,6.663506469180718e-5
206,high_risk,0.0020825574973445944,0.00027748217339525346,6.468986044368195e-5
207,high_risk,0.002069412388359429,0.0002761693098092601,6.281528762572056e-5
208,high_risk,0.0020563572305988408,0.0002748664584118348,6.1008795780188594e-5
209,high_risk,0.002043391789271564,0.0002735736910307637,5.9267957553632205e-5
210,high_risk,0.002030516287665057,0.00027229110746051843,5.7590461482568945e-5
211,high_risk,0.0020177313958734833,0.0002710188349848631,5.5974105263135146e-5
212,high_risk,0.0020050382190276482,0.0002697570278658925,5.44167894770687e-5
213,high_risk,0.0019924382850610425,0.0002685058668013202,5.2916511748000854e-5
214,high_risk,0.0019799335320496575,0.00026726555835196843,5.1471361303521216e-5
215,high_risk,0.001967526295166455,0.0002660363343414951,5.0079513919868974e-5
216,high_risk,0.001955219293294424,0.00026481845123051183,4.8739227227404944e-5
217,high_risk,0.001943015615344873,0.0002636121894673211,4.744883635623954e-5
218,high_risk,0.0019309187063300392,0.0002624178528175985,4.620674990254376e-5
219,high_risk,0.0019189323532412662,0.00026123576767539625,4.501144619715544e-5
220,high_risk,0.0019070606707857235,0.0002600662823579249,4.3861469859128946e-5
221,high_risk,0.0018953080870362283,0.0002589097663866018,4.275542861785692e-5
222,high_risk,0.0018836793290497552,0.0002577666097569008,4.169199038833854e-5
223,high_risk,0.0018721794085111013,0.00025663722219956516,4.066988058507134e-5
224,high_risk,0.00186081360745851,0.0002555220324357602,3.9687879660918984e-5
225,high_risk,0.0018495874641482693,0.0002544214874287322,3.874482085815444e-5
226,high_risk,0.0018385067591149714,0.00025333605163455975,3.7839588159702245e-5
227,high_risk,0.001827577501483612,0.0002522662062545258,3.697111442940969e-5
228,high_risk,0.0018168059155887779,0.0002512124484916432,3.6138379730964594e-5
229,high_risk,0.0018061984279550388,0.00025017529081379855,3.534040981585787e-5
230,high_risk,0.0017957616546911154,0.0002491552602259373,3.4576274771551787e-5
231,high_risk,0.0017855023893487386,0.00024815289755364314,3.3845087821777356e-5
232,high_risk,0.0017754275912950455,0.00024716875674039764,3.314600427163635e-5
233,high_risk,0.001765544374645207,0.00024620340416071034,3.2478220590935786e-5
234,high_risk,0.0017558599977995182,0.0002452574179512355,3.18409736299291e-5
235,high_risk,0.0017463818536266414,0.0002443313873618631,3.123353996239209e-5
236,high_risk,0.00173711746033189,0.00024342591212869548,3.0655235351710265e-5
237,high_risk,0.0017280744530466217,0.00024254160187067676,3.010541433641519e-5
238,high_risk,0.0017192605761718255,0.0002416790755115348,2.958346993236788e-5
239,high_risk,0.0017106836765058986,0.00024083896072856831,2.9088833449563433e-5
240,high_risk,0.0017023516971836229,0.0002400218934296634,2.8620974422312787e-5
241,high_risk,0.001694272672450103,0.00023922851725980898,2.8179400652358237e-5
242,high_risk,0.001686454723290415,0.0002384594831382173,2.7763658365294033e-5
243,high_risk,0.0016789060539325713,0.0002377154488270323,2.7373332481499872e-5
244,high_risk,0.0016716349492383548,0.00023699707853243928,2.7008047003656358e-5
245,high_risk,0.0016646497729936162,0.00023630504253886685,2.6667465523799644e-5
246,high_risk,0.0016579589671066887,0.00023564001687680186,2.635129185379549e-5
247,high_risk,0.0016515710517207975,0.00023500268302460522,2.605927078407301e-5
248,high_risk,0.0016454946262435914,0.0002343937276445531,2.5791188976462043e-5
249,high_risk,0.001639738371294428,0.00023381384235319935,2.554687599803485e-5
250,high_risk,0.0016343110515675116,0.00023326372352598377,2.532620550396297e-5
251,high_risk,0.001629221519606748,0.00023274407213589023,2.512909657857883e-5
252,high_risk,0.0016244787204860052,0.0002322555936258016,2.495551524508365e-5
253,high_risk,0.0016200916973864562,0.00023179899781406016,2.4805476155677896e-5
254,high_risk,0.001616069598060828,0.00023137499883261036,2.467904447532061e-5
255,high_risk,0.0016124216821726911,0.0002309843150969638,2.4576337973857834e-5
256,high_risk,0.0016091573294973638,0.00023062766930708796,2.449752934291696e-5
257,high_risk,0.0016062860489695662,0.00023030578847821407,2.444284875574723e-5
258,high_risk,0.0016038174885617215,0.00023001940400040234,2.4412586690122773e-5
259,high_risk,0.001601761445975623,0.00022976925172562068,2.4407097036523113e-5
260,high_risk,0.0016001278801291584,0.0002295560720809461,2.442680051609011e-5
261,high_risk,0.0015989269234188235,0.00022938061020639843,2.4472188435344316e-5
262,high_risk,0.001598168894737992,0.00022924361611580867,2.4543826807358007e-5
263,high_risk,0.001597864313230028,0.00022914584487900976,2.4642360872044275e-5
264,high_risk,0.0015980239127547189,0.0002290880568235444,2.476852005146061e-5
265,high_risk,0.0015986586570457865,0.0002290710177539756,2.4923123379571227e-5
266,high_risk,0.001599779755536586,0.00022909549918680015,2.5107085449795882e-5
267,high_risk,0.0016013986798304992,0.00022916227859885483,2.532142292792887e-5
268,high_risk,0.0016035271807918092,0.00022927213968704186,2.5567261682679375e-5
269,high_risk,0.0016061773062321795,0.00022942587263707488,2.5845844591202776e-5
270,high_risk,0.001609361419167097,0.00022962427439888938,2.615854008261034e-5
271,high_risk,0.0016130922166157574,0.0002298681489662686,2.65068514886079e-5
272,high_risk,0.0016173827489169405,0.00023015830765813747,2.689242727717889e-5
273,high_risk,0.0016222464395323208,0.0002304955693989187,2.7317072252651452e-5
274,high_risk,0.0016276971053074143,0.00023088076099524483,2.778275981363613e-5
275,high_risk,0.0016337489771589277,0.00023131471740624776,2.8291645369258093e-5
276,high_risk,0.0016404167211556565,0.0002317982820045667,2.8846081023915287e-5
277,high_risk,0.0016477154599581869,0.00023233230682513065,2.944863165154575e-5
278,high_risk,0.0016556607945805665,0.00023291765279870292,3.0102092492174216e-5
279,high_risk,0.0016642688264347063,0.00023355518996707753,3.080950841642898e-5
280,high_risk,0.0016735561796155157,0.00023424579767676308,3.157419501786281e-5
281,high_risk,0.001683540023381851,0.00023499036474787922,3.239976170840393e-5
282,high_risk,0.001694238094784835,0.00023578978961494608,3.329013700920245e-5
283,high_risk,0.001705668721391457,0.00023664498043613041,3.4249596247662026e-5
284,high_risk,0.0017178508440471346,0.0002375568551674671,3.528279189168165e-5
285,high_risk,0.0017308040396163315,0.000238526341598471,3.6394786774214535e-5
286,high_risk,0.0017445485436353417,0.0002395543773454892,3.7591090485341706e-5
287,high_risk,0.0017591052728058072,0.0002406419097990564,3.887769923528823e-5
288,high_risk,0.0017744958472515953,0.00024178989602145095,4.0261139520365496e-5
289,high_risk,0.001790742612455166,0.00024299930259056522,4.174851595485273e-5
290,high_risk,0.0018078686607825825,0.000244271105386131,4.334756366551186e-5
291,high_risk,0.0018258978524988104,0.0002456062893142838,4.5066705681939755e-5
292,high_risk,0.0018448548361668876,0.0002470058479663657,4.691511579546702e-5
293,high_risk,0.0018647650683159289,0.00024847078320782177,4.890278740199555e-5
294,high_risk,0.001885654832253864,0.0002500021046929793,5.104060889018708e-5
295,high_risk,0.0019075512558909967,0.00025160082930144765,5.334044618594079e-5
296,high_risk,0.001930482328430367,0.0002532679804918492,5.581523311726852e-5
297,high_risk,0.001954476915770003,0.0002550045875685394,5.847907032062268e-5
298,high_risk,0.001979564774450983,0.00025681168485696196,6.134733347056103e-5
299,high_risk,0.0020057765639733727,0.00025869031078326886,6.443679167939835e-5
300,high_risk,0.0020331438572898275,0.0002606415068538424,6.776573698224221e-5
301,high_risk,0.0020616991492741054,0.00026266631653035726,7.135412589550239e-5
302,high_risk,0.002091475862948468,0.0002647657839960642,7.522373411349864e-5
303,high_risk,0.0021225083532407344,0.00026694095280902527,7.939832548802556e-5
304,high_risk,0.002154831908027973,0.0002691928644380866,8.390383651936368e-5
305,high_risk,0.0021884827462099327,0.00027152255667747837,8.876857767389056e-5
306,high_risk,0.002223498012541499,0.00027393106193603897,9.402345293264364e-5
307,high_risk,0.0022599157689392265,0.00027641940539719544,9.970219906618639e-5
308,high_risk,0.0022977749819633694,0.0002789886030460081,0.00010584164622316034
309,high_risk,0.0023371155061630094,0.00028163965955976507,0.00011248200151181361
310,high_risk,0.0023779780629586507,0.00028437356605886545,0.00011966715734432765
311,high_risk,0.002420404214723909,0.00028719129771496396,0.000127445026401337
312,high_risk,0.0024644363337158258,0.0002900938112136628,0.00013586790515669617
313,high_risk,0.0025101175654921723,0.0002930820420693706,0.00014499286797816117
314,high_risk,0.0025574917864440074,0.0002961569017903126,0.00015488219388547732
315,high_risk,0.0026066035550629738,0.00029931927489209903,0.00016560382810043974
316,high_risk,0.0026574980565555978,0.0003025700157587228,0.00017723188056026308
317,high_risk,0.0027102210404113913,0.0003059099453503503,0.00018984716358202492
318,high_risk,0.0027648187505282524,0.00030933984775783,0.00020353777085749955
319,high_risk,0.0028213378474975957,0.00031286046660444305,0.00021839969991920062
320,high_risk,0.002879825322653386,0.0003164725012960519,0.00023453752014413636
321,high_risk,0.0029403284034938103,0.0003201766031215372,0.00025206508824530635
322,high_risk,0.003002894450092289,0.00032397337120610955,0.0002711063130352049
323,high_risk,0.0030675708421261214,0.0003278633483209362,0.00029179597102296263
324,high_risk,0.0031344048561665026,0.000331847016553335,0.00031428057411883245
325,high_risk,0.003203443532893525,0.00033592479284269154,0.00033871929035763076
326,high_risk,0.0032747335339243125,0.00034009702438822525,0.0003652849181070191
327,high_risk,0.0033483209879717315,0.00034436398393570134,0.0003941649136871589
328,high_risk,0.003424251326086039,0.00034872586495123106,0.0004255624716850177
329,high_risk,0.0035025691057721173,0.00035318277669139773,0.00045969765648903643
330,high_risk,0.0035833178238212212,0.00035773473918005003,0.0004968085826872625
331,high_risk,0.0036665397177485888,0.0003623816781032809,0.0005371526409544228
332,high_risk,0.003752275555787183,0.00036712341963528276,0.0005810077648906575
333,high_risk,0.0038405644154530225,0.00037195968520899517,0.0006286737329580259
334,high_risk,0.003931443450770011,0.0003768900862466992,0.0006804734981827649
335,high_risk,0.004024947648320763,0.00038191411886695395,0.0007367545366452674
336,high_risk,0.004121109572375936,0.00038703115858554083,0.000797890203962637
337,high_risk,0.004219959099447028,0.0003922404550293244,0.0008642810869787928
338,high_risk,0.004321523142706631,0.00039754112668319834,0.0009363563357171849
339,high_risk,0.004425825366826064,0.0004029321556915102,0.0010145749583276697
340,high_risk,0.004532885893891633,0.00040841238273655445,0.0010994270592827164
341,high_risk,0.004642721001178463,0.00041398050201790066,0.001191434998466202
342,high_risk,0.004755342811683267,0.0004196350563574224,0.0012911544460728298
343,high_risk,0.004870758978444498,0.00042537443245594596,0.0013991753054279328
344,high_risk,0.004988972363809304,0.0004311968563284354,0.0015161224729836641
345,high_risk,0.0051099807149402165,0.00043710038894550053,0.0016426564018934176
346,high_risk,0.005233776336990352,0.00044308292210982244,0.001779473432767354
347,high_risk,0.00536034576551193,0.0004491421745967873,0.0019273058525306327
348,high_risk,0.005489669439798824,0.000455275688589149,0.0020869216398160108
349,high_risk,0.005621721378997661,0.0004614808264360118,0.0022591238531061205
350,high_risk,0.00575646886295231,0.00046775476776665415,0.0024447496159883822
351,high_risk,0.005893872119871915,0.00047409450698986284,0.0026446686524975063
352,high_risk,0.006033884023031295,0.000480496851209375,0.002859781324702892
353,high_risk,0.006176449798822276,0.00048695841858577,0.0030910161245631925
354,high_risk,0.006321506748574421,0.0004934756371747395,0.0033393265727355717
355,high_risk,0.006468983986650479,0.000500044744270981,0.0036056874786082674
356,high_risk,0.006618802197395065,0.0005066617862861432,0.0038910905184416002
357,high_risk,0.00677087341357158,0.0005133226191881302,0.004196539092263701
358,high_risk,0.006925100818961016,0.0005200229095277728,0.004523042425178393
359,high_risk,0.007081378577814503,0.0005267581360773574,0.004871608885094766
360,high_risk,0.007239591693848287,0.0005335235921036822,0.0052432384966530025
361,high_risk,0.007399615901442692,0.0005403143882963249,0.005638914640353587
362,high_risk,0.007561317591654588,0.0005471254563695565,0.006059594936619232
363,high_risk,0.007724553775574219,0.0005539515533538333,0.006506201326724525
364,high_risk,0.007889172087451535,0.0005607872665901136,0.006979609376174424
