t,k,m,lambda,k_const,m_const,lambda_const
0,0.005399435230304014,0.00022103418361512928,0.00040774227426885687,0.004000000000000002,0.00019999999999999985,0.00015000000000000004
1,0.005436498825114265,0.00022179315686222446,0.00041834529977944506,0.004000000000000002,0.00019999999999999985,0.00015000000000000004
2,0.0054733191608924295,0.00022254791549178042,0.0004290936151564752,0.004000000000000002,0.00019999999999999985,0.00015000000000000004
3,0.005509876851393534,0.00022329817403321758,0.0004399810295041805,0.004000000000000002,0.00019999999999999985,0.00015000000000000004
4,0.005546152385316126,0.0002240436463025218,0.0004510008569475572,0.004000000000000002,0.00019999999999999985,0.00015000000000000004
5,0.005582126143355909,0.00022478404555915607,0.0004621459115740243,0.004000000000000002,0.00019999999999999985,0.00015000000000000004
6,0.005617778415788493,0.00022551908466642736,0.00047340850380746545,0.004000000000000002,0.00019999999999999985,0.00015000000000000004
7,0.005653089420561074,0.00022624847625519337,0.00048478043830157996,0.004000000000000002,0.00019999999999999985,0.00015000000000000004
8,0.00568803932187104,0.00022697193289077252,0.0004962530134361489,0.004000000000000002,0.00019999999999999985,0.00015000000000000004
9,0.005722608249207963,0.00022768916724292298,0.0005078170224957958,0.004000000000000002,0.00019999999999999985,0.00015000000000000004
10,0.005756776316833858,0.00022839989225873942,0.0005194627566061071,0.004000000000000002,0.00019999999999999985,0.00015000000000000004
11,0.005790523643674808,0.00022910382133831757,0.0005311800094964946,0.004000000000000002,0.00019999999999999985,0.00015000000000000004
12,0.005823830373595744,0.0002298006685130248,0.0005429580841530554,0.004000000000000002,0.00019999999999999985,0.00015000000000000004
13,0.005856676696028448,0.00023049014862620842,0.0005547858014177633,0.004000000000000002,0.00019999999999999985,0.00015000000000000004
14,0.005889042866921509,0.0002311719775161688,0.0005666515105827819,0.004000000000000002,0.00019999999999999985,0.00015000000000000004
15,0.005920909229979462,0.00023184587220121625,0.0005785431020204055,0.004000000000000002,0.00019999999999999985,0.00015000000000000004
16,0.005952256238157119,0.00023251155106662074,0.0005904480218802461,0.004000000000000002,0.00019999999999999985,0.00015000000000000004
17,0.005983064475373613,0.00023316873405326662,0.0006023532888757265,0.004000000000000002,0.00019999999999999985,0.00015000000000000004
18,0.006013314678409684,0.0002338171428478077,0.0006142455131718556,0.004000000000000002,0.00019999999999999985,0.00015000000000000004
19,0.006042987758950459,0.0002344565010741227,0.0006261109173755961,0.004000000000000002,0.00019999999999999985,0.00015000000000000004
20,0.006072064825734915,0.00023508653448585346,0.0006379353596190111,0.004000000000000002,0.00019999999999999985,0.00015000000000000004
21,0.00610052720677245,0.0002357069711598164,0.0006497043587138443,0.004000000000000002,0.00019999999999999985,0.00015000000000000004
22,0.006128356471585809,0.00023631754169006774,0.0006614031213442815,0.004000000000000002,0.00019999999999999985,0.00015000000000000004
23,0.006155534453439099,0.0002369179793823888,0.0006730165712524613,0.004000000000000002,0.00019999999999999985,0.00015000000000000004
24,0.0061820432715088925,0.00023750802044897353,0.0006845293803589366,0.004000000000000002,0.00019999999999999985,0.00015000000000000004
25,0.006207865352955759,0.00023808740420307856,0.0006959260017477918,0.004000000000000002,0.00019999999999999985,0.00015000000000000004
26,0.00623298345485328,0.00023865587325340112,0.0007071907044335972,0.004000000000000002,0.00019999999999999985,0.00015000000000000004
27,0.0062573806859311295,0.00023921317369794958,0.000718307609814931,0.004000000000000002,0.00019999999999999985,0.00015000000000000004
28,0.006281040528088726,0.00023975905531715839,0.0007292607297068992,0.004000000000000002,0.00019999999999999985,0.00015000000000000004
29,0.006303946857635717,0.0002402932717660104,0.0007400340058330575,0.004000000000000002,0.00019999999999999985,0.00015000000000000004
30,0.006326083966215733,0.00024081558076491908,0.0007506113506454452,0.004000000000000002,0.00019999999999999985,0.00015000000000000004
31,0.006347436581369899,0.00024132574428911919,0.0007609766893302385,0.004000000000000002,0.00019999999999999985,0.00015000000000000004
32,0.006367989886696991,0.00024182352875632982,0.0007711140028458604,0.004000000000000002,0.00019999999999999985,0.00015000000000000004
33,0.006387729541567329,0.0002423087052124289,0.0007810073718303752,0.004000000000000002,0.00019999999999999985,0.00015000000000000004
34,0.006406641700348372,0.00024278104951490101,0.0007906410212057738,0.004000000000000002,0.00019999999999999985,0.00015000000000000004
35,0.006424713031100253,0.00024324034251380796,0.0007999993652982991,0.004000000000000002,0.00019999999999999985,0.00015000000000000004
36,0.006441930733700637,0.00024368637023003653,0.0008090670532865612,0.004000000000000002,0.00019999999999999985,0.00015000000000000004
37,0.006458282557358974,0.0002441189240305758,0.0008178290147826672,0.004000000000000002,0.00019999999999999985,0.00015000000000000004
38,0.00647375681748137,0.00024453780080059074,0.0008262705053462963,0.004000000000000002,0.00019999999999999985,0.00015000000000000004
39,0.006488342411848435,0.0002449428031120386,0.0008343771517274106,0.004000000000000002,0.00019999999999999985,0.00015000000000000004
40,0.006502028836069814,0.0002453337393886037,0.0008421349966303484,0.004000000000000002,0.00019999999999999985,0.00015000000000000004
41,0.006514806198280394,0.00024571042406670927,0.000849530542790342,0.004000000000000002,0.00019999999999999985,0.00015000000000000004
42,0.0065266652330448,0.0002460726777523796,0.0008565507961531231,0.004000000000000002,0.00019999999999999985,0.00015000000000000004
43,0.006537597314438385,0.0002464203273737248,0.000863183307949264,0.004000000000000002,0.00019999999999999985,0.00015000000000000004
44,0.006547594468274689,0.0002467532063288332,0.0008694162154572289,0.004000000000000002,0.00019999999999999985,0.00015000000000000004
45,0.006556649383451046,0.00024707115462884875,0.000875238281252846,0.004000000000000002,0.00019999999999999985,0.00015000000000000004
46,0.006564755422386139,0.00024737401903603064,0.0008806389307479971,0.004000000000000002,0.00019999999999999985,0.00015000000000000004
47,0.0065719066305250816,0.0002476616531965863,0.0008856082878277857,0.004000000000000002,0.00019999999999999985,0.00015000000000000004
48,0.006578097744889985,0.0002479339177680893,0.000890137208403236,0.004000000000000002,0.00019999999999999985,0.00015000000000000004
49,0.006583324201655785,0.0002481906805412818,0.000894217311705649,0.004000000000000002,0.00019999999999999985,0.00015000000000000004
50,0.006587582142733703,0.00024843181655609186,0.0008978410091590907,0.004000000000000002,0.00019999999999999985,0.00015000000000000004
51,0.006590868421346684,0.00024865720821167766,0.000901001530678983,0.004000000000000002,0.00019999999999999985,0.00015000000000000004
52,0.006593180606583748,0.0002488667453703497,0.0009036929482573781,0.004000000000000002,0.00019999999999999985,0.00015000000000000004
53,0.0065945169869224725,0.0002490603254551989,0.0009059101967091671,0.004000000000000002,0.00019999999999999985,0.00015000000000000004
54,0.006594876572711199,0.00024923785354128797,0.0009076490914679893,0.004000000000000002,0.00019999999999999985,0.00015000000000000004
55,0.006594259097605172,0.0002493992424402731,0.0009089063433360698,0.004000000000000002,0.00019999999999999985,0.00015000000000000004
56,0.006592665018953148,0.0002495444127783144,0.0009096795701082552,0.004000000000000002,0.00019999999999999985,0.00015000000000000004
57,0.006590095517133548,0.00024967329306716955,0.0009099673050072724,0.004000000000000002,0.00019999999999999985,0.00015000000000000004
58,0.0065865524938417954,0.0002497858197683486,0.0009097690018843985,0.004000000000000002,0.00019999999999999985,0.00015000000000000004
59,0.00658203856933283,0.00024988193735024156,0.0009090850371572432,0.004000000000000002,0.00019999999999999985,0.00015000000000000004
60,0.006576557078625345,0.00024996159833812556,0.0009079167084741092,0.004000000000000002,0.00019999999999999985,0.00015000000000000004
61,0.0065701120666767565,0.0002500247633569736,0.00090626623011219,0.004000000000000002,0.00019999999999999985,0.00015000000000000004
62,0.006562708282540333,0.00025007140116700227,0.0009041367251346507,0.004000000000000002,0.00019999999999999985,0.00015000000000000004
63,0.006554351172518185,0.0002501014886919013,0.0009015322143491902,0.004000000000000002,0.00019999999999999985,0.00015000000000000004
64,0.006545046872326308,0.00025011501103969983,0.0008984576021279549,0.004000000000000002,0.00019999999999999985,0.00015000000000000004
65,0.006534802198290043,0.00025011196151624045,0.0008949186591654661,0.004000000000000002,0.00019999999999999985,0.00015000000000000004
66,0.006523624637590606,0.0002500923416312367,0.0008909220022674534,0.004000000000000002,0.00019999999999999985,0.00015000000000000004
67,0.00651152233758541,0.00025005616109690683,0.0008864750712790317,0.004000000000000002,0.00019999999999999985,0.00015000000000000004
68,0.006498504094227037,0.0002500034378191857,0.0008815861032753588,0.004000000000000002,0.00019999999999999985,0.00015000000000000004
69,0.0064845793396076795,0.00024993419788152643,0.0008762641041517733,0.004000000000000002,0.00019999999999999985,0.00015000000000000004
70,0.006469758128657758,0.0002498484755213199,0.0008705188177631756,0.004000000000000002,0.00019999999999999985,0.00015000000000000004
71,0.006454051125029331,0.0002497463130989671,0.0008643606927741713,0.004000000000000002,0.00019999999999999985,0.00015000000000000004
72,0.00643746958619636,0.0002496277610596521,0.0008578008473920191,0.004000000000000002,0.00019999999999999985,0.00015000000000000004
73,0.00642002534780584,0.0002494928778878745,0.0008508510321637731,0.004000000000000002,0.00019999999999999985,0.00015000000000000004
74,0.006401730807315007,0.00024934173005481406,0.0008435235910270111,0.004000000000000002,0.00019999999999999985,0.00015000000000000004
75,0.006382598906951343,0.0002491743919586052,0.0008358314208102696,0.004000000000000002,0.00019999999999999985,0.00015000000000000004
76,0.006362643116033343,0.00024899094585761607,0.0008277879293846473,0.004000000000000002,0.00019999999999999985,0.00015000000000000004
77,0.006341877412691106,0.0002487914817968341,0.0008194069926720024,0.004000000000000002,0.00019999999999999985,0.00015000000000000004
78,0.006320316265026898,0.00024857609752746985,0.0008107029107177894,0.004000000000000002,0.00019999999999999985,0.00015000000000000004
79,0.006297974611756589,0.00024834489841990494,0.0008016903630377858,0.004000000000000002,0.00019999999999999985,0.00015000000000000004
80,0.0062748678423738555,0.0002480979973701109,0.000792384363447824,0.004000000000000002,0.00019999999999999985,0.00015000000000000004
81,0.006251011776879347,0.0002478355146996891,0.0007828002145842197,0.004000000000000002,0.00019999999999999985,0.00015000000000000004
82,0.006226422645117921,0.00024755757804967895,0.000772953462319812,0.004000000000000002,0.00019999999999999985,0.00015000000000000004
83,0.006201117065767021,0.00024726432226829194,0.0007628598502765821,0.004000000000000002,0.00019999999999999985,0.00015000000000000004
84,0.006175112025019843,0.00024695588929274733,0.0007525352746306531,0.004000000000000002,0.00019999999999999985,0.00015000000000000004
85,0.006148424855006923,0.0002466324280253796,0.0007419957393992353,0.004000000000000002,0.00019999999999999985,0.00015000000000000004
86,0.006121073211999701,0.0002462940942042066,0.0007312573123917734,0.004000000000000002,0.00019999999999999985,0.00015000000000000004
87,0.006093075054439733,0.0002459410502681502,0.0007203360819993259,0.004000000000000002,0.00019999999999999985,0.00015000000000000004
88,0.006064448620836678,0.0002455734652171048,0.0007092481149871079,0.004000000000000002,0.00019999999999999985,0.00015000000000000004
89,0.006035212407578074,0.00024519151446706353,0.0006980094154452404,0.004000000000000002,0.00019999999999999985,0.00015000000000000004
90,0.006005385146693332,0.00024479537970051096,0.0006866358850422217,0.004000000000000002,0.00019999999999999985,0.00015000000000000004
91,0.005974985783613768,0.00024438524871230147,0.0006751432847145057,0.004000000000000002,0.00019999999999999985,0.00015000000000000004
92,0.005944033454969847,0.00024396131525124327,0.0006635471979139562,0.004000000000000002,0.00019999999999999985,0.00015000000000000004
93,0.005912547466466056,0.0002435237788576147,0.0006518629955229949,0.004000000000000002,0.00019999999999999985,0.00015000000000000004
94,0.005880547270872808,0.00024307284469685073,0.0006401058025349873,0.004000000000000002,0.00019999999999999985,0.00015000000000000004
95,0.005848052446173892,0.00024260872338962192,0.000628290466584976,0.004000000000000002,0.00019999999999999985,0.00015000000000000004
96,0.0058150826739069425,0.00024213163083855688,0.000616431528403375,0.004000000000000002,0.00019999999999999985,0.00015000000000000004
97,0.005781657717733061,0.00024164178805184292,0.0006045431942527066,0.004000000000000002,0.00019999999999999985,0.00015000000000000004
98,0.00574779740227078,0.00024113942096394615,0.0005926393103950844,0.004000000000000002,0.00019999999999999985,0.00015000000000000004
99,0.005713521592227939,0.00024062476025370352,0.0005807333396259046,0.004000000000000002,0.00019999999999999985,0.00015000000000000004
100,0.00567885017186396,0.0002400980411600232,0.0005688383398972741,0.004000000000000002,0.00019999999999999985,0.00015000000000000004
101,0.005643803024813346,0.00023955950329545216,0.000556966945043073,0.004000000000000002,0.00019999999999999985,0.00015000000000000004
102,0.005608400014299964,0.00023900939045784755,0.0005451313476063499,0.004000000000000002,0.00019999999999999985,0.00015000000000000004
103,0.005572660963769931,0.00023844795044040837,0.0005333432837590049,0.004000000000000002,0.00019999999999999985,0.00015000000000000004
104,0.005536605637969553,0.00023787543484030848,0.0005216140202935158,0.004000000000000002,0.00019999999999999985,0.00015000000000000004
105,0.005500253724493013,0.00023729209886617962,0.0005099543436567951,0.004000000000000002,0.00019999999999999985,0.00015000000000000004
106,0.0054636248158230144,0.00023669820114469148,0.0004983745509872594,0.004000000000000002,0.00019999999999999985,0.00015000000000000004
107,0.005426738391885731,0.00023609400352646661,0.00048688444310780813,0.004000000000000002,0.00019999999999999985,0.00015000000000000004
108,0.005389613803140045,0.0002354797708915726,0.0004754933194196927,0.004000000000000002,0.00019999999999999985,0.00015000000000000004
109,0.005352270254219065,0.000234855770954833,0.00046420997463526544,0.004000000000000002,0.00019999999999999985,0.00015000000000000004
110,0.00531472678814045,0.00023422227407118742,0.0004530426972812737,0.004000000000000002,0.00019999999999999985,0.00015000000000000004
111,0.0052770022711003,0.00023357955304133298,0.00044199926989881613,0.004000000000000002,0.00019999999999999985,0.00015000000000000004
112,0.005239115377863671,0.00023292788291787395,0.00043108697086116936,0.004000000000000002,0.00019999999999999985,0.00015000000000000004
113,0.005201084577763207,0.00023226754081220855,0.00042031257772658933,0.004000000000000002,0.00019999999999999985,0.00015000000000000004
114,0.0051629281213156405,0.0002315988057023612,0.0004096823720397045,0.004000000000000002,0.00019999999999999985,0.00015000000000000004
115,0.005124664027464275,0.00023092195824198406,0.0003992021454923859,0.004000000000000002,0.00019999999999999985,0.00015000000000000004
116,0.005086310071454127,0.00023023728057072813,0.00038887720735287986,0.004000000000000002,0.00019999999999999985,0.00015000000000000004
117,0.005047883773344558,0.00022954505612619614,0.0003787123930705463,0.004000000000000002,0.00019999999999999985,0.00015000000000000004
118,0.0050094023871630035,0.00022884556945766398,0.0003687120739627269,0.004000000000000002,0.00019999999999999985,0.00015000000000000004
119,0.0049708828907016065,0.00022813910604177113,0.0003588801678900223,0.004000000000000002,0.00019999999999999985,0.00015000000000000004
120,0.00493234197595739,0.00022742595210036102,0.00034922015082658887,0.004000000000000002,0.00019999999999999985,0.00015000000000000004
121,0.0048937960402149205,0.00022670639442064764,0.0003397350692328858,0.004000000000000002,0.00019999999999999985,0.00015000000000000004
122,0.0048552611777693,0.00022598072017788646,0.0003304275531396478,0.004000000000000002,0.00019999999999999985,0.00015000000000000004
123,0.004816753172285788,0.00022524921676071095,0.00032129982985359544,0.004000000000000002,0.00019999999999999985,0.00015000000000000004
124,0.004778287489791281,0.00022451217159928915,0.0003123537381975875,0.004000000000000002,0.00019999999999999985,0.00015000000000000004
125,0.004739879272291531,0.0002237698719964605,0.0003035907432004336,0.004000000000000002,0.00019999999999999985,0.00015000000000000004
126,0.004701543332006902,0.00022302260496198862,0.00029501195115445595,0.004000000000000002,0.00019999999999999985,0.00015000000000000004
127,0.004663294146218383,0.00022227065705006675,0.00028661812496201934,0.004000000000000002,0.00019999999999999985,0.00015000000000000004
128,0.004625145852714469,0.00022151431420021,0.0002784096996956353,0.004000000000000002,0.00019999999999999985,0.00015000000000000004
129,0.004587112245828665,0.00022075386158164974,0.00027038679829984475,0.004000000000000002,0.00019999999999999985,0.00015000000000000004
130,0.004549206773056321,0.00021998958344134601,0.000262549247366836,0.004000000000000002,0.00019999999999999985,0.00015000000000000004
131,0.004511442532238766,0.0002192217629557241,0.0002548965929216492,0.004000000000000002,0.00019999999999999985,0.00015000000000000004
132,0.0044738322693018895,0.0002184506820862309,0.0002474281161568194,0.004000000000000002,0.00019999999999999985,0.00015000000000000004
133,0.004436388376535564,0.00021767662143880616,0.00024014284906034947,0.004000000000000002,0.00019999999999999985,0.00015000000000000004
134,0.004399122891399648,0.00021689986012734576,0.00023303958988501935,0.004000000000000002,0.00019999999999999985,0.00015000000000000004
135,0.004362047495841777,0.0002161206756412368,0.0002261169184111226,0.004000000000000002,0.00019999999999999985,0.00015000000000000004
136,0.004325173516111464,0.00021533934371702792,0.00021937321095880235,0.004000000000000002,0.00019999999999999985,0.00015000000000000004
137,0.004288511923054739,0.00021455613821429797,0.0002128066551101996,0.004000000000000002,0.00019999999999999985,0.00015000000000000004
138,0.00425207333287292,0.00021377133099577451,0.00020641526410558288,0.004000000000000002,0.00019999999999999985,0.00015000000000000004
139,0.004215868008328963,0.00021298519181174724,0.00020019689088152245,0.004000000000000002,0.00019999999999999985,0.00015000000000000004
140,0.004179905860384322,0.00021219798818881082,0.00019414924172293487,0.004000000000000002,0.00019999999999999985,0.00015000000000000004
141,0.004144196450249198,0.00021140998532297615,0.00018826988950447937,0.004000000000000002,0.00019999999999999985,0.00015000000000000004
142,0.004108748991828643,0.0002106214459771626,0.00018255628650031602,0.004000000000000002,0.00019999999999999985,0.00015000000000000004
143,0.0040735723545470654,0.000209832630383097,0.00017700577674459742,0.004000000000000002,0.00019999999999999985,0.00015000000000000004
144,0.00403867506653336,0.00020904379614762413,0.00017161560792828607,0.004000000000000002,0.00019999999999999985,0.00015000000000000004
145,0.004004065318149038,0.00020825519816343533,0.00016638294282095235,0.004000000000000002,0.00019999999999999985,0.00015000000000000004
146,0.00396975096584159,0.00020746708852420652,0.00016130487020907705,0.004000000000000002,0.00019999999999999985,0.00015000000000000004
147,0.003935739536305359,0.00020667971644414414,0.00015637841534510674,0.004000000000000002,0.00019999999999999985,0.00015000000000000004
148,0.003902038230932444,0.00020589332818191734,0.0001516005499040354,0.004000000000000002,0.00019999999999999985,0.00015000000000000004
149,0.0038686539305360203,0.00020510816696895428,0.00014696820144665117,0.004000000000000002,0.00019999999999999985,0.00015000000000000004
150,0.003835593200328858,0.00020432447294208377,0.0001424782623907573,0.004000000000000002,0.00019999999999999985,0.00015000000000000004
151,0.003802862295139876,0.00020354248308047658,0.00013812759849368567,0.004000000000000002,0.00019999999999999985,0.00015000000000000004
152,0.0037704671648518422,0.00020276243114686237,0.00013391305685125237,0.004000000000000002,0.00019999999999999985,0.00015000000000000004
153,0.0037384134600435726,0.0002019845476329663,0.00012983147341995508,0.004000000000000002,0.00019999999999999985,0.00015000000000000004
154,0.0037067065378203353,0.0002012090597091276,0.00012587968007072098,0.004000000000000002,0.00019999999999999985,0.00015000000000000004
155,0.0036753514678163454,0.00020043619117804244,0.0001220545111838294,0.004000000000000002,0.00019999999999999985,0.00015000000000000004
156,0.0036443530383537216,0.0001996661624325719,0.00011835280979582558,0.004000000000000002,0.00019999999999999985,0.00015000000000000004
157,0.003613715762742572,0.00019889919041756143,0.00011477143331026297,0.004000000000000002,0.00019999999999999985,0.00015000000000000004
158,0.003583443885707209,0.0001981354885955983,0.00011130725878500079,0.004000000000000002,0.00019999999999999985,0.00015000000000000004
159,0.0035535413899239737,0.00019737526691664223,0.00010795718780953334,0.004000000000000002,0.00019999999999999985,0.00015000000000000004
160,0.0035240120026565685,0.0001966187317914577,0.00010471815098645864,0.004000000000000002,0.00019999999999999985,0.00015000000000000004
161,0.003494859202475098,0.00019586608606876661,0.00010158711203168559,0.004000000000000002,0.00019999999999999985,0.00015000000000000004
162,0.0034660862260456568,0.00019511752901605044,9.856107150838283e-5,0.004000000000000002,0.00019999999999999985,0.00015000000000000004
163,0.0034376960749775603,0.0001943732563039107,9.563707020995065e-5,0.004000000000000002,0.00019999999999999985,0.00015000000000000004
164,0.0034096915227159238,0.0001936334599939107,9.28121922074883e-5,0.004000000000000002,0.00019999999999999985,0.00015000000000000004
165,0.0033820751214676545,0.00019289832852980752,9.008356757733211e-5,0.004000000000000002,0.00019999999999999985,0.00015000000000000004
166,0.003354849209149479,0.00019216804673208543,8.744837482425133e-5,0.004000000000000002,0.00019999999999999985,0.00015000000000000004
167,0.003328015916347019,0.00019144279579570112,8.490384301583326e-5,0.004000000000000002,0.00019999999999999985,0.00015000000000000004
168,0.0033015771732744703,0.00019072275329094527,8.244725364346716e-5,0.004000000000000002,0.00019999999999999985,0.00015000000000000004
169,0.0032755347167248944,0.00019000809316732775,8.007594222514229e-5,0.004000000000000002,0.00019999999999999985,0.00015000000000000004
170,0.0032498900970015787,0.00018929898576038704,7.778729966504177e-5,0.004000000000000002,0.00019999999999999985,0.00015000000000000004
171,0.0032246446848214426,0.0001885955978013317,7.557877338461919e-5,0.004000000000000002,0.00019999999999999985,0.00015000000000000004
172,0.003199799678181919,0.00018789809242941038,7.344786823951749e-5,0.004000000000000002,0.00019999999999999985,0.00015000000000000004
173,0.0031753561091831637,0.00018720662920691247,7.139214723631771e-5,0.004000000000000002,0.00019999999999999985,0.00015000000000000004
174,0.0031513148507979843,0.00018652136413670068,6.940923206271195e-5,0.004000000000000002,0.00019999999999999985,0.00015000000000000004
175,0.003127676623582242,0.00018584244968217472,6.749680344426238e-5,0.004000000000000002,0.00019999999999999985,0.00015000000000000004
176,0.003104442002319031,0.00018517003478956366,6.565260134047077e-5,0.004000000000000002,0.00019999999999999985,0.00015000000000000004
177,0.0030816114225902286,0.00018450426491244609,6.387442499241026e-5,0.004000000000000002,0.00019999999999999985,0.00015000000000000004
178,0.0030591851872696246,0.00018384528203839893,6.216013283370264e-5,0.004000000000000002,0.00019999999999999985,0.00015000000000000004
179,0.003037163472932055,0.00018319322471767321,6.05076422761359e-5,0.004000000000000002,0.00019999999999999985,0.00015000000000000004
180,0.0030155463361735604,0.00018254822809379205,5.891492938072435e-5,0.004000000000000002,0.00019999999999999985,0.00015000000000000004
181,0.002994333719837807,0.00018191042393598001,5.738002842452274e-5,0.004000000000000002,0.00019999999999999985,0.00015000000000000004
182,0.0029735254591445525,0.00018127994067331096,5.590103137300959e-5,0.004000000000000002,0.00019999999999999985,0.00015000000000000004
183,0.0029531212877162063,0.0001806569034304881,5.447608726736687e-5,0.004000000000000002,0.00019999999999999985,0.00015000000000000004
184,0.002933120843498902,0.0001800414340651492,5.310340153549374e-5,0.004000000000000002,0.00019999999999999985,0.00015000000000000004
185,0.002913523674574917,0.00017943365120660223,5.178123523511686e-5,0.004000000000000002,0.00019999999999999985,0.00015000000000000004
186,0.002894329244863524,0.00017883367029589674,5.0507904236886095e-5,0.004000000000000002,0.00019999999999999985,0.00015000000000000004
187,0.00287553693970773,0.00017824160362713275,4.9281778354886875e-5,0.004000000000000002,0.00019999999999999985,0.00015000000000000004
188,0.0028571460713446403,0.00017765756038991347,4.81012804315516e-5,0.004000000000000002,0.00019999999999999985,0.00015000000000000004
189,0.002839155884257505,0.00017708164671285045,4.6964885383516e-5,0.004000000000000002,0.00019999999999999985,0.00015000000000000004
190,0.002821565560407763,0.00017651396570802803,4.587111921454548e-5,0.004000000000000002,0.00019999999999999985,0.00015000000000000004
191,0.0028043742243456567,0.0001759546175163381,4.481855800124847e-5,0.004000000000000002,0.00019999999999999985,0.00015000000000000004
192,0.0027875809481983007,0.0001754036993535938,4.380582685690032e-5,0.004000000000000002,0.00019999999999999985,0.00015000000000000004
193,0.0027711847565342427,0.00017486130555733877,4.283159887832682e-5,0.004000000000000002,0.00019999999999999985,0.00015000000000000004
194,0.0027551846311038622,0.00017432752763426305,4.189459408043214e-5,0.004000000000000002,0.00019999999999999985,0.00015000000000000004
195,0.002739579515455098,0.00017380245430814444,4.099357832261219e-5,0.004000000000000002,0.00019999999999999985,0.00015000000000000004
196,0.0027243683194242644,0.00017328617156823041,4.012736223096587e-5,0.004000000000000002,0.00019999999999999985,0.00015000000000000004
197,0.0027095499235018318,0.0001727787627179815,3.929480011990145e-5,0.004000000000000002,0.00019999999999999985,0.00015000000000000004
198,0.002695123183073296,0.00017228030842409822,3.84947889164409e-5,0.004000000000000002,0.00019999999999999985,0.00015000000000000004
199,0.00268108693253534,0.00017179088676575353,3.7726267090241665e-5,0.004000000000000002,0.00019999999999999985,0.00015000000000000004
200,0.0026674399892877335,0.00017131057328395472,3.6988213592090174e-5,0.004000000000000002,0.00019999999999999985,0.00015000000000000004
201,0.0026541811576014734,0.0001708394410309641,3.6279646803371756e-5,0.004000000000000002,0.00019999999999999985,0.00015000000000000004
202,0.002641309232363859,0.00017037756061970524,3.559962349878602e-5,0.004000000000000002,0.00019999999999999985,0.00015000000000000004
203,0.002628823002701246,0.00016992500027308675,3.4947237824354275e-5,0.004000000000000002,0.00019999999999999985,0.00015000000000000004
204,0.002616721255480398,0.00016948182587317193,3.432162029256245e-5,0.004000000000000002,0.00019999999999999985,0.00015000000000000004
205,0.0026050027786893885,0.00016904810101013741,3.372193679628612e-5,0.004000000000000002,0.00019999999999999985,0.00015000000000000004
206,0.0025936663646991404,0.00016862388703094548,3.314738764296729e-5,0.004000000000000002,0.00019999999999999985,0.00015000000000000004
207,0.0025827108134067003,0.00016820924308767862,3.259720661034475e-5,0.004000000000000002,0.00019999999999999985,0.00015000000000000004
208,0.0025721349352614636,0.00016780422618546868,3.207066002488486e-5,0.004000000000000002,0.00019999999999999985,0.00015000000000000004
209,0.0025619375541756184,0.0001674088912299683,3.1567045863917656e-5,0.004000000000000002,0.00019999999999999985,0.00015000000000000004
210,0.0025521175103200653,0.00016702329107430526,3.108569288234994e-5,0.004000000000000002,0.00019999999999999985,0.00015000000000000004
211,0.0025426736628071643,0.00016664747656546398,3.062595976470825e-5,0.004000000000000002,0.00019999999999999985,0.00015000000000000004
212,0.0025336048922616635,0.00016628149659004667,3.0187234303151494e-5,0.004000000000000002,0.00019999999999999985,0.00015000000000000004
213,0.002524910103281191,0.0001659253981193581,2.9768932601993756e-5,0.004000000000000002,0.00019999999999999985,0.00015000000000000004
214,0.002516588226787676,0.00016557922625377075,2.937049830918521e-5,0.004000000000000002,0.00019999999999999985,0.00015000000000000004
215,0.002508638222271119,0.0001652430242663159,2.8991401875115906e-5,0.004000000000000002,0.00019999999999999985,0.00015000000000000004
216,0.0025010590799270822,0.0001649168336454637,2.8631139839032156e-5,0.004000000000000002,0.00019999999999999985,0.00015000000000000004
217,0.0024938498226892663,0.00016460069413704235,2.8289234143289006e-5,0.004000000000000002,0.00019999999999999985,0.00015000000000000004
218,0.0024870095081585756,0.00016429464378525687,2.7965231475600414e-5,0.004000000000000002,0.00019999999999999985,0.00015000000000000004
219,0.0024805372304299625,0.00016399871897277026,2.7658702639398564e-5,0.004000000000000002,0.00019999999999999985,0.00015000000000000004
220,0.002474432121818392,0.000163712954459801,2.736924195236394e-5,0.004000000000000002,0.00019999999999999985,0.00015000000000000004
221,0.002468693354485204,0.00016343738342220992,2.7096466673150247e-5,0.004000000000000002,0.00019999999999999985,0.00015000000000000004
222,0.0024633201419660858,0.00016317203748853179,2.6840016456290703e-5,0.004000000000000002,0.00019999999999999985,0.00015000000000000004
223,0.002458311740601881,0.00016291694677592546,2.659955283524431e-5,0.004000000000000002,0.00019999999999999985,0.00015000000000000004
224,0.0024536674508733643,0.00016267213992500742,2.6374758733515322e-5,0.004000000000000002,0.00019999999999999985,0.00015000000000000004
225,0.0024493866186410785,0.00016243764413353528,2.6165338003757457e-5,0.004000000000000002,0.00019999999999999985,0.00015000000000000004
226,0.002445468636291261,0.00016221348518891915,2.5971014994761274e-5,0.004000000000000002,0.00019999999999999985,0.00015000000000000004
227,0.002441912943788861,0.00016199968749952648,2.5791534146206996e-5,0.004000000000000002,0.00019999999999999985,0.00015000000000000004
228,0.0024387190296385436,0.00016179627412475823,2.562665961105951e-5,0.004000000000000002,0.00019999999999999985,0.00015000000000000004
229,0.0024358864317545292,0.00016160326680387093,2.5476174905475165e-5,0.004000000000000002,0.00019999999999999985,0.00015000000000000004
230,0.002433414738240046,0.0001614206859835202,2.533988258608768e-5,0.004000000000000002,0.00019999999999999985,0.00015000000000000004
231,0.0024313035880771197,0.00016124855084400302,2.5217603954540905e-5,0.004000000000000002,0.00019999999999999985,0.00015000000000000004
232,0.0024295526717273003,0.0001610868793241829,2.5109178789138845e-5,0.004000000000000002,0.00019999999999999985,0.00015000000000000004
233,0.002428161731643906,0.0001609356881450717,2.5014465103488124e-5,0.004000000000000002,0.00019999999999999985,0.00015000000000000004
234,0.0024271305626962733,0.00016079499283205403,2.4933338932014826e-5,0.004000000000000002,0.00019999999999999985,0.00015000000000000004
235,0.0024264590125063572,0.0001606648077357381,2.4865694142246686e-5,0.004000000000000002,0.00019999999999999985,0.00015000000000000004
236,0.0024261469816980836,0.00016054514605141378,2.4811442273761146e-5,0.004000000000000002,0.00019999999999999985,0.00015000000000000004
237,0.002426194424059603,0.0001604360198371062,2.4770512403712154e-5,0.004000000000000002,0.00019999999999999985,0.00015000000000000004
238,0.002426601346618678,0.00016033744003021252,2.474285103886018e-5,0.004000000000000002,0.00019999999999999985,0.00015000000000000004
239,0.0024273678096312134,0.00016024941646270357,2.4728422034044516e-5,0.004000000000000002,0.00019999999999999985,0.00015000000000000004
240,0.0024284939264829605,0.00016017195787488867,2.472720653705038e-5,0.004000000000000002,0.00019999999999999985,0.00015000000000000004
241,0.002429979863504287,0.0001601050719277268,2.4739202959839207e-5,0.004000000000000002,0.00019999999999999985,0.00015000000000000004
242,0.002431825839697823,0.0001600487652136751,2.4764426976124733e-5,0.004000000000000002,0.00019999999999999985,0.00015000000000000004
243,0.002434032126378756,0.00016000304326607356,2.4802911545293336e-5,0.004000000000000002,0.00019999999999999985,0.00015000000000000004
244,0.0024365990467274004,0.00015996791056705205,2.4854706962683683e-5,0.004000000000000002,0.00019999999999999985,0.00015000000000000004
245,0.002439526975253644,0.00015994337055395713,2.4919880936253716e-5,0.004000000000000002,0.00019999999999999985,0.00015000000000000004
246,0.0024428163371727667,0.00015992942562429485,2.49985186896801e-5,0.004000000000000002,0.00019999999999999985,0.00015000000000000004
247,0.002446467607692058,0.00015992607713918584,2.5090723091949214e-5,0.004000000000000002,0.00019999999999999985,0.00015000000000000004
248,0.0024504813112075667,0.00015993332542532863,2.5196614813511246e-5,0.004000000000000002,0.00019999999999999985,0.00015000000000000004
249,0.002454858020410285,0.00015995116977546978,2.531633250908366e-5,0.004000000000000002,0.00019999999999999985,0.00015000000000000004
250,0.0024595983553009288,0.00015997960844738555,2.5450033027200988e-5,0.004000000000000002,0.00019999999999999985,0.00015000000000000004
251,0.0024647029821125107,0.0001600186386613676,2.5597891646617833e-5,0.004000000000000002,0.00019999999999999985,0.00015000000000000004
252,0.002470172612139699,0.0001600682565962217,2.5760102339682353e-5,0.004000000000000002,0.00019999999999999985,0.00015000000000000004
253,0.00247600800047403,0.00016012845738377684,2.5936878062803487e-5,0.004000000000000002,0.00019999999999999985,0.00015000000000000004
254,0.002482209944643904,0.00016019923510191458,2.612845107414083e-5,0.004000000000000002,0.00019999999999999985,0.00015000000000000004
255,0.002488779283158231,0.00016028058276611626,2.6335073278649422e-5,0.004000000000000002,0.00019999999999999985,0.00015000000000000004
256,0.002495716893952609,0.0001603724923195393,2.655701660061197e-5,0.004000000000000002,0.00019999999999999985,0.00015000000000000004
257,0.002503023692736793,0.00016047495462162973,2.6794573383789113e-5,0.004000000000000002,0.00019999999999999985,0.00015000000000000004
258,0.002510700631242227,0.00016058795943527378,2.704805681931383e-5,0.004000000000000002,0.00019999999999999985,0.00015000000000000004
259,0.0025187486953683466,0.00016071149541250482,2.7317801401447275e-5,0.004000000000000002,0.00019999999999999985,0.00015000000000000004
260,0.00252716890322632,0.00016084555007877147,2.7604163411302575e-5,0.004000000000000002,0.00019999999999999985,0.00015000000000000004
261,0.0025359623030789193,0.00016099010981577677,2.790752142862639e-5,0.004000000000000002,0.00019999999999999985,0.00015000000000000004
262,0.0025451299711750975,0.00016114515984290824,2.8228276871710076e-5,0.004000000000000002,0.00019999999999999985,0.00015000000000000004
263,0.0025546730094779496,0.0001613106841972636,2.8566854565476692e-5,0.004000000000000002,0.00019999999999999985,0.00015000000000000004
264,0.002564592543284631,0.00016148666571229358,2.8923703337762764e-5,0.004000000000000002,0.00019999999999999985,0.00015000000000000004
265,0.0025748897187368508,0.00016167308599507625,2.9299296643778377e-5,0.004000000000000002,0.00019999999999999985,0.00015000000000000004
266,0.0025855657002205627,0.0001618699254022368,2.9694133218690583e-5,0.004000000000000002,0.00019999999999999985,0.00015000000000000004
267,0.0025966216676534715,0.0001620771630145377,3.0108737758229345e-5,0.004000000000000002,0.00019999999999999985,0.00015000000000000004
268,0.0026080588136590077,0.00016229477661015404,3.05436616271632e-5,0.004000000000000002,0.00019999999999999985,0.00015000000000000004
269,0.0026198783406254644,0.00016252274263665566,3.0999483595433635e-5,0.004000000000000002,0.00019999999999999985,0.00015000000000000004
270,0.0026320814576489735,0.00016276103618172275,3.147681060167088e-5,0.004000000000000002,0.00019999999999999985,0.00015000000000000004
271,0.0026446693773591397,0.00016300963094261338,3.197627854374154e-5,0.004000000000000002,0.00019999999999999985,0.00015000000000000004
272,0.0026576433126261033,0.00016326849919441207,3.249855309589427e-5,0.004000000000000002,0.00019999999999999985,0.00015000000000000004
273,0.0026710044731479304,0.00016353761175708355,3.304433055198328e-5,0.004000000000000002,0.00019999999999999985,0.00015000000000000004
274,0.0026847540619173295,0.000163816937961362,3.3614338694146426e-5,0.004000000000000002,0.00019999999999999985,0.00015000000000000004
275,0.0026988932715666714,0.00016410644561350396,3.420933768620809e-5,0.004000000000000002,0.00019999999999999985,0.00015000000000000004
276,0.0027134232805905117,0.0001644061009589358,3.483012099095728e-5,0.004000000000000002,0.00019999999999999985,0.00015000000000000004
277,0.0027283452494448347,0.0001647158686448294,3.5477516310321644e-5,0.004000000000000002,0.00019999999999999985,0.00015000000000000004
278,0.002743660316522415,0.00016503571168164047,3.615238654731679e-5,0.004000000000000002,0.00019999999999999985,0.00015000000000000004
279,0.0027593695940037544,0.00016536559140364318,3.685563078849976e-5,0.004000000000000002,0.00019999999999999985,0.00015000000000000004
280,0.0027754741635832667,0.0001657054674285006,3.758818530548804e-5,0.004000000000000002,0.00019999999999999985,0.00015000000000000004
281,0.002791975072070494,0.00016605529761590834,3.835102457393067e-5,0.004000000000000002,0.00019999999999999985,0.00015000000000000004
282,0.0028088733268663056,0.00016641503802535587,3.9145162308126505e-5,0.004000000000000002,0.00019999999999999985,0.00015000000000000004
283,0.002826169891314219,0.00016678464287304,3.997165250928005e-5,0.004000000000000002,0.00019999999999999985,0.00015000000000000004
284,0.002843865679927183,0.00016716406448798624,4.0831590525169145e-5,0.004000000000000002,0.00019999999999999985,0.00015000000000000004
285,0.002861961553490331,0.00016755325326741138,4.1726114118762725e-5,0.004000000000000002,0.00019999999999999985,0.00015000000000000004
286,0.002880458314040472,0.00016795215763138442,4.2656404543083913e-5,0.004000000000000002,0.00019999999999999985,0.00015000000000000004
287,0.002899356699723303,0.00016836072397683263,4.362368761934561e-5,0.004000000000000002,0.00019999999999999985,0.00015000000000000004
288,0.0029186573795295287,0.00016877889663094057,4.462923481511216e-5,0.004000000000000002,0.00019999999999999985,0.00015000000000000004
289,0.0029383609479114313,0.0001692066178040006,4.567436431894353e-5,0.004000000000000002,0.00019999999999999985,0.00015000000000000004
290,0.002958467919281562,0.0001696438275417661,4.6760442107668454e-5,0.004000000000000002,0.00019999999999999985,0.00015000000000000004
291,0.0029789787223956695,0.00017009046367736608,4.788888300211009e-5,0.004000000000000002,0.00019999999999999985,0.00015000000000000004
292,0.00299989369462213,0.0001705464617828401,4.906115170673842e-5,0.004000000000000002,0.00019999999999999985,0.00015000000000000004
293,0.0030212130761005486,0.00017101175512035082,5.027876382837482e-5,0.004000000000000002,0.00019999999999999985,0.00015000000000000004
294,0.003042937003792531,0.00017148627459314373,5.1543286868690665e-5,0.004000000000000002,0.00019999999999999985,0.00015000000000000004
295,0.0030650655054278446,0.00017196994869631032,5.285634118485844e-5,0.004000000000000002,0.00019999999999999985,0.00015000000000000004
296,0.0030875984933497265,0.0001724627034674266,5.421960091230732e-5,0.004000000000000002,0.00019999999999999985,0.00015000000000000004
297,0.003110535758263254,0.00017296446243713452,5.5634794843112745e-5,0.004000000000000002,0.00019999999999999985,0.00015000000000000004
298,0.0031338769628912614,0.00017347514657973324,5.7103707253122595e-5,0.004000000000000002,0.00019999999999999985,0.00015000000000000004
299,0.0031576216355425064,0.00017399467426385624,5.8628178670470395e-5,0.004000000000000002,0.00019999999999999985,0.00015000000000000004
300,0.0031817691635973038,0.00017452296120330657,6.0210106577670674e-5,0.004000000000000002,0.00019999999999999985,0.00015000000000000004
301,0.0032063187869162076,0.0001750599204081252,6.185144603902451e-5,0.004000000000000002,0.00019999999999999985,0.00015000000000000004
302,0.0032312695911777198,0.00017560546213596972,6.355421024458333e-5,0.004000000000000002,0.00019999999999999985,0.00015000000000000004
303,0.0032566205011515044,0.00017615949384388783,6.532047096143514e-5,0.004000000000000002,0.00019999999999999985,0.00015000000000000004
304,0.003282370273913937,0.00017672192014055716,6.715235888258825e-5,0.004000000000000002,0.00019999999999999985,0.00015000000000000004
305,0.0033085174920133467,0.00017729264273908413,6.905206386323241e-5,0.004000000000000002,0.00019999999999999985,0.00015000000000000004
306,0.003335060556592686,0.00017787156041044084,7.102183503366526e-5,0.004000000000000002,0.00019999999999999985,0.00015000000000000004
307,0.0033619976804778926,0.00017845856893762717,7.306398077767824e-5,0.004000000000000002,0.00019999999999999985,0.00015000000000000004
308,0.0033893268812406237,0.00017905356107064533,7.518086856471124e-5,0.004000000000000002,0.00019999999999999985,0.00015000000000000004
309,0.003417045974244568,0.00017965642648237992,7.737492462360668e-5,0.004000000000000002,0.00019999999999999985,0.00015000000000000004
310,0.0034451525656849034,0.000180267051725467,7.96486334453249e-5,0.004000000000000002,0.00019999999999999985,0.00015000000000000004
311,0.0034736440456311266,0.0001808853201902534,8.200453710153955e-5,0.004000000000000002,0.00019999999999999985,0.00015000000000000004
312,0.00350251758108375,0.00018151111206393032,8.444523436559443e-5,0.004000000000000002,0.00019999999999999985,0.00015000000000000004
313,0.0035317701090559965,0.00018214430429094462,8.697337962190633e-5,0.004000000000000002,0.00019999999999999985,0.00015000000000000004
314,0.0035613983296920266,0.00018278477053477627,8.959168154951849e-5,0.004000000000000002,0.00019999999999999985,0.00015000000000000004
315,0.0035913986994336937,0.00018343238114118415,9.230290156517587e-5,0.004000000000000002,0.00019999999999999985,0.00015000000000000004
316,0.003621767424248318,0.0001840870031030151,9.510985201099179e-5,0.004000000000000002,0.00019999999999999985,0.00015000000000000004
317,0.003652500452930431,0.00018474850002667644,9.801539407152859e-5,0.004000000000000002,0.00019999999999999985,0.00015000000000000004
318,0.003683593470490839,0.00018541673210037006,0.00010102243540491371,0.004000000000000002,0.00019999999999999985,0.00015000000000000004
319,0.0037150418916468727,0.00018609155606418842,0.00010413392747248195,0.004000000000000002,0.00019999999999999985,0.00015000000000000004
320,0.003746840854428008,0.00018677282518217469,0.00010735286255135223,0.004000000000000002,0.00019999999999999985,0.00015000000000000004
321,0.003778985213911597,0.00018746038921644453,0.0001106822704143672,0.004000000000000002,0.00019999999999999985,0.00015000000000000004
322,0.0038114695361036923,0.00018815409440347514,0.00011412521466188722,0.004000000000000002,0.00019999999999999985,0.00015000000000000004
323,0.0038442880919804263,0.0001888537834326558,0.00011768478869012142,0.004000000000000002,0.00019999999999999985,0.00015000000000000004
324,0.0038774348517057427,0.0001895592954272107,0.00012136411128093382,0.004000000000000002,0.00019999999999999985,0.00015000000000000004
325,0.003910903479041548,0.0001902704659275832,0.0001251663217984384,0.004000000000000002,0.00019999999999999985,0.00015000000000000004
326,0.003944687325966778,0.0001909871268773938,0.0001290945749781789,0.004000000000000002,0.00019999999999999985,0.00015000000000000004
327,0.003978779427522013,0.0001917091066120612,0.00013315203529529548,0.004000000000000002,0.00019999999999999985,0.00015000000000000004
328,0.004013172496896657,0.00019243622985019417,0.0001373418708987933,0.004000000000000002,0.00019999999999999985,0.00015000000000000004
329,0.004047858920775832,0.00019316831768784388,0.0001416672470999132,0.004000000000000002,0.00019999999999999985,0.00015000000000000004
330,0.0040828307549643245,0.00019390518759572196,0.000146131319403581,0.004000000000000002,0.00019999999999999985,0.00015000000000000004
331,0.0041180797203051655,0.00019464665341947554,0.0001507372260730824,0.004000000000000002,0.00019999999999999985,0.00015000000000000004
332,0.004153597198910411,0.00019539252538311184,0.00015548808021940473,0.004000000000000002,0.00019999999999999985,0.00015000000000000004
333,0.004189374230721807,0.0001961426100956704,0.00016038696140814777,0.004000000000000002,0.00019999999999999985,0.00015000000000000004
334,0.004225401510419149,0.00019689671056122765,0.0001654369067785473,0.004000000000000002,0.00019999999999999985,0.00015000000000000004
335,0.004261669384693938,0.0001976546261923271,0.00017064090167093473,0.004000000000000002,0.00019999999999999985,0.00015000000000000004
336,0.00429816784990606,0.0001984161528269175,0.00017600186976094606,0.004000000000000002,0.00019999999999999985,0.00015000000000000004
337,0.004334886550140975,0.00019918108274888578,0.00018152266270092773,0.004000000000000002,0.00019999999999999985,0.00015000000000000004
338,0.0043718147756848244,0.00019994920471226403,0.00018720604927131216,0.004000000000000002,0.00019999999999999985,0.00015000000000000004
339,0.004408941461934603,0.00020072030396918746,0.0001930547040472491,0.004000000000000002,0.00019999999999999985,0.00015000000000000004
340,0.004446255188760268,0.0002014941623016803,0.00019907119558843663,0.004000000000000002,0.00019999999999999985,0.00015000000000000004
341,0.004483744180335406,0.00020227055805734147,0.0002052579741629725,0.004000000000000002,0.00019999999999999985,0.00015000000000000004
342,0.004521396305452589,0.00020304926618899312,0.00021161735901905064,0.004000000000000002,0.00019999999999999985,0.00015000000000000004
343,0.004559199078339217,0.00020383005829836018,0.00021815152522151952,0.004000000000000002,0.00019999999999999985,0.00015000000000000004
344,0.0045971396599890834,0.0002046127026838419,0.00022486249007367914,0.004000000000000002,0.00019999999999999985,0.00015000000000000004
345,0.0046352048600243525,0.00020539696439242458,0.0002317520991481604,0.004000000000000002,0.00019999999999999985,0.00015000000000000004
346,0.004673381139102052,0.0002061826052757925,0.00023882201195438195,0.004000000000000002,0.00019999999999999985,0.00015000000000000004
347,0.0047116546118784455,0.00020696938405068146,0.0002460736872738293,0.004000000000000002,0.00019999999999999985,0.00015000000000000004
348,0.004750011050543995,0.00020775705636351312,0.00025350836819824923,0.004000000000000002,0.00019999999999999985,0.00015000000000000004
349,0.004788435888940694,0.00020854537485935162,0.00026112706690982815,0.004000000000000002,0.00019999999999999985,0.00015000000000000004
350,0.004826914227272831,0.00020933408925520797,0.0002689305492464205,0.004000000000000002,0.00019999999999999985,0.00015000000000000004
351,0.004865430837421186,0.0002101229464177217,0.00027691931909899043,0.004000000000000002,0.00019999999999999985,0.00015000000000000004
352,0.0049039701688697954,0.00021091169044523597,0.0002850936026925121,0.004000000000000002,0.00019999999999999985,0.00015000000000000004
353,0.0049425163552532314,0.0002117000627542791,0.0002934533328056687,0.004000000000000002,0.00019999999999999985,0.00015000000000000004
354,0.004981053221531381,0.00021248780217046525,0.0003019981329887763,0.004000000000000002,0.00019999999999999985,0.00015000000000000004
355,0.005019564291797434,0.00021327464502380466,0.00031072730184333137,0.004000000000000002,0.00019999999999999985,0.00015000000000000004
356,0.005058032797723624,0.00021406032524843107,0.00031963979743053727,0.004000000000000002,0.00019999999999999985,0.00015000000000000004
357,0.00509644168764799,0.00021484457448672187,0.00032873422187991354,0.004000000000000002,0.00019999999999999985,0.00015000000000000004
358,0.005134773636304027,0.00021562712219779895,0.0003380088062727356,0.004000000000000002,0.00019999999999999985,0.00015000000000000004
359,0.005173011055193878,0.000216407695770382,0.00034746139587848654,0.004000000000000002,0.00019999999999999985,0.00015000000000000004
360,0.005211136103604071,0.00021718602063996108,0.00035708943582566863,0.004000000000000002,0.00019999999999999985,0.00015000000000000004
361,0.0052491307002615435,0.00021796182041024833,0.0003668899572912536,0.004000000000000002,0.00019999999999999985,0.00015000000000000004
362,0.0052869765356260805,0.00021873481697886056,0.0003768595642956379,0.004000000000000002,0.00019999999999999985,0.00015000000000000004
363,0.005324655084813713,0.00021950473066717675,0.0003869944211921978,0.004000000000000002,0.00019999999999999985,0.00015000000000000004
364,0.005362147621144226,0.00022027128035431148,0.0003972902409424084,0.004000000000000002,0.00019999999999999985,0.00015000000000000004
